Park_ID,Indicator_ID,Indicator_Name,Dimension,Availability_Status,Definition,Unit,Current_Value,Data_Year,Evidence_ID,Missing_Reason,Required_Data,Responsible_Department,Evidence_Requirement
GD-001,A11,规模以上工业企业工业总产值,A,PARK_SURVEY_REQUIRED,园区规模以上工业企业工业总产值（亿元）,100 million CNY,,,,M01_NOT_COLLECTED,园区规模以上工业企业工业总产值（亿元）；单位=亿元,经济运行与统计部门,OFFICIAL_STATISTICS
GD-001,A12,规模以上工业企业工业总产值增长率,A,PARK_SURVEY_REQUIRED,当年规模以上工业企业工业总产值增长率（%）,CNY/person,,,,M01_NOT_COLLECTED,当年规模以上工业企业工业总产值增长率（%）；单位=%,经济运行与统计部门,OFFICIAL_STATISTICS
GD-001,A21,规模以上工业企业利润率,A,ENTERPRISE_REQUIRED,利润总额/营业收入×100%,%,,,,M01_NOT_COLLECTED,利润总额/营业收入×100%；单位=%,企业服务部门,AUDITED_ENTERPRISE_DATA
GD-001,A22,工业增加值增长率,A,PARK_SURVEY_REQUIRED,当年工业增加值增长率（%）,%,,,,M01_NOT_COLLECTED,当年工业增加值增长率（%）；单位=%,经济运行与统计部门,OFFICIAL_STATISTICS
GD-001,A23,人均产值,A,ENTERPRISE_REQUIRED,工业总产值÷从业人员数量（万元/人）,%,,,,M01_NOT_COLLECTED,工业总产值÷从业人员数量（万元/人）；单位=万元/人,企业服务部门,AUDITED_ENTERPRISE_DATA
GD-001,A31,亩均投资强度,A,PARK_SURVEY_REQUIRED,固定资产投资÷工业用地面积（万元/亩）,mu,,,,M01_NOT_COLLECTED,固定资产投资÷工业用地面积（万元/亩）；单位=万元/亩,经济运行与统计部门,OFFICIAL_STATISTICS
GD-001,A32,亩均产值,A,PARK_SURVEY_REQUIRED,工业总产值÷工业用地面积（万元/亩）,"10,000 CNY/mu",,,,M01_NOT_COLLECTED,工业总产值÷工业用地面积（万元/亩）；单位=万元/亩,经济运行与统计部门,OFFICIAL_STATISTICS
GD-001,A33,亩均税收,A,PARK_SURVEY_REQUIRED,税收收入÷工业用地面积（万元/亩）,%,,,,M01_NOT_COLLECTED,税收收入÷工业用地面积（万元/亩）；单位=万元/亩,经济运行与统计部门,OFFICIAL_STATISTICS
GD-001,A41,原料内供率,A,ENTERPRISE_REQUIRED,园区内企业原料互供比例,%,,,,M01_NOT_COLLECTED,园区内企业原料互供比例；单位=%,企业服务部门,AUDITED_ENTERPRISE_DATA
GD-001,B11,研发投入占主营业务收入的比重,B,ENTERPRISE_REQUIRED,园区规模以上工业企业研发经费支出占主营业务收入比例（%）,%,,,,M01_NOT_COLLECTED,园区规模以上工业企业研发经费支出占主营业务收入比例（%）；单位=%,科技创新部门,AUDITED_ENTERPRISE_DATA
GD-001,B12,优质企业数量,B,PARK_SURVEY_REQUIRED,"国家级制造业单项冠军企业、专精特新""小巨人""企业、高新技术企业等数量",count,,,,M01_NOT_COLLECTED,"国家级制造业单项冠军企业、专精特新""小巨人""企业、高新技术企业等数量；单位=个",企业服务部门,OFFICIAL_STATISTICS
GD-001,B13,上市公司所属企业数量,B,ENTERPRISE_REQUIRED,园区内上市公司及其控股企业数量,%,,,,M01_NOT_COLLECTED,园区内上市公司及其控股企业数量；单位=个,企业服务部门,AUDITED_ENTERPRISE_DATA
GD-001,B14,发明专利数,B,ENTERPRISE_REQUIRED,园区企业拥有的有效发明专利数量,count,,,,M01_NOT_COLLECTED,园区企业拥有的有效发明专利数量；单位=个,科技创新部门,AUDITED_ENTERPRISE_DATA
GD-001,B15,标准制定数,B,ENTERPRISE_REQUIRED,主导或参与制定国际、国家、行业及团体标准数量,count,,,,M01_NOT_COLLECTED,主导或参与制定国际、国家、行业及团体标准数量；单位=项,科技创新部门,AUDITED_ENTERPRISE_DATA
GD-001,B21,省级及以上研发机构数量,B,PARK_SURVEY_REQUIRED,国家级、省级重点实验室、工程研究中心、企业技术中心等创新平台数量,count,,,,M01_NOT_COLLECTED,国家级、省级重点实验室、工程研究中心、企业技术中心等创新平台数量；单位=个,科技创新部门,OFFICIAL_STATISTICS
GD-001,B22,产学研用融合平台,B,ENTERPRISE_REQUIRED,与高校、科研院所共建的平台数量,count,,,,M01_NOT_COLLECTED,与高校、科研院所共建的平台数量；单位=个,科技创新部门,AUDITED_ENTERPRISE_DATA
GD-001,B23,园区级以上中试基地,B,PARK_SURVEY_REQUIRED,已建成并投入运行的中试基地数量,count,,,,M01_NOT_COLLECTED,已建成并投入运行的中试基地数量；单位=是/否,科技创新部门,OFFICIAL_STATISTICS
GD-001,B31,产学研合作程度,B,DEFINITION_PENDING,园区企业开展产学研合作项目情况,DEFINITION_PENDING,,,,M06_DEFINITION_UNCLEAR,园区企业开展产学研合作项目情况；单位=%,科技创新部门,OFFICIAL_STATISTICS
GD-001,B32,技术引进,B,DEFINITION_PENDING,企业引进先进技术、成果转化情况,DEFINITION_PENDING,,,,M06_DEFINITION_UNCLEAR,企业引进先进技术、成果转化情况；单位=%,科技创新部门,OFFICIAL_STATISTICS
GD-001,B41,科技成果转化率,B,ENTERPRISE_REQUIRED,科技成果产业化、转化实施情况,count,,,,M01_NOT_COLLECTED,科技成果产业化、转化实施情况；单位=%,科技创新部门,AUDITED_ENTERPRISE_DATA
GD-001,B42,产业精细化率,B,MISSING,精细化工及高端化工产品占比,count,,,,M01_NOT_COLLECTED,精细化工及高端化工产品占比；单位=%,企业服务部门,OFFICIAL_STATISTICS
GD-001,C11,危险化学品从业单位安全生产标准化建设,C,MISSING,园区危险化学品生产、经营、储存等企业安全生产标准化建设情况,—,,,,M01_NOT_COLLECTED,园区危险化学品生产、经营、储存等企业安全生产标准化建设情况；单位=%,应急与安全部门,OFFICIAL_STATISTICS
GD-001,C12,安全风险等级,C,MISSING,园区整体安全风险等级评估结果,—,,,,M01_NOT_COLLECTED,园区整体安全风险等级评估结果；单位=等级,应急与安全部门,OFFICIAL_STATISTICS
GD-001,C13,安全生产事故发生等级,C,MISSING,年度生产安全事故情况,—,,,,M01_NOT_COLLECTED,年度生产安全事故情况；单位=等级,应急与安全部门,OFFICIAL_STATISTICS
GD-001,C21,大气环境质量达标率,C,MONITORING_REQUIRED,园区环境空气质量达标情况,%,,,,M01_NOT_COLLECTED,园区环境空气质量达标情况；单位=%,生态环境部门,MONITORING_EXPORT
GD-001,C22,地表水环境质量达标率,C,MONITORING_REQUIRED,园区地表水断面达标情况,%,,,,M01_NOT_COLLECTED,园区地表水断面达标情况；单位=%,生态环境部门,MONITORING_EXPORT
GD-001,C23,地下水质量达标率,C,MONITORING_REQUIRED,地下水监测点位达标情况,%,,,,M01_NOT_COLLECTED,地下水监测点位达标情况；单位=%,生态环境部门,MONITORING_EXPORT
GD-001,C24,土壤质量达标率,C,MONITORING_REQUIRED,土壤环境质量监测达标情况,%,,,,M01_NOT_COLLECTED,土壤环境质量监测达标情况；单位=%,生态环境部门,MONITORING_EXPORT
GD-001,C31,单位工业总产值COD排放量,C,MONITORING_REQUIRED,单位工业总产值化学需氧量排放量,t/100m CNY,,,,M01_NOT_COLLECTED,COD排放量；同年度工业总产值；统计边界,生态环境部门,MONITORING_EXPORT
GD-001,C32,单位工业总产值氨氮排放量,C,MONITORING_REQUIRED,单位工业总产值氨氮排放量,t/100m CNY,,,,M01_NOT_COLLECTED,NH3-N排放量；同年度工业总产值；统计边界,生态环境部门,MONITORING_EXPORT
GD-001,C33,单位工业总产值SO₂排放量,C,MONITORING_REQUIRED,单位工业总产值二氧化硫排放量,t/100m CNY,,,,M01_NOT_COLLECTED,SO2排放量；同年度工业总产值；统计边界,生态环境部门,MONITORING_EXPORT
GD-001,C34,单位工业总产值氮氧化物排放量,C,MONITORING_REQUIRED,单位工业总产值NOx排放量,t/100m CNY,,,,M01_NOT_COLLECTED,NOx排放量；同年度工业总产值；统计边界,生态环境部门,MONITORING_EXPORT
GD-001,C35,单位工业总产值VOCs排放量,C,DEFINITION_PENDING,单位工业总产值挥发性有机物排放量,DEFINITION_PENDING,,,,M06_DEFINITION_UNCLEAR,VOCs排放量；同年度工业总产值；人工锁定定义,生态环境部门,MONITORING_EXPORT
GD-001,C41,单位工业总产值新鲜取水量,C,MONITORING_REQUIRED,每单位工业产值消耗的新鲜水资源,"m3/10,000 CNY",,,,M01_NOT_COLLECTED,新鲜水取用量；工业增加值；统计年度；统计边界,水务部门,MONITORING_EXPORT
GD-001,C42,再生水（中水）回用率,C,MONITORING_REQUIRED,再生水利用比例,%,,,,M01_NOT_COLLECTED,再生水实际利用量；园区总用水量；统计年度；统计边界,水务部门,MONITORING_EXPORT
GD-001,C51,单位工业增加值能耗削减率,C,MONITORING_REQUIRED,单位工业增加值综合能耗下降幅度,"tce/10,000 CNY",,,,M01_NOT_COLLECTED,综合能源消费量；工业增加值；统计年度；统计边界,能源与碳管理部门,MONITORING_EXPORT
GD-001,C52,绿色电力使用,C,MONITORING_REQUIRED,绿色电力消费比例,"tCO2/10,000 CNY",,,,M01_NOT_COLLECTED,CO2排放量；工业增加值；统计年度；统计边界,能源与碳管理部门,MONITORING_EXPORT
GD-001,C53,单位工业增加值CO₂排放量削减率,C,MONITORING_REQUIRED,单位工业增加值碳排放下降幅度,%,,,,M01_NOT_COLLECTED,单位工业增加值碳排放下降幅度；单位=%,能源与碳管理部门,OFFICIAL_STATISTICS
GD-001,C54,绿色工厂示范企业数量,C,PARK_SURVEY_REQUIRED,国家级、省级绿色工厂数量,count,,,,M01_NOT_COLLECTED,国家级、省级绿色工厂数量；单位=个,企业服务部门,OFFICIAL_STATISTICS
GD-001,C55,示范创建数量,C,PUBLIC_AVAILABLE,国家级、省级绿色园区、绿色供应链等示范创建数量,category,1,2026,S3E-0080,,国家级、省级绿色园区、绿色供应链等示范创建数量；单位=级别,园区综合管理部门,OFFICIAL_RECOGNITION
GD-001,D11,化工园区智慧化水平,D,MISSING,园区智慧管理平台建设情况，包括安全、环保、能源、应急、封闭化管理、公共服务等智慧化系统建设及运行情况。,ordinal evidence level,,,,M01_NOT_COLLECTED,园区智慧管理平台建设情况，包括安全、环保、能源、应急、封闭化管理、公共服务等智慧化系统建设及运行情况。；单位=等级,智慧园区管理部门,MANAGEMENT_SYSTEM_RECORD
GD-001,D21,省级及以上认定的智能工厂数量,D,PARK_SURVEY_REQUIRED,园区内获得国家级、省级智能工厂（或智能制造示范工厂）认定的企业数量。,%,,,,M01_NOT_COLLECTED,园区内获得国家级、省级智能工厂（或智能制造示范工厂）认定的企业数量。；单位=个,企业服务部门,OFFICIAL_STATISTICS
GD-002,A11,规模以上工业企业工业总产值,A,PARK_SURVEY_REQUIRED,园区规模以上工业企业工业总产值（亿元）,100 million CNY,,,,M01_NOT_COLLECTED,园区规模以上工业企业工业总产值（亿元）；单位=亿元,经济运行与统计部门,OFFICIAL_STATISTICS
GD-002,A12,规模以上工业企业工业总产值增长率,A,PARK_SURVEY_REQUIRED,当年规模以上工业企业工业总产值增长率（%）,CNY/person,,,,M01_NOT_COLLECTED,当年规模以上工业企业工业总产值增长率（%）；单位=%,经济运行与统计部门,OFFICIAL_STATISTICS
GD-002,A21,规模以上工业企业利润率,A,ENTERPRISE_REQUIRED,利润总额/营业收入×100%,%,,,,M01_NOT_COLLECTED,利润总额/营业收入×100%；单位=%,企业服务部门,AUDITED_ENTERPRISE_DATA
GD-002,A22,工业增加值增长率,A,PARK_SURVEY_REQUIRED,当年工业增加值增长率（%）,%,,,,M01_NOT_COLLECTED,当年工业增加值增长率（%）；单位=%,经济运行与统计部门,OFFICIAL_STATISTICS
GD-002,A23,人均产值,A,ENTERPRISE_REQUIRED,工业总产值÷从业人员数量（万元/人）,%,,,,M01_NOT_COLLECTED,工业总产值÷从业人员数量（万元/人）；单位=万元/人,企业服务部门,AUDITED_ENTERPRISE_DATA
GD-002,A31,亩均投资强度,A,PARK_SURVEY_REQUIRED,固定资产投资÷工业用地面积（万元/亩）,mu,,,,M01_NOT_COLLECTED,固定资产投资÷工业用地面积（万元/亩）；单位=万元/亩,经济运行与统计部门,OFFICIAL_STATISTICS
GD-002,A32,亩均产值,A,PARK_SURVEY_REQUIRED,工业总产值÷工业用地面积（万元/亩）,"10,000 CNY/mu",,,,M01_NOT_COLLECTED,工业总产值÷工业用地面积（万元/亩）；单位=万元/亩,经济运行与统计部门,OFFICIAL_STATISTICS
GD-002,A33,亩均税收,A,PARK_SURVEY_REQUIRED,税收收入÷工业用地面积（万元/亩）,%,,,,M01_NOT_COLLECTED,税收收入÷工业用地面积（万元/亩）；单位=万元/亩,经济运行与统计部门,OFFICIAL_STATISTICS
GD-002,A41,原料内供率,A,ENTERPRISE_REQUIRED,园区内企业原料互供比例,%,,,,M01_NOT_COLLECTED,园区内企业原料互供比例；单位=%,企业服务部门,AUDITED_ENTERPRISE_DATA
GD-002,B11,研发投入占主营业务收入的比重,B,ENTERPRISE_REQUIRED,园区规模以上工业企业研发经费支出占主营业务收入比例（%）,%,,,,M01_NOT_COLLECTED,园区规模以上工业企业研发经费支出占主营业务收入比例（%）；单位=%,科技创新部门,AUDITED_ENTERPRISE_DATA
GD-002,B12,优质企业数量,B,PARK_SURVEY_REQUIRED,"国家级制造业单项冠军企业、专精特新""小巨人""企业、高新技术企业等数量",count,,,,M01_NOT_COLLECTED,"国家级制造业单项冠军企业、专精特新""小巨人""企业、高新技术企业等数量；单位=个",企业服务部门,OFFICIAL_STATISTICS
GD-002,B13,上市公司所属企业数量,B,ENTERPRISE_REQUIRED,园区内上市公司及其控股企业数量,%,,,,M01_NOT_COLLECTED,园区内上市公司及其控股企业数量；单位=个,企业服务部门,AUDITED_ENTERPRISE_DATA
GD-002,B14,发明专利数,B,ENTERPRISE_REQUIRED,园区企业拥有的有效发明专利数量,count,,,,M01_NOT_COLLECTED,园区企业拥有的有效发明专利数量；单位=个,科技创新部门,AUDITED_ENTERPRISE_DATA
GD-002,B15,标准制定数,B,ENTERPRISE_REQUIRED,主导或参与制定国际、国家、行业及团体标准数量,count,,,,M01_NOT_COLLECTED,主导或参与制定国际、国家、行业及团体标准数量；单位=项,科技创新部门,AUDITED_ENTERPRISE_DATA
GD-002,B21,省级及以上研发机构数量,B,PARK_SURVEY_REQUIRED,国家级、省级重点实验室、工程研究中心、企业技术中心等创新平台数量,count,,,,M01_NOT_COLLECTED,国家级、省级重点实验室、工程研究中心、企业技术中心等创新平台数量；单位=个,科技创新部门,OFFICIAL_STATISTICS
GD-002,B22,产学研用融合平台,B,ENTERPRISE_REQUIRED,与高校、科研院所共建的平台数量,count,,,,M01_NOT_COLLECTED,与高校、科研院所共建的平台数量；单位=个,科技创新部门,AUDITED_ENTERPRISE_DATA
GD-002,B23,园区级以上中试基地,B,PARK_SURVEY_REQUIRED,已建成并投入运行的中试基地数量,count,,,,M01_NOT_COLLECTED,已建成并投入运行的中试基地数量；单位=是/否,科技创新部门,OFFICIAL_STATISTICS
GD-002,B31,产学研合作程度,B,DEFINITION_PENDING,园区企业开展产学研合作项目情况,DEFINITION_PENDING,,,,M06_DEFINITION_UNCLEAR,园区企业开展产学研合作项目情况；单位=%,科技创新部门,OFFICIAL_STATISTICS
GD-002,B32,技术引进,B,DEFINITION_PENDING,企业引进先进技术、成果转化情况,DEFINITION_PENDING,,,,M06_DEFINITION_UNCLEAR,企业引进先进技术、成果转化情况；单位=%,科技创新部门,OFFICIAL_STATISTICS
GD-002,B41,科技成果转化率,B,ENTERPRISE_REQUIRED,科技成果产业化、转化实施情况,count,,,,M01_NOT_COLLECTED,科技成果产业化、转化实施情况；单位=%,科技创新部门,AUDITED_ENTERPRISE_DATA
GD-002,B42,产业精细化率,B,MISSING,精细化工及高端化工产品占比,count,,,,M01_NOT_COLLECTED,精细化工及高端化工产品占比；单位=%,企业服务部门,OFFICIAL_STATISTICS
GD-002,C11,危险化学品从业单位安全生产标准化建设,C,MISSING,园区危险化学品生产、经营、储存等企业安全生产标准化建设情况,—,,,,M01_NOT_COLLECTED,园区危险化学品生产、经营、储存等企业安全生产标准化建设情况；单位=%,应急与安全部门,OFFICIAL_STATISTICS
GD-002,C12,安全风险等级,C,MISSING,园区整体安全风险等级评估结果,—,,,,M01_NOT_COLLECTED,园区整体安全风险等级评估结果；单位=等级,应急与安全部门,OFFICIAL_STATISTICS
GD-002,C13,安全生产事故发生等级,C,MISSING,年度生产安全事故情况,—,,,,M01_NOT_COLLECTED,年度生产安全事故情况；单位=等级,应急与安全部门,OFFICIAL_STATISTICS
GD-002,C21,大气环境质量达标率,C,MONITORING_REQUIRED,园区环境空气质量达标情况,%,,,,M01_NOT_COLLECTED,园区环境空气质量达标情况；单位=%,生态环境部门,MONITORING_EXPORT
GD-002,C22,地表水环境质量达标率,C,MONITORING_REQUIRED,园区地表水断面达标情况,%,,,,M01_NOT_COLLECTED,园区地表水断面达标情况；单位=%,生态环境部门,MONITORING_EXPORT
GD-002,C23,地下水质量达标率,C,MONITORING_REQUIRED,地下水监测点位达标情况,%,,,,M01_NOT_COLLECTED,地下水监测点位达标情况；单位=%,生态环境部门,MONITORING_EXPORT
GD-002,C24,土壤质量达标率,C,MONITORING_REQUIRED,土壤环境质量监测达标情况,%,,,,M01_NOT_COLLECTED,土壤环境质量监测达标情况；单位=%,生态环境部门,MONITORING_EXPORT
GD-002,C31,单位工业总产值COD排放量,C,MONITORING_REQUIRED,单位工业总产值化学需氧量排放量,t/100m CNY,,,,M01_NOT_COLLECTED,COD排放量；同年度工业总产值；统计边界,生态环境部门,MONITORING_EXPORT
GD-002,C32,单位工业总产值氨氮排放量,C,MONITORING_REQUIRED,单位工业总产值氨氮排放量,t/100m CNY,,,,M01_NOT_COLLECTED,NH3-N排放量；同年度工业总产值；统计边界,生态环境部门,MONITORING_EXPORT
GD-002,C33,单位工业总产值SO₂排放量,C,MONITORING_REQUIRED,单位工业总产值二氧化硫排放量,t/100m CNY,,,,M01_NOT_COLLECTED,SO2排放量；同年度工业总产值；统计边界,生态环境部门,MONITORING_EXPORT
GD-002,C34,单位工业总产值氮氧化物排放量,C,MONITORING_REQUIRED,单位工业总产值NOx排放量,t/100m CNY,,,,M01_NOT_COLLECTED,NOx排放量；同年度工业总产值；统计边界,生态环境部门,MONITORING_EXPORT
GD-002,C35,单位工业总产值VOCs排放量,C,DEFINITION_PENDING,单位工业总产值挥发性有机物排放量,DEFINITION_PENDING,,,,M06_DEFINITION_UNCLEAR,VOCs排放量；同年度工业总产值；人工锁定定义,生态环境部门,MONITORING_EXPORT
GD-002,C41,单位工业总产值新鲜取水量,C,MONITORING_REQUIRED,每单位工业产值消耗的新鲜水资源,"m3/10,000 CNY",,,,M01_NOT_COLLECTED,新鲜水取用量；工业增加值；统计年度；统计边界,水务部门,MONITORING_EXPORT
GD-002,C42,再生水（中水）回用率,C,MONITORING_REQUIRED,再生水利用比例,%,,,,M01_NOT_COLLECTED,再生水实际利用量；园区总用水量；统计年度；统计边界,水务部门,MONITORING_EXPORT
GD-002,C51,单位工业增加值能耗削减率,C,MONITORING_REQUIRED,单位工业增加值综合能耗下降幅度,"tce/10,000 CNY",,,,M01_NOT_COLLECTED,综合能源消费量；工业增加值；统计年度；统计边界,能源与碳管理部门,MONITORING_EXPORT
GD-002,C52,绿色电力使用,C,MONITORING_REQUIRED,绿色电力消费比例,"tCO2/10,000 CNY",,,,M01_NOT_COLLECTED,CO2排放量；工业增加值；统计年度；统计边界,能源与碳管理部门,MONITORING_EXPORT
GD-002,C53,单位工业增加值CO₂排放量削减率,C,MONITORING_REQUIRED,单位工业增加值碳排放下降幅度,%,,,,M01_NOT_COLLECTED,单位工业增加值碳排放下降幅度；单位=%,能源与碳管理部门,OFFICIAL_STATISTICS
GD-002,C54,绿色工厂示范企业数量,C,PARK_SURVEY_REQUIRED,国家级、省级绿色工厂数量,count,,,,M01_NOT_COLLECTED,国家级、省级绿色工厂数量；单位=个,企业服务部门,OFFICIAL_STATISTICS
GD-002,C55,示范创建数量,C,PUBLIC_AVAILABLE,国家级、省级绿色园区、绿色供应链等示范创建数量,category,1,2026,S3E-0081,,国家级、省级绿色园区、绿色供应链等示范创建数量；单位=级别,园区综合管理部门,OFFICIAL_RECOGNITION
GD-002,D11,化工园区智慧化水平,D,MISSING,园区智慧管理平台建设情况，包括安全、环保、能源、应急、封闭化管理、公共服务等智慧化系统建设及运行情况。,ordinal evidence level,,,,M01_NOT_COLLECTED,园区智慧管理平台建设情况，包括安全、环保、能源、应急、封闭化管理、公共服务等智慧化系统建设及运行情况。；单位=等级,智慧园区管理部门,MANAGEMENT_SYSTEM_RECORD
GD-002,D21,省级及以上认定的智能工厂数量,D,PARK_SURVEY_REQUIRED,园区内获得国家级、省级智能工厂（或智能制造示范工厂）认定的企业数量。,%,,,,M01_NOT_COLLECTED,园区内获得国家级、省级智能工厂（或智能制造示范工厂）认定的企业数量。；单位=个,企业服务部门,OFFICIAL_STATISTICS
GD-003,A11,规模以上工业企业工业总产值,A,PARK_SURVEY_REQUIRED,园区规模以上工业企业工业总产值（亿元）,100 million CNY,,,,M01_NOT_COLLECTED,园区规模以上工业企业工业总产值（亿元）；单位=亿元,经济运行与统计部门,OFFICIAL_STATISTICS
GD-003,A12,规模以上工业企业工业总产值增长率,A,PARK_SURVEY_REQUIRED,当年规模以上工业企业工业总产值增长率（%）,CNY/person,,,,M01_NOT_COLLECTED,当年规模以上工业企业工业总产值增长率（%）；单位=%,经济运行与统计部门,OFFICIAL_STATISTICS
GD-003,A21,规模以上工业企业利润率,A,ENTERPRISE_REQUIRED,利润总额/营业收入×100%,%,,,,M01_NOT_COLLECTED,利润总额/营业收入×100%；单位=%,企业服务部门,AUDITED_ENTERPRISE_DATA
GD-003,A22,工业增加值增长率,A,PARK_SURVEY_REQUIRED,当年工业增加值增长率（%）,%,,,,M01_NOT_COLLECTED,当年工业增加值增长率（%）；单位=%,经济运行与统计部门,OFFICIAL_STATISTICS
GD-003,A23,人均产值,A,ENTERPRISE_REQUIRED,工业总产值÷从业人员数量（万元/人）,%,,,,M01_NOT_COLLECTED,工业总产值÷从业人员数量（万元/人）；单位=万元/人,企业服务部门,AUDITED_ENTERPRISE_DATA
GD-003,A31,亩均投资强度,A,PARK_SURVEY_REQUIRED,固定资产投资÷工业用地面积（万元/亩）,mu,,,,M01_NOT_COLLECTED,固定资产投资÷工业用地面积（万元/亩）；单位=万元/亩,经济运行与统计部门,OFFICIAL_STATISTICS
GD-003,A32,亩均产值,A,PARK_SURVEY_REQUIRED,工业总产值÷工业用地面积（万元/亩）,"10,000 CNY/mu",,,,M01_NOT_COLLECTED,工业总产值÷工业用地面积（万元/亩）；单位=万元/亩,经济运行与统计部门,OFFICIAL_STATISTICS
GD-003,A33,亩均税收,A,PARK_SURVEY_REQUIRED,税收收入÷工业用地面积（万元/亩）,%,,,,M01_NOT_COLLECTED,税收收入÷工业用地面积（万元/亩）；单位=万元/亩,经济运行与统计部门,OFFICIAL_STATISTICS
GD-003,A41,原料内供率,A,ENTERPRISE_REQUIRED,园区内企业原料互供比例,%,,,,M01_NOT_COLLECTED,园区内企业原料互供比例；单位=%,企业服务部门,AUDITED_ENTERPRISE_DATA
GD-003,B11,研发投入占主营业务收入的比重,B,ENTERPRISE_REQUIRED,园区规模以上工业企业研发经费支出占主营业务收入比例（%）,%,,,,M01_NOT_COLLECTED,园区规模以上工业企业研发经费支出占主营业务收入比例（%）；单位=%,科技创新部门,AUDITED_ENTERPRISE_DATA
GD-003,B12,优质企业数量,B,PARK_SURVEY_REQUIRED,"国家级制造业单项冠军企业、专精特新""小巨人""企业、高新技术企业等数量",count,,,,M01_NOT_COLLECTED,"国家级制造业单项冠军企业、专精特新""小巨人""企业、高新技术企业等数量；单位=个",企业服务部门,OFFICIAL_STATISTICS
GD-003,B13,上市公司所属企业数量,B,ENTERPRISE_REQUIRED,园区内上市公司及其控股企业数量,%,,,,M01_NOT_COLLECTED,园区内上市公司及其控股企业数量；单位=个,企业服务部门,AUDITED_ENTERPRISE_DATA
GD-003,B14,发明专利数,B,ENTERPRISE_REQUIRED,园区企业拥有的有效发明专利数量,count,,,,M01_NOT_COLLECTED,园区企业拥有的有效发明专利数量；单位=个,科技创新部门,AUDITED_ENTERPRISE_DATA
GD-003,B15,标准制定数,B,ENTERPRISE_REQUIRED,主导或参与制定国际、国家、行业及团体标准数量,count,,,,M01_NOT_COLLECTED,主导或参与制定国际、国家、行业及团体标准数量；单位=项,科技创新部门,AUDITED_ENTERPRISE_DATA
GD-003,B21,省级及以上研发机构数量,B,PARK_SURVEY_REQUIRED,国家级、省级重点实验室、工程研究中心、企业技术中心等创新平台数量,count,,,,M01_NOT_COLLECTED,国家级、省级重点实验室、工程研究中心、企业技术中心等创新平台数量；单位=个,科技创新部门,OFFICIAL_STATISTICS
GD-003,B22,产学研用融合平台,B,ENTERPRISE_REQUIRED,与高校、科研院所共建的平台数量,count,,,,M01_NOT_COLLECTED,与高校、科研院所共建的平台数量；单位=个,科技创新部门,AUDITED_ENTERPRISE_DATA
GD-003,B23,园区级以上中试基地,B,PARK_SURVEY_REQUIRED,已建成并投入运行的中试基地数量,count,,,,M01_NOT_COLLECTED,已建成并投入运行的中试基地数量；单位=是/否,科技创新部门,OFFICIAL_STATISTICS
GD-003,B31,产学研合作程度,B,DEFINITION_PENDING,园区企业开展产学研合作项目情况,DEFINITION_PENDING,,,,M06_DEFINITION_UNCLEAR,园区企业开展产学研合作项目情况；单位=%,科技创新部门,OFFICIAL_STATISTICS
GD-003,B32,技术引进,B,DEFINITION_PENDING,企业引进先进技术、成果转化情况,DEFINITION_PENDING,,,,M06_DEFINITION_UNCLEAR,企业引进先进技术、成果转化情况；单位=%,科技创新部门,OFFICIAL_STATISTICS
GD-003,B41,科技成果转化率,B,ENTERPRISE_REQUIRED,科技成果产业化、转化实施情况,count,,,,M01_NOT_COLLECTED,科技成果产业化、转化实施情况；单位=%,科技创新部门,AUDITED_ENTERPRISE_DATA
GD-003,B42,产业精细化率,B,MISSING,精细化工及高端化工产品占比,count,,,,M01_NOT_COLLECTED,精细化工及高端化工产品占比；单位=%,企业服务部门,OFFICIAL_STATISTICS
GD-003,C11,危险化学品从业单位安全生产标准化建设,C,MISSING,园区危险化学品生产、经营、储存等企业安全生产标准化建设情况,—,,,,M01_NOT_COLLECTED,园区危险化学品生产、经营、储存等企业安全生产标准化建设情况；单位=%,应急与安全部门,OFFICIAL_STATISTICS
GD-003,C12,安全风险等级,C,MISSING,园区整体安全风险等级评估结果,—,,,,M01_NOT_COLLECTED,园区整体安全风险等级评估结果；单位=等级,应急与安全部门,OFFICIAL_STATISTICS
GD-003,C13,安全生产事故发生等级,C,MISSING,年度生产安全事故情况,—,,,,M01_NOT_COLLECTED,年度生产安全事故情况；单位=等级,应急与安全部门,OFFICIAL_STATISTICS
GD-003,C21,大气环境质量达标率,C,MONITORING_REQUIRED,园区环境空气质量达标情况,%,,,,M01_NOT_COLLECTED,园区环境空气质量达标情况；单位=%,生态环境部门,MONITORING_EXPORT
GD-003,C22,地表水环境质量达标率,C,MONITORING_REQUIRED,园区地表水断面达标情况,%,,,,M01_NOT_COLLECTED,园区地表水断面达标情况；单位=%,生态环境部门,MONITORING_EXPORT
GD-003,C23,地下水质量达标率,C,MONITORING_REQUIRED,地下水监测点位达标情况,%,,,,M01_NOT_COLLECTED,地下水监测点位达标情况；单位=%,生态环境部门,MONITORING_EXPORT
GD-003,C24,土壤质量达标率,C,MONITORING_REQUIRED,土壤环境质量监测达标情况,%,,,,M01_NOT_COLLECTED,土壤环境质量监测达标情况；单位=%,生态环境部门,MONITORING_EXPORT
GD-003,C31,单位工业总产值COD排放量,C,MONITORING_REQUIRED,单位工业总产值化学需氧量排放量,t/100m CNY,,,,M01_NOT_COLLECTED,COD排放量；同年度工业总产值；统计边界,生态环境部门,MONITORING_EXPORT
GD-003,C32,单位工业总产值氨氮排放量,C,MONITORING_REQUIRED,单位工业总产值氨氮排放量,t/100m CNY,,,,M01_NOT_COLLECTED,NH3-N排放量；同年度工业总产值；统计边界,生态环境部门,MONITORING_EXPORT
GD-003,C33,单位工业总产值SO₂排放量,C,MONITORING_REQUIRED,单位工业总产值二氧化硫排放量,t/100m CNY,,,,M01_NOT_COLLECTED,SO2排放量；同年度工业总产值；统计边界,生态环境部门,MONITORING_EXPORT
GD-003,C34,单位工业总产值氮氧化物排放量,C,MONITORING_REQUIRED,单位工业总产值NOx排放量,t/100m CNY,,,,M01_NOT_COLLECTED,NOx排放量；同年度工业总产值；统计边界,生态环境部门,MONITORING_EXPORT
GD-003,C35,单位工业总产值VOCs排放量,C,DEFINITION_PENDING,单位工业总产值挥发性有机物排放量,DEFINITION_PENDING,,,,M06_DEFINITION_UNCLEAR,VOCs排放量；同年度工业总产值；人工锁定定义,生态环境部门,MONITORING_EXPORT
GD-003,C41,单位工业总产值新鲜取水量,C,MONITORING_REQUIRED,每单位工业产值消耗的新鲜水资源,"m3/10,000 CNY",,,,M01_NOT_COLLECTED,新鲜水取用量；工业增加值；统计年度；统计边界,水务部门,MONITORING_EXPORT
GD-003,C42,再生水（中水）回用率,C,MONITORING_REQUIRED,再生水利用比例,%,,,,M01_NOT_COLLECTED,再生水实际利用量；园区总用水量；统计年度；统计边界,水务部门,MONITORING_EXPORT
GD-003,C51,单位工业增加值能耗削减率,C,MONITORING_REQUIRED,单位工业增加值综合能耗下降幅度,"tce/10,000 CNY",,,,M01_NOT_COLLECTED,综合能源消费量；工业增加值；统计年度；统计边界,能源与碳管理部门,MONITORING_EXPORT
GD-003,C52,绿色电力使用,C,MONITORING_REQUIRED,绿色电力消费比例,"tCO2/10,000 CNY",,,,M01_NOT_COLLECTED,CO2排放量；工业增加值；统计年度；统计边界,能源与碳管理部门,MONITORING_EXPORT
GD-003,C53,单位工业增加值CO₂排放量削减率,C,MONITORING_REQUIRED,单位工业增加值碳排放下降幅度,%,,,,M01_NOT_COLLECTED,单位工业增加值碳排放下降幅度；单位=%,能源与碳管理部门,OFFICIAL_STATISTICS
GD-003,C54,绿色工厂示范企业数量,C,PARK_SURVEY_REQUIRED,国家级、省级绿色工厂数量,count,,,,M01_NOT_COLLECTED,国家级、省级绿色工厂数量；单位=个,企业服务部门,OFFICIAL_STATISTICS
GD-003,C55,示范创建数量,C,PUBLIC_AVAILABLE,国家级、省级绿色园区、绿色供应链等示范创建数量,category,1,2026,S3E-0082,,国家级、省级绿色园区、绿色供应链等示范创建数量；单位=级别,园区综合管理部门,OFFICIAL_RECOGNITION
GD-003,D11,化工园区智慧化水平,D,MISSING,园区智慧管理平台建设情况，包括安全、环保、能源、应急、封闭化管理、公共服务等智慧化系统建设及运行情况。,ordinal evidence level,,,,M01_NOT_COLLECTED,园区智慧管理平台建设情况，包括安全、环保、能源、应急、封闭化管理、公共服务等智慧化系统建设及运行情况。；单位=等级,智慧园区管理部门,MANAGEMENT_SYSTEM_RECORD
GD-003,D21,省级及以上认定的智能工厂数量,D,PARK_SURVEY_REQUIRED,园区内获得国家级、省级智能工厂（或智能制造示范工厂）认定的企业数量。,%,,,,M01_NOT_COLLECTED,园区内获得国家级、省级智能工厂（或智能制造示范工厂）认定的企业数量。；单位=个,企业服务部门,OFFICIAL_STATISTICS
GD-004,A11,规模以上工业企业工业总产值,A,PARK_SURVEY_REQUIRED,园区规模以上工业企业工业总产值（亿元）,100 million CNY,,,,M01_NOT_COLLECTED,园区规模以上工业企业工业总产值（亿元）；单位=亿元,经济运行与统计部门,OFFICIAL_STATISTICS
GD-004,A12,规模以上工业企业工业总产值增长率,A,PARK_SURVEY_REQUIRED,当年规模以上工业企业工业总产值增长率（%）,CNY/person,,,,M01_NOT_COLLECTED,当年规模以上工业企业工业总产值增长率（%）；单位=%,经济运行与统计部门,OFFICIAL_STATISTICS
GD-004,A21,规模以上工业企业利润率,A,ENTERPRISE_REQUIRED,利润总额/营业收入×100%,%,,,,M01_NOT_COLLECTED,利润总额/营业收入×100%；单位=%,企业服务部门,AUDITED_ENTERPRISE_DATA
GD-004,A22,工业增加值增长率,A,PARK_SURVEY_REQUIRED,当年工业增加值增长率（%）,%,,,,M01_NOT_COLLECTED,当年工业增加值增长率（%）；单位=%,经济运行与统计部门,OFFICIAL_STATISTICS
GD-004,A23,人均产值,A,ENTERPRISE_REQUIRED,工业总产值÷从业人员数量（万元/人）,%,,,,M01_NOT_COLLECTED,工业总产值÷从业人员数量（万元/人）；单位=万元/人,企业服务部门,AUDITED_ENTERPRISE_DATA
GD-004,A31,亩均投资强度,A,PARK_SURVEY_REQUIRED,固定资产投资÷工业用地面积（万元/亩）,mu,,,,M01_NOT_COLLECTED,固定资产投资÷工业用地面积（万元/亩）；单位=万元/亩,经济运行与统计部门,OFFICIAL_STATISTICS
GD-004,A32,亩均产值,A,PARK_SURVEY_REQUIRED,工业总产值÷工业用地面积（万元/亩）,"10,000 CNY/mu",,,,M01_NOT_COLLECTED,工业总产值÷工业用地面积（万元/亩）；单位=万元/亩,经济运行与统计部门,OFFICIAL_STATISTICS
GD-004,A33,亩均税收,A,PARK_SURVEY_REQUIRED,税收收入÷工业用地面积（万元/亩）,%,,,,M01_NOT_COLLECTED,税收收入÷工业用地面积（万元/亩）；单位=万元/亩,经济运行与统计部门,OFFICIAL_STATISTICS
GD-004,A41,原料内供率,A,ENTERPRISE_REQUIRED,园区内企业原料互供比例,%,,,,M01_NOT_COLLECTED,园区内企业原料互供比例；单位=%,企业服务部门,AUDITED_ENTERPRISE_DATA
GD-004,B11,研发投入占主营业务收入的比重,B,ENTERPRISE_REQUIRED,园区规模以上工业企业研发经费支出占主营业务收入比例（%）,%,,,,M01_NOT_COLLECTED,园区规模以上工业企业研发经费支出占主营业务收入比例（%）；单位=%,科技创新部门,AUDITED_ENTERPRISE_DATA
GD-004,B12,优质企业数量,B,PARK_SURVEY_REQUIRED,"国家级制造业单项冠军企业、专精特新""小巨人""企业、高新技术企业等数量",count,,,,M01_NOT_COLLECTED,"国家级制造业单项冠军企业、专精特新""小巨人""企业、高新技术企业等数量；单位=个",企业服务部门,OFFICIAL_STATISTICS
GD-004,B13,上市公司所属企业数量,B,ENTERPRISE_REQUIRED,园区内上市公司及其控股企业数量,%,,,,M01_NOT_COLLECTED,园区内上市公司及其控股企业数量；单位=个,企业服务部门,AUDITED_ENTERPRISE_DATA
GD-004,B14,发明专利数,B,ENTERPRISE_REQUIRED,园区企业拥有的有效发明专利数量,count,,,,M01_NOT_COLLECTED,园区企业拥有的有效发明专利数量；单位=个,科技创新部门,AUDITED_ENTERPRISE_DATA
GD-004,B15,标准制定数,B,ENTERPRISE_REQUIRED,主导或参与制定国际、国家、行业及团体标准数量,count,,,,M01_NOT_COLLECTED,主导或参与制定国际、国家、行业及团体标准数量；单位=项,科技创新部门,AUDITED_ENTERPRISE_DATA
GD-004,B21,省级及以上研发机构数量,B,PARK_SURVEY_REQUIRED,国家级、省级重点实验室、工程研究中心、企业技术中心等创新平台数量,count,,,,M01_NOT_COLLECTED,国家级、省级重点实验室、工程研究中心、企业技术中心等创新平台数量；单位=个,科技创新部门,OFFICIAL_STATISTICS
GD-004,B22,产学研用融合平台,B,ENTERPRISE_REQUIRED,与高校、科研院所共建的平台数量,count,,,,M01_NOT_COLLECTED,与高校、科研院所共建的平台数量；单位=个,科技创新部门,AUDITED_ENTERPRISE_DATA
GD-004,B23,园区级以上中试基地,B,PARK_SURVEY_REQUIRED,已建成并投入运行的中试基地数量,count,,,,M01_NOT_COLLECTED,已建成并投入运行的中试基地数量；单位=是/否,科技创新部门,OFFICIAL_STATISTICS
GD-004,B31,产学研合作程度,B,DEFINITION_PENDING,园区企业开展产学研合作项目情况,DEFINITION_PENDING,,,,M06_DEFINITION_UNCLEAR,园区企业开展产学研合作项目情况；单位=%,科技创新部门,OFFICIAL_STATISTICS
GD-004,B32,技术引进,B,DEFINITION_PENDING,企业引进先进技术、成果转化情况,DEFINITION_PENDING,,,,M06_DEFINITION_UNCLEAR,企业引进先进技术、成果转化情况；单位=%,科技创新部门,OFFICIAL_STATISTICS
GD-004,B41,科技成果转化率,B,ENTERPRISE_REQUIRED,科技成果产业化、转化实施情况,count,,,,M01_NOT_COLLECTED,科技成果产业化、转化实施情况；单位=%,科技创新部门,AUDITED_ENTERPRISE_DATA
GD-004,B42,产业精细化率,B,MISSING,精细化工及高端化工产品占比,count,,,,M01_NOT_COLLECTED,精细化工及高端化工产品占比；单位=%,企业服务部门,OFFICIAL_STATISTICS
GD-004,C11,危险化学品从业单位安全生产标准化建设,C,MISSING,园区危险化学品生产、经营、储存等企业安全生产标准化建设情况,—,,,,M01_NOT_COLLECTED,园区危险化学品生产、经营、储存等企业安全生产标准化建设情况；单位=%,应急与安全部门,OFFICIAL_STATISTICS
GD-004,C12,安全风险等级,C,MISSING,园区整体安全风险等级评估结果,—,,,,M01_NOT_COLLECTED,园区整体安全风险等级评估结果；单位=等级,应急与安全部门,OFFICIAL_STATISTICS
GD-004,C13,安全生产事故发生等级,C,MISSING,年度生产安全事故情况,—,,,,M01_NOT_COLLECTED,年度生产安全事故情况；单位=等级,应急与安全部门,OFFICIAL_STATISTICS
GD-004,C21,大气环境质量达标率,C,MONITORING_REQUIRED,园区环境空气质量达标情况,%,,,,M01_NOT_COLLECTED,园区环境空气质量达标情况；单位=%,生态环境部门,MONITORING_EXPORT
GD-004,C22,地表水环境质量达标率,C,MONITORING_REQUIRED,园区地表水断面达标情况,%,,,,M01_NOT_COLLECTED,园区地表水断面达标情况；单位=%,生态环境部门,MONITORING_EXPORT
GD-004,C23,地下水质量达标率,C,MONITORING_REQUIRED,地下水监测点位达标情况,%,,,,M01_NOT_COLLECTED,地下水监测点位达标情况；单位=%,生态环境部门,MONITORING_EXPORT
GD-004,C24,土壤质量达标率,C,MONITORING_REQUIRED,土壤环境质量监测达标情况,%,,,,M01_NOT_COLLECTED,土壤环境质量监测达标情况；单位=%,生态环境部门,MONITORING_EXPORT
GD-004,C31,单位工业总产值COD排放量,C,MONITORING_REQUIRED,单位工业总产值化学需氧量排放量,t/100m CNY,,,,M01_NOT_COLLECTED,COD排放量；同年度工业总产值；统计边界,生态环境部门,MONITORING_EXPORT
GD-004,C32,单位工业总产值氨氮排放量,C,MONITORING_REQUIRED,单位工业总产值氨氮排放量,t/100m CNY,,,,M01_NOT_COLLECTED,NH3-N排放量；同年度工业总产值；统计边界,生态环境部门,MONITORING_EXPORT
GD-004,C33,单位工业总产值SO₂排放量,C,MONITORING_REQUIRED,单位工业总产值二氧化硫排放量,t/100m CNY,,,,M01_NOT_COLLECTED,SO2排放量；同年度工业总产值；统计边界,生态环境部门,MONITORING_EXPORT
GD-004,C34,单位工业总产值氮氧化物排放量,C,MONITORING_REQUIRED,单位工业总产值NOx排放量,t/100m CNY,,,,M01_NOT_COLLECTED,NOx排放量；同年度工业总产值；统计边界,生态环境部门,MONITORING_EXPORT
GD-004,C35,单位工业总产值VOCs排放量,C,DEFINITION_PENDING,单位工业总产值挥发性有机物排放量,DEFINITION_PENDING,,,,M06_DEFINITION_UNCLEAR,VOCs排放量；同年度工业总产值；人工锁定定义,生态环境部门,MONITORING_EXPORT
GD-004,C41,单位工业总产值新鲜取水量,C,MONITORING_REQUIRED,每单位工业产值消耗的新鲜水资源,"m3/10,000 CNY",,,,M01_NOT_COLLECTED,新鲜水取用量；工业增加值；统计年度；统计边界,水务部门,MONITORING_EXPORT
GD-004,C42,再生水（中水）回用率,C,MONITORING_REQUIRED,再生水利用比例,%,,,,M01_NOT_COLLECTED,再生水实际利用量；园区总用水量；统计年度；统计边界,水务部门,MONITORING_EXPORT
GD-004,C51,单位工业增加值能耗削减率,C,MONITORING_REQUIRED,单位工业增加值综合能耗下降幅度,"tce/10,000 CNY",,,,M01_NOT_COLLECTED,综合能源消费量；工业增加值；统计年度；统计边界,能源与碳管理部门,MONITORING_EXPORT
GD-004,C52,绿色电力使用,C,MONITORING_REQUIRED,绿色电力消费比例,"tCO2/10,000 CNY",,,,M01_NOT_COLLECTED,CO2排放量；工业增加值；统计年度；统计边界,能源与碳管理部门,MONITORING_EXPORT
GD-004,C53,单位工业增加值CO₂排放量削减率,C,MONITORING_REQUIRED,单位工业增加值碳排放下降幅度,%,,,,M01_NOT_COLLECTED,单位工业增加值碳排放下降幅度；单位=%,能源与碳管理部门,OFFICIAL_STATISTICS
GD-004,C54,绿色工厂示范企业数量,C,PARK_SURVEY_REQUIRED,国家级、省级绿色工厂数量,count,,,,M01_NOT_COLLECTED,国家级、省级绿色工厂数量；单位=个,企业服务部门,OFFICIAL_STATISTICS
GD-004,C55,示范创建数量,C,PUBLIC_AVAILABLE,国家级、省级绿色园区、绿色供应链等示范创建数量,category,1,2026,S3E-0083,,国家级、省级绿色园区、绿色供应链等示范创建数量；单位=级别,园区综合管理部门,OFFICIAL_RECOGNITION
GD-004,D11,化工园区智慧化水平,D,MISSING,园区智慧管理平台建设情况，包括安全、环保、能源、应急、封闭化管理、公共服务等智慧化系统建设及运行情况。,ordinal evidence level,,,,M01_NOT_COLLECTED,园区智慧管理平台建设情况，包括安全、环保、能源、应急、封闭化管理、公共服务等智慧化系统建设及运行情况。；单位=等级,智慧园区管理部门,MANAGEMENT_SYSTEM_RECORD
GD-004,D21,省级及以上认定的智能工厂数量,D,PARK_SURVEY_REQUIRED,园区内获得国家级、省级智能工厂（或智能制造示范工厂）认定的企业数量。,%,,,,M01_NOT_COLLECTED,园区内获得国家级、省级智能工厂（或智能制造示范工厂）认定的企业数量。；单位=个,企业服务部门,OFFICIAL_STATISTICS
GD-005,A11,规模以上工业企业工业总产值,A,PARK_SURVEY_REQUIRED,园区规模以上工业企业工业总产值（亿元）,100 million CNY,,,,M01_NOT_COLLECTED,园区规模以上工业企业工业总产值（亿元）；单位=亿元,经济运行与统计部门,OFFICIAL_STATISTICS
GD-005,A12,规模以上工业企业工业总产值增长率,A,PARK_SURVEY_REQUIRED,当年规模以上工业企业工业总产值增长率（%）,CNY/person,,,,M01_NOT_COLLECTED,当年规模以上工业企业工业总产值增长率（%）；单位=%,经济运行与统计部门,OFFICIAL_STATISTICS
GD-005,A21,规模以上工业企业利润率,A,ENTERPRISE_REQUIRED,利润总额/营业收入×100%,%,,,,M01_NOT_COLLECTED,利润总额/营业收入×100%；单位=%,企业服务部门,AUDITED_ENTERPRISE_DATA
GD-005,A22,工业增加值增长率,A,PARK_SURVEY_REQUIRED,当年工业增加值增长率（%）,%,,,,M01_NOT_COLLECTED,当年工业增加值增长率（%）；单位=%,经济运行与统计部门,OFFICIAL_STATISTICS
GD-005,A23,人均产值,A,ENTERPRISE_REQUIRED,工业总产值÷从业人员数量（万元/人）,%,,,,M01_NOT_COLLECTED,工业总产值÷从业人员数量（万元/人）；单位=万元/人,企业服务部门,AUDITED_ENTERPRISE_DATA
GD-005,A31,亩均投资强度,A,PARK_SURVEY_REQUIRED,固定资产投资÷工业用地面积（万元/亩）,mu,,,,M01_NOT_COLLECTED,固定资产投资÷工业用地面积（万元/亩）；单位=万元/亩,经济运行与统计部门,OFFICIAL_STATISTICS
GD-005,A32,亩均产值,A,PARK_SURVEY_REQUIRED,工业总产值÷工业用地面积（万元/亩）,"10,000 CNY/mu",,,,M01_NOT_COLLECTED,工业总产值÷工业用地面积（万元/亩）；单位=万元/亩,经济运行与统计部门,OFFICIAL_STATISTICS
GD-005,A33,亩均税收,A,PARK_SURVEY_REQUIRED,税收收入÷工业用地面积（万元/亩）,%,,,,M01_NOT_COLLECTED,税收收入÷工业用地面积（万元/亩）；单位=万元/亩,经济运行与统计部门,OFFICIAL_STATISTICS
GD-005,A41,原料内供率,A,ENTERPRISE_REQUIRED,园区内企业原料互供比例,%,,,,M01_NOT_COLLECTED,园区内企业原料互供比例；单位=%,企业服务部门,AUDITED_ENTERPRISE_DATA
GD-005,B11,研发投入占主营业务收入的比重,B,ENTERPRISE_REQUIRED,园区规模以上工业企业研发经费支出占主营业务收入比例（%）,%,,,,M01_NOT_COLLECTED,园区规模以上工业企业研发经费支出占主营业务收入比例（%）；单位=%,科技创新部门,AUDITED_ENTERPRISE_DATA
GD-005,B12,优质企业数量,B,PARK_SURVEY_REQUIRED,"国家级制造业单项冠军企业、专精特新""小巨人""企业、高新技术企业等数量",count,,,,M01_NOT_COLLECTED,"国家级制造业单项冠军企业、专精特新""小巨人""企业、高新技术企业等数量；单位=个",企业服务部门,OFFICIAL_STATISTICS
GD-005,B13,上市公司所属企业数量,B,ENTERPRISE_REQUIRED,园区内上市公司及其控股企业数量,%,,,,M01_NOT_COLLECTED,园区内上市公司及其控股企业数量；单位=个,企业服务部门,AUDITED_ENTERPRISE_DATA
GD-005,B14,发明专利数,B,ENTERPRISE_REQUIRED,园区企业拥有的有效发明专利数量,count,,,,M01_NOT_COLLECTED,园区企业拥有的有效发明专利数量；单位=个,科技创新部门,AUDITED_ENTERPRISE_DATA
GD-005,B15,标准制定数,B,ENTERPRISE_REQUIRED,主导或参与制定国际、国家、行业及团体标准数量,count,,,,M01_NOT_COLLECTED,主导或参与制定国际、国家、行业及团体标准数量；单位=项,科技创新部门,AUDITED_ENTERPRISE_DATA
GD-005,B21,省级及以上研发机构数量,B,PARK_SURVEY_REQUIRED,国家级、省级重点实验室、工程研究中心、企业技术中心等创新平台数量,count,,,,M01_NOT_COLLECTED,国家级、省级重点实验室、工程研究中心、企业技术中心等创新平台数量；单位=个,科技创新部门,OFFICIAL_STATISTICS
GD-005,B22,产学研用融合平台,B,ENTERPRISE_REQUIRED,与高校、科研院所共建的平台数量,count,,,,M01_NOT_COLLECTED,与高校、科研院所共建的平台数量；单位=个,科技创新部门,AUDITED_ENTERPRISE_DATA
GD-005,B23,园区级以上中试基地,B,PARK_SURVEY_REQUIRED,已建成并投入运行的中试基地数量,count,,,,M01_NOT_COLLECTED,已建成并投入运行的中试基地数量；单位=是/否,科技创新部门,OFFICIAL_STATISTICS
GD-005,B31,产学研合作程度,B,DEFINITION_PENDING,园区企业开展产学研合作项目情况,DEFINITION_PENDING,,,,M06_DEFINITION_UNCLEAR,园区企业开展产学研合作项目情况；单位=%,科技创新部门,OFFICIAL_STATISTICS
GD-005,B32,技术引进,B,DEFINITION_PENDING,企业引进先进技术、成果转化情况,DEFINITION_PENDING,,,,M06_DEFINITION_UNCLEAR,企业引进先进技术、成果转化情况；单位=%,科技创新部门,OFFICIAL_STATISTICS
GD-005,B41,科技成果转化率,B,ENTERPRISE_REQUIRED,科技成果产业化、转化实施情况,count,,,,M01_NOT_COLLECTED,科技成果产业化、转化实施情况；单位=%,科技创新部门,AUDITED_ENTERPRISE_DATA
GD-005,B42,产业精细化率,B,MISSING,精细化工及高端化工产品占比,count,,,,M01_NOT_COLLECTED,精细化工及高端化工产品占比；单位=%,企业服务部门,OFFICIAL_STATISTICS
GD-005,C11,危险化学品从业单位安全生产标准化建设,C,MISSING,园区危险化学品生产、经营、储存等企业安全生产标准化建设情况,—,,,,M01_NOT_COLLECTED,园区危险化学品生产、经营、储存等企业安全生产标准化建设情况；单位=%,应急与安全部门,OFFICIAL_STATISTICS
GD-005,C12,安全风险等级,C,MISSING,园区整体安全风险等级评估结果,—,,,,M01_NOT_COLLECTED,园区整体安全风险等级评估结果；单位=等级,应急与安全部门,OFFICIAL_STATISTICS
GD-005,C13,安全生产事故发生等级,C,MISSING,年度生产安全事故情况,—,,,,M01_NOT_COLLECTED,年度生产安全事故情况；单位=等级,应急与安全部门,OFFICIAL_STATISTICS
GD-005,C21,大气环境质量达标率,C,MONITORING_REQUIRED,园区环境空气质量达标情况,%,,,,M01_NOT_COLLECTED,园区环境空气质量达标情况；单位=%,生态环境部门,MONITORING_EXPORT
GD-005,C22,地表水环境质量达标率,C,MONITORING_REQUIRED,园区地表水断面达标情况,%,,,,M01_NOT_COLLECTED,园区地表水断面达标情况；单位=%,生态环境部门,MONITORING_EXPORT
GD-005,C23,地下水质量达标率,C,MONITORING_REQUIRED,地下水监测点位达标情况,%,,,,M01_NOT_COLLECTED,地下水监测点位达标情况；单位=%,生态环境部门,MONITORING_EXPORT
GD-005,C24,土壤质量达标率,C,MONITORING_REQUIRED,土壤环境质量监测达标情况,%,,,,M01_NOT_COLLECTED,土壤环境质量监测达标情况；单位=%,生态环境部门,MONITORING_EXPORT
GD-005,C31,单位工业总产值COD排放量,C,MONITORING_REQUIRED,单位工业总产值化学需氧量排放量,t/100m CNY,,,,M01_NOT_COLLECTED,COD排放量；同年度工业总产值；统计边界,生态环境部门,MONITORING_EXPORT
GD-005,C32,单位工业总产值氨氮排放量,C,MONITORING_REQUIRED,单位工业总产值氨氮排放量,t/100m CNY,,,,M01_NOT_COLLECTED,NH3-N排放量；同年度工业总产值；统计边界,生态环境部门,MONITORING_EXPORT
GD-005,C33,单位工业总产值SO₂排放量,C,MONITORING_REQUIRED,单位工业总产值二氧化硫排放量,t/100m CNY,,,,M01_NOT_COLLECTED,SO2排放量；同年度工业总产值；统计边界,生态环境部门,MONITORING_EXPORT
GD-005,C34,单位工业总产值氮氧化物排放量,C,MONITORING_REQUIRED,单位工业总产值NOx排放量,t/100m CNY,,,,M01_NOT_COLLECTED,NOx排放量；同年度工业总产值；统计边界,生态环境部门,MONITORING_EXPORT
GD-005,C35,单位工业总产值VOCs排放量,C,DEFINITION_PENDING,单位工业总产值挥发性有机物排放量,DEFINITION_PENDING,,,,M06_DEFINITION_UNCLEAR,VOCs排放量；同年度工业总产值；人工锁定定义,生态环境部门,MONITORING_EXPORT
GD-005,C41,单位工业总产值新鲜取水量,C,MONITORING_REQUIRED,每单位工业产值消耗的新鲜水资源,"m3/10,000 CNY",,,,M01_NOT_COLLECTED,新鲜水取用量；工业增加值；统计年度；统计边界,水务部门,MONITORING_EXPORT
GD-005,C42,再生水（中水）回用率,C,MONITORING_REQUIRED,再生水利用比例,%,,,,M01_NOT_COLLECTED,再生水实际利用量；园区总用水量；统计年度；统计边界,水务部门,MONITORING_EXPORT
GD-005,C51,单位工业增加值能耗削减率,C,MONITORING_REQUIRED,单位工业增加值综合能耗下降幅度,"tce/10,000 CNY",,,,M01_NOT_COLLECTED,综合能源消费量；工业增加值；统计年度；统计边界,能源与碳管理部门,MONITORING_EXPORT
GD-005,C52,绿色电力使用,C,MONITORING_REQUIRED,绿色电力消费比例,"tCO2/10,000 CNY",,,,M01_NOT_COLLECTED,CO2排放量；工业增加值；统计年度；统计边界,能源与碳管理部门,MONITORING_EXPORT
GD-005,C53,单位工业增加值CO₂排放量削减率,C,MONITORING_REQUIRED,单位工业增加值碳排放下降幅度,%,,,,M01_NOT_COLLECTED,单位工业增加值碳排放下降幅度；单位=%,能源与碳管理部门,OFFICIAL_STATISTICS
GD-005,C54,绿色工厂示范企业数量,C,PARK_SURVEY_REQUIRED,国家级、省级绿色工厂数量,count,,,,M01_NOT_COLLECTED,国家级、省级绿色工厂数量；单位=个,企业服务部门,OFFICIAL_STATISTICS
GD-005,C55,示范创建数量,C,PUBLIC_AVAILABLE,国家级、省级绿色园区、绿色供应链等示范创建数量,category,1,2026,S3E-0084,,国家级、省级绿色园区、绿色供应链等示范创建数量；单位=级别,园区综合管理部门,OFFICIAL_RECOGNITION
GD-005,D11,化工园区智慧化水平,D,MISSING,园区智慧管理平台建设情况，包括安全、环保、能源、应急、封闭化管理、公共服务等智慧化系统建设及运行情况。,ordinal evidence level,,,,M01_NOT_COLLECTED,园区智慧管理平台建设情况，包括安全、环保、能源、应急、封闭化管理、公共服务等智慧化系统建设及运行情况。；单位=等级,智慧园区管理部门,MANAGEMENT_SYSTEM_RECORD
GD-005,D21,省级及以上认定的智能工厂数量,D,PARK_SURVEY_REQUIRED,园区内获得国家级、省级智能工厂（或智能制造示范工厂）认定的企业数量。,%,,,,M01_NOT_COLLECTED,园区内获得国家级、省级智能工厂（或智能制造示范工厂）认定的企业数量。；单位=个,企业服务部门,OFFICIAL_STATISTICS
GD-006,A11,规模以上工业企业工业总产值,A,PARK_SURVEY_REQUIRED,园区规模以上工业企业工业总产值（亿元）,100 million CNY,,,,M01_NOT_COLLECTED,园区规模以上工业企业工业总产值（亿元）；单位=亿元,经济运行与统计部门,OFFICIAL_STATISTICS
GD-006,A12,规模以上工业企业工业总产值增长率,A,PARK_SURVEY_REQUIRED,当年规模以上工业企业工业总产值增长率（%）,CNY/person,,,,M01_NOT_COLLECTED,当年规模以上工业企业工业总产值增长率（%）；单位=%,经济运行与统计部门,OFFICIAL_STATISTICS
GD-006,A21,规模以上工业企业利润率,A,ENTERPRISE_REQUIRED,利润总额/营业收入×100%,%,,,,M01_NOT_COLLECTED,利润总额/营业收入×100%；单位=%,企业服务部门,AUDITED_ENTERPRISE_DATA
GD-006,A22,工业增加值增长率,A,PARK_SURVEY_REQUIRED,当年工业增加值增长率（%）,%,,,,M01_NOT_COLLECTED,当年工业增加值增长率（%）；单位=%,经济运行与统计部门,OFFICIAL_STATISTICS
GD-006,A23,人均产值,A,ENTERPRISE_REQUIRED,工业总产值÷从业人员数量（万元/人）,%,,,,M01_NOT_COLLECTED,工业总产值÷从业人员数量（万元/人）；单位=万元/人,企业服务部门,AUDITED_ENTERPRISE_DATA
GD-006,A31,亩均投资强度,A,PARK_SURVEY_REQUIRED,固定资产投资÷工业用地面积（万元/亩）,mu,,,,M01_NOT_COLLECTED,固定资产投资÷工业用地面积（万元/亩）；单位=万元/亩,经济运行与统计部门,OFFICIAL_STATISTICS
GD-006,A32,亩均产值,A,PARK_SURVEY_REQUIRED,工业总产值÷工业用地面积（万元/亩）,"10,000 CNY/mu",,,,M01_NOT_COLLECTED,工业总产值÷工业用地面积（万元/亩）；单位=万元/亩,经济运行与统计部门,OFFICIAL_STATISTICS
GD-006,A33,亩均税收,A,PARK_SURVEY_REQUIRED,税收收入÷工业用地面积（万元/亩）,%,,,,M01_NOT_COLLECTED,税收收入÷工业用地面积（万元/亩）；单位=万元/亩,经济运行与统计部门,OFFICIAL_STATISTICS
GD-006,A41,原料内供率,A,ENTERPRISE_REQUIRED,园区内企业原料互供比例,%,,,,M01_NOT_COLLECTED,园区内企业原料互供比例；单位=%,企业服务部门,AUDITED_ENTERPRISE_DATA
GD-006,B11,研发投入占主营业务收入的比重,B,ENTERPRISE_REQUIRED,园区规模以上工业企业研发经费支出占主营业务收入比例（%）,%,,,,M01_NOT_COLLECTED,园区规模以上工业企业研发经费支出占主营业务收入比例（%）；单位=%,科技创新部门,AUDITED_ENTERPRISE_DATA
GD-006,B12,优质企业数量,B,PARK_SURVEY_REQUIRED,"国家级制造业单项冠军企业、专精特新""小巨人""企业、高新技术企业等数量",count,,,,M01_NOT_COLLECTED,"国家级制造业单项冠军企业、专精特新""小巨人""企业、高新技术企业等数量；单位=个",企业服务部门,OFFICIAL_STATISTICS
GD-006,B13,上市公司所属企业数量,B,ENTERPRISE_REQUIRED,园区内上市公司及其控股企业数量,%,,,,M01_NOT_COLLECTED,园区内上市公司及其控股企业数量；单位=个,企业服务部门,AUDITED_ENTERPRISE_DATA
GD-006,B14,发明专利数,B,ENTERPRISE_REQUIRED,园区企业拥有的有效发明专利数量,count,,,,M01_NOT_COLLECTED,园区企业拥有的有效发明专利数量；单位=个,科技创新部门,AUDITED_ENTERPRISE_DATA
GD-006,B15,标准制定数,B,ENTERPRISE_REQUIRED,主导或参与制定国际、国家、行业及团体标准数量,count,,,,M01_NOT_COLLECTED,主导或参与制定国际、国家、行业及团体标准数量；单位=项,科技创新部门,AUDITED_ENTERPRISE_DATA
GD-006,B21,省级及以上研发机构数量,B,PARK_SURVEY_REQUIRED,国家级、省级重点实验室、工程研究中心、企业技术中心等创新平台数量,count,,,,M01_NOT_COLLECTED,国家级、省级重点实验室、工程研究中心、企业技术中心等创新平台数量；单位=个,科技创新部门,OFFICIAL_STATISTICS
GD-006,B22,产学研用融合平台,B,ENTERPRISE_REQUIRED,与高校、科研院所共建的平台数量,count,,,,M01_NOT_COLLECTED,与高校、科研院所共建的平台数量；单位=个,科技创新部门,AUDITED_ENTERPRISE_DATA
GD-006,B23,园区级以上中试基地,B,PARK_SURVEY_REQUIRED,已建成并投入运行的中试基地数量,count,,,,M01_NOT_COLLECTED,已建成并投入运行的中试基地数量；单位=是/否,科技创新部门,OFFICIAL_STATISTICS
GD-006,B31,产学研合作程度,B,DEFINITION_PENDING,园区企业开展产学研合作项目情况,DEFINITION_PENDING,,,,M06_DEFINITION_UNCLEAR,园区企业开展产学研合作项目情况；单位=%,科技创新部门,OFFICIAL_STATISTICS
GD-006,B32,技术引进,B,DEFINITION_PENDING,企业引进先进技术、成果转化情况,DEFINITION_PENDING,,,,M06_DEFINITION_UNCLEAR,企业引进先进技术、成果转化情况；单位=%,科技创新部门,OFFICIAL_STATISTICS
GD-006,B41,科技成果转化率,B,ENTERPRISE_REQUIRED,科技成果产业化、转化实施情况,count,,,,M01_NOT_COLLECTED,科技成果产业化、转化实施情况；单位=%,科技创新部门,AUDITED_ENTERPRISE_DATA
GD-006,B42,产业精细化率,B,MISSING,精细化工及高端化工产品占比,count,,,,M01_NOT_COLLECTED,精细化工及高端化工产品占比；单位=%,企业服务部门,OFFICIAL_STATISTICS
GD-006,C11,危险化学品从业单位安全生产标准化建设,C,MISSING,园区危险化学品生产、经营、储存等企业安全生产标准化建设情况,—,,,,M01_NOT_COLLECTED,园区危险化学品生产、经营、储存等企业安全生产标准化建设情况；单位=%,应急与安全部门,OFFICIAL_STATISTICS
GD-006,C12,安全风险等级,C,MISSING,园区整体安全风险等级评估结果,—,,,,M01_NOT_COLLECTED,园区整体安全风险等级评估结果；单位=等级,应急与安全部门,OFFICIAL_STATISTICS
GD-006,C13,安全生产事故发生等级,C,MISSING,年度生产安全事故情况,—,,,,M01_NOT_COLLECTED,年度生产安全事故情况；单位=等级,应急与安全部门,OFFICIAL_STATISTICS
GD-006,C21,大气环境质量达标率,C,MONITORING_REQUIRED,园区环境空气质量达标情况,%,,,,M01_NOT_COLLECTED,园区环境空气质量达标情况；单位=%,生态环境部门,MONITORING_EXPORT
GD-006,C22,地表水环境质量达标率,C,MONITORING_REQUIRED,园区地表水断面达标情况,%,,,,M01_NOT_COLLECTED,园区地表水断面达标情况；单位=%,生态环境部门,MONITORING_EXPORT
GD-006,C23,地下水质量达标率,C,MONITORING_REQUIRED,地下水监测点位达标情况,%,,,,M01_NOT_COLLECTED,地下水监测点位达标情况；单位=%,生态环境部门,MONITORING_EXPORT
GD-006,C24,土壤质量达标率,C,MONITORING_REQUIRED,土壤环境质量监测达标情况,%,,,,M01_NOT_COLLECTED,土壤环境质量监测达标情况；单位=%,生态环境部门,MONITORING_EXPORT
GD-006,C31,单位工业总产值COD排放量,C,MONITORING_REQUIRED,单位工业总产值化学需氧量排放量,t/100m CNY,,,,M01_NOT_COLLECTED,COD排放量；同年度工业总产值；统计边界,生态环境部门,MONITORING_EXPORT
GD-006,C32,单位工业总产值氨氮排放量,C,MONITORING_REQUIRED,单位工业总产值氨氮排放量,t/100m CNY,,,,M01_NOT_COLLECTED,NH3-N排放量；同年度工业总产值；统计边界,生态环境部门,MONITORING_EXPORT
GD-006,C33,单位工业总产值SO₂排放量,C,MONITORING_REQUIRED,单位工业总产值二氧化硫排放量,t/100m CNY,,,,M01_NOT_COLLECTED,SO2排放量；同年度工业总产值；统计边界,生态环境部门,MONITORING_EXPORT
GD-006,C34,单位工业总产值氮氧化物排放量,C,MONITORING_REQUIRED,单位工业总产值NOx排放量,t/100m CNY,,,,M01_NOT_COLLECTED,NOx排放量；同年度工业总产值；统计边界,生态环境部门,MONITORING_EXPORT
GD-006,C35,单位工业总产值VOCs排放量,C,DEFINITION_PENDING,单位工业总产值挥发性有机物排放量,DEFINITION_PENDING,,,,M06_DEFINITION_UNCLEAR,VOCs排放量；同年度工业总产值；人工锁定定义,生态环境部门,MONITORING_EXPORT
GD-006,C41,单位工业总产值新鲜取水量,C,MONITORING_REQUIRED,每单位工业产值消耗的新鲜水资源,"m3/10,000 CNY",,,,M01_NOT_COLLECTED,新鲜水取用量；工业增加值；统计年度；统计边界,水务部门,MONITORING_EXPORT
GD-006,C42,再生水（中水）回用率,C,MONITORING_REQUIRED,再生水利用比例,%,,,,M01_NOT_COLLECTED,再生水实际利用量；园区总用水量；统计年度；统计边界,水务部门,MONITORING_EXPORT
GD-006,C51,单位工业增加值能耗削减率,C,MONITORING_REQUIRED,单位工业增加值综合能耗下降幅度,"tce/10,000 CNY",,,,M01_NOT_COLLECTED,综合能源消费量；工业增加值；统计年度；统计边界,能源与碳管理部门,MONITORING_EXPORT
GD-006,C52,绿色电力使用,C,MONITORING_REQUIRED,绿色电力消费比例,"tCO2/10,000 CNY",,,,M01_NOT_COLLECTED,CO2排放量；工业增加值；统计年度；统计边界,能源与碳管理部门,MONITORING_EXPORT
GD-006,C53,单位工业增加值CO₂排放量削减率,C,MONITORING_REQUIRED,单位工业增加值碳排放下降幅度,%,,,,M01_NOT_COLLECTED,单位工业增加值碳排放下降幅度；单位=%,能源与碳管理部门,OFFICIAL_STATISTICS
GD-006,C54,绿色工厂示范企业数量,C,PARK_SURVEY_REQUIRED,国家级、省级绿色工厂数量,count,,,,M01_NOT_COLLECTED,国家级、省级绿色工厂数量；单位=个,企业服务部门,OFFICIAL_STATISTICS
GD-006,C55,示范创建数量,C,PUBLIC_AVAILABLE,国家级、省级绿色园区、绿色供应链等示范创建数量,category,1,2026,S3E-0085,,国家级、省级绿色园区、绿色供应链等示范创建数量；单位=级别,园区综合管理部门,OFFICIAL_RECOGNITION
GD-006,D11,化工园区智慧化水平,D,MISSING,园区智慧管理平台建设情况，包括安全、环保、能源、应急、封闭化管理、公共服务等智慧化系统建设及运行情况。,ordinal evidence level,,,,M01_NOT_COLLECTED,园区智慧管理平台建设情况，包括安全、环保、能源、应急、封闭化管理、公共服务等智慧化系统建设及运行情况。；单位=等级,智慧园区管理部门,MANAGEMENT_SYSTEM_RECORD
GD-006,D21,省级及以上认定的智能工厂数量,D,PARK_SURVEY_REQUIRED,园区内获得国家级、省级智能工厂（或智能制造示范工厂）认定的企业数量。,%,,,,M01_NOT_COLLECTED,园区内获得国家级、省级智能工厂（或智能制造示范工厂）认定的企业数量。；单位=个,企业服务部门,OFFICIAL_STATISTICS
GD-007,A11,规模以上工业企业工业总产值,A,PARK_SURVEY_REQUIRED,园区规模以上工业企业工业总产值（亿元）,100 million CNY,,,,M01_NOT_COLLECTED,园区规模以上工业企业工业总产值（亿元）；单位=亿元,经济运行与统计部门,OFFICIAL_STATISTICS
GD-007,A12,规模以上工业企业工业总产值增长率,A,PARK_SURVEY_REQUIRED,当年规模以上工业企业工业总产值增长率（%）,CNY/person,,,,M01_NOT_COLLECTED,当年规模以上工业企业工业总产值增长率（%）；单位=%,经济运行与统计部门,OFFICIAL_STATISTICS
GD-007,A21,规模以上工业企业利润率,A,ENTERPRISE_REQUIRED,利润总额/营业收入×100%,%,,,,M01_NOT_COLLECTED,利润总额/营业收入×100%；单位=%,企业服务部门,AUDITED_ENTERPRISE_DATA
GD-007,A22,工业增加值增长率,A,PARK_SURVEY_REQUIRED,当年工业增加值增长率（%）,%,,,,M01_NOT_COLLECTED,当年工业增加值增长率（%）；单位=%,经济运行与统计部门,OFFICIAL_STATISTICS
GD-007,A23,人均产值,A,ENTERPRISE_REQUIRED,工业总产值÷从业人员数量（万元/人）,%,,,,M01_NOT_COLLECTED,工业总产值÷从业人员数量（万元/人）；单位=万元/人,企业服务部门,AUDITED_ENTERPRISE_DATA
GD-007,A31,亩均投资强度,A,PARK_SURVEY_REQUIRED,固定资产投资÷工业用地面积（万元/亩）,mu,,,,M01_NOT_COLLECTED,固定资产投资÷工业用地面积（万元/亩）；单位=万元/亩,经济运行与统计部门,OFFICIAL_STATISTICS
GD-007,A32,亩均产值,A,PARK_SURVEY_REQUIRED,工业总产值÷工业用地面积（万元/亩）,"10,000 CNY/mu",,,,M01_NOT_COLLECTED,工业总产值÷工业用地面积（万元/亩）；单位=万元/亩,经济运行与统计部门,OFFICIAL_STATISTICS
GD-007,A33,亩均税收,A,PARK_SURVEY_REQUIRED,税收收入÷工业用地面积（万元/亩）,%,,,,M01_NOT_COLLECTED,税收收入÷工业用地面积（万元/亩）；单位=万元/亩,经济运行与统计部门,OFFICIAL_STATISTICS
GD-007,A41,原料内供率,A,ENTERPRISE_REQUIRED,园区内企业原料互供比例,%,,,,M01_NOT_COLLECTED,园区内企业原料互供比例；单位=%,企业服务部门,AUDITED_ENTERPRISE_DATA
GD-007,B11,研发投入占主营业务收入的比重,B,ENTERPRISE_REQUIRED,园区规模以上工业企业研发经费支出占主营业务收入比例（%）,%,,,,M01_NOT_COLLECTED,园区规模以上工业企业研发经费支出占主营业务收入比例（%）；单位=%,科技创新部门,AUDITED_ENTERPRISE_DATA
GD-007,B12,优质企业数量,B,PARK_SURVEY_REQUIRED,"国家级制造业单项冠军企业、专精特新""小巨人""企业、高新技术企业等数量",count,,,,M01_NOT_COLLECTED,"国家级制造业单项冠军企业、专精特新""小巨人""企业、高新技术企业等数量；单位=个",企业服务部门,OFFICIAL_STATISTICS
GD-007,B13,上市公司所属企业数量,B,ENTERPRISE_REQUIRED,园区内上市公司及其控股企业数量,%,,,,M01_NOT_COLLECTED,园区内上市公司及其控股企业数量；单位=个,企业服务部门,AUDITED_ENTERPRISE_DATA
GD-007,B14,发明专利数,B,ENTERPRISE_REQUIRED,园区企业拥有的有效发明专利数量,count,,,,M01_NOT_COLLECTED,园区企业拥有的有效发明专利数量；单位=个,科技创新部门,AUDITED_ENTERPRISE_DATA
GD-007,B15,标准制定数,B,ENTERPRISE_REQUIRED,主导或参与制定国际、国家、行业及团体标准数量,count,,,,M01_NOT_COLLECTED,主导或参与制定国际、国家、行业及团体标准数量；单位=项,科技创新部门,AUDITED_ENTERPRISE_DATA
GD-007,B21,省级及以上研发机构数量,B,PARK_SURVEY_REQUIRED,国家级、省级重点实验室、工程研究中心、企业技术中心等创新平台数量,count,,,,M01_NOT_COLLECTED,国家级、省级重点实验室、工程研究中心、企业技术中心等创新平台数量；单位=个,科技创新部门,OFFICIAL_STATISTICS
GD-007,B22,产学研用融合平台,B,ENTERPRISE_REQUIRED,与高校、科研院所共建的平台数量,count,,,,M01_NOT_COLLECTED,与高校、科研院所共建的平台数量；单位=个,科技创新部门,AUDITED_ENTERPRISE_DATA
GD-007,B23,园区级以上中试基地,B,PARK_SURVEY_REQUIRED,已建成并投入运行的中试基地数量,count,,,,M01_NOT_COLLECTED,已建成并投入运行的中试基地数量；单位=是/否,科技创新部门,OFFICIAL_STATISTICS
GD-007,B31,产学研合作程度,B,DEFINITION_PENDING,园区企业开展产学研合作项目情况,DEFINITION_PENDING,,,,M06_DEFINITION_UNCLEAR,园区企业开展产学研合作项目情况；单位=%,科技创新部门,OFFICIAL_STATISTICS
GD-007,B32,技术引进,B,DEFINITION_PENDING,企业引进先进技术、成果转化情况,DEFINITION_PENDING,,,,M06_DEFINITION_UNCLEAR,企业引进先进技术、成果转化情况；单位=%,科技创新部门,OFFICIAL_STATISTICS
GD-007,B41,科技成果转化率,B,ENTERPRISE_REQUIRED,科技成果产业化、转化实施情况,count,,,,M01_NOT_COLLECTED,科技成果产业化、转化实施情况；单位=%,科技创新部门,AUDITED_ENTERPRISE_DATA
GD-007,B42,产业精细化率,B,MISSING,精细化工及高端化工产品占比,count,,,,M01_NOT_COLLECTED,精细化工及高端化工产品占比；单位=%,企业服务部门,OFFICIAL_STATISTICS
GD-007,C11,危险化学品从业单位安全生产标准化建设,C,MISSING,园区危险化学品生产、经营、储存等企业安全生产标准化建设情况,—,,,,M01_NOT_COLLECTED,园区危险化学品生产、经营、储存等企业安全生产标准化建设情况；单位=%,应急与安全部门,OFFICIAL_STATISTICS
GD-007,C12,安全风险等级,C,MISSING,园区整体安全风险等级评估结果,—,,,,M01_NOT_COLLECTED,园区整体安全风险等级评估结果；单位=等级,应急与安全部门,OFFICIAL_STATISTICS
GD-007,C13,安全生产事故发生等级,C,MISSING,年度生产安全事故情况,—,,,,M01_NOT_COLLECTED,年度生产安全事故情况；单位=等级,应急与安全部门,OFFICIAL_STATISTICS
GD-007,C21,大气环境质量达标率,C,MONITORING_REQUIRED,园区环境空气质量达标情况,%,,,,M01_NOT_COLLECTED,园区环境空气质量达标情况；单位=%,生态环境部门,MONITORING_EXPORT
GD-007,C22,地表水环境质量达标率,C,MONITORING_REQUIRED,园区地表水断面达标情况,%,,,,M01_NOT_COLLECTED,园区地表水断面达标情况；单位=%,生态环境部门,MONITORING_EXPORT
GD-007,C23,地下水质量达标率,C,MONITORING_REQUIRED,地下水监测点位达标情况,%,,,,M01_NOT_COLLECTED,地下水监测点位达标情况；单位=%,生态环境部门,MONITORING_EXPORT
GD-007,C24,土壤质量达标率,C,MONITORING_REQUIRED,土壤环境质量监测达标情况,%,,,,M01_NOT_COLLECTED,土壤环境质量监测达标情况；单位=%,生态环境部门,MONITORING_EXPORT
GD-007,C31,单位工业总产值COD排放量,C,MONITORING_REQUIRED,单位工业总产值化学需氧量排放量,t/100m CNY,,,,M01_NOT_COLLECTED,COD排放量；同年度工业总产值；统计边界,生态环境部门,MONITORING_EXPORT
GD-007,C32,单位工业总产值氨氮排放量,C,MONITORING_REQUIRED,单位工业总产值氨氮排放量,t/100m CNY,,,,M01_NOT_COLLECTED,NH3-N排放量；同年度工业总产值；统计边界,生态环境部门,MONITORING_EXPORT
GD-007,C33,单位工业总产值SO₂排放量,C,MONITORING_REQUIRED,单位工业总产值二氧化硫排放量,t/100m CNY,,,,M01_NOT_COLLECTED,SO2排放量；同年度工业总产值；统计边界,生态环境部门,MONITORING_EXPORT
GD-007,C34,单位工业总产值氮氧化物排放量,C,MONITORING_REQUIRED,单位工业总产值NOx排放量,t/100m CNY,,,,M01_NOT_COLLECTED,NOx排放量；同年度工业总产值；统计边界,生态环境部门,MONITORING_EXPORT
GD-007,C35,单位工业总产值VOCs排放量,C,DEFINITION_PENDING,单位工业总产值挥发性有机物排放量,DEFINITION_PENDING,,,,M06_DEFINITION_UNCLEAR,VOCs排放量；同年度工业总产值；人工锁定定义,生态环境部门,MONITORING_EXPORT
GD-007,C41,单位工业总产值新鲜取水量,C,MONITORING_REQUIRED,每单位工业产值消耗的新鲜水资源,"m3/10,000 CNY",,,,M01_NOT_COLLECTED,新鲜水取用量；工业增加值；统计年度；统计边界,水务部门,MONITORING_EXPORT
GD-007,C42,再生水（中水）回用率,C,MONITORING_REQUIRED,再生水利用比例,%,,,,M01_NOT_COLLECTED,再生水实际利用量；园区总用水量；统计年度；统计边界,水务部门,MONITORING_EXPORT
GD-007,C51,单位工业增加值能耗削减率,C,MONITORING_REQUIRED,单位工业增加值综合能耗下降幅度,"tce/10,000 CNY",,,,M01_NOT_COLLECTED,综合能源消费量；工业增加值；统计年度；统计边界,能源与碳管理部门,MONITORING_EXPORT
GD-007,C52,绿色电力使用,C,MONITORING_REQUIRED,绿色电力消费比例,"tCO2/10,000 CNY",,,,M01_NOT_COLLECTED,CO2排放量；工业增加值；统计年度；统计边界,能源与碳管理部门,MONITORING_EXPORT
GD-007,C53,单位工业增加值CO₂排放量削减率,C,MONITORING_REQUIRED,单位工业增加值碳排放下降幅度,%,,,,M01_NOT_COLLECTED,单位工业增加值碳排放下降幅度；单位=%,能源与碳管理部门,OFFICIAL_STATISTICS
GD-007,C54,绿色工厂示范企业数量,C,PARK_SURVEY_REQUIRED,国家级、省级绿色工厂数量,count,,,,M01_NOT_COLLECTED,国家级、省级绿色工厂数量；单位=个,企业服务部门,OFFICIAL_STATISTICS
GD-007,C55,示范创建数量,C,PUBLIC_AVAILABLE,国家级、省级绿色园区、绿色供应链等示范创建数量,category,1,2026,S3E-0086,,国家级、省级绿色园区、绿色供应链等示范创建数量；单位=级别,园区综合管理部门,OFFICIAL_RECOGNITION
GD-007,D11,化工园区智慧化水平,D,MISSING,园区智慧管理平台建设情况，包括安全、环保、能源、应急、封闭化管理、公共服务等智慧化系统建设及运行情况。,ordinal evidence level,,,,M01_NOT_COLLECTED,园区智慧管理平台建设情况，包括安全、环保、能源、应急、封闭化管理、公共服务等智慧化系统建设及运行情况。；单位=等级,智慧园区管理部门,MANAGEMENT_SYSTEM_RECORD
GD-007,D21,省级及以上认定的智能工厂数量,D,PARK_SURVEY_REQUIRED,园区内获得国家级、省级智能工厂（或智能制造示范工厂）认定的企业数量。,%,,,,M01_NOT_COLLECTED,园区内获得国家级、省级智能工厂（或智能制造示范工厂）认定的企业数量。；单位=个,企业服务部门,OFFICIAL_STATISTICS
GD-008,A11,规模以上工业企业工业总产值,A,PARK_SURVEY_REQUIRED,园区规模以上工业企业工业总产值（亿元）,100 million CNY,,,,M01_NOT_COLLECTED,园区规模以上工业企业工业总产值（亿元）；单位=亿元,经济运行与统计部门,OFFICIAL_STATISTICS
GD-008,A12,规模以上工业企业工业总产值增长率,A,PARK_SURVEY_REQUIRED,当年规模以上工业企业工业总产值增长率（%）,CNY/person,,,,M01_NOT_COLLECTED,当年规模以上工业企业工业总产值增长率（%）；单位=%,经济运行与统计部门,OFFICIAL_STATISTICS
GD-008,A21,规模以上工业企业利润率,A,ENTERPRISE_REQUIRED,利润总额/营业收入×100%,%,,,,M01_NOT_COLLECTED,利润总额/营业收入×100%；单位=%,企业服务部门,AUDITED_ENTERPRISE_DATA
GD-008,A22,工业增加值增长率,A,PARK_SURVEY_REQUIRED,当年工业增加值增长率（%）,%,,,,M01_NOT_COLLECTED,当年工业增加值增长率（%）；单位=%,经济运行与统计部门,OFFICIAL_STATISTICS
GD-008,A23,人均产值,A,ENTERPRISE_REQUIRED,工业总产值÷从业人员数量（万元/人）,%,,,,M01_NOT_COLLECTED,工业总产值÷从业人员数量（万元/人）；单位=万元/人,企业服务部门,AUDITED_ENTERPRISE_DATA
GD-008,A31,亩均投资强度,A,PARK_SURVEY_REQUIRED,固定资产投资÷工业用地面积（万元/亩）,mu,,,,M01_NOT_COLLECTED,固定资产投资÷工业用地面积（万元/亩）；单位=万元/亩,经济运行与统计部门,OFFICIAL_STATISTICS
GD-008,A32,亩均产值,A,PARK_SURVEY_REQUIRED,工业总产值÷工业用地面积（万元/亩）,"10,000 CNY/mu",,,,M01_NOT_COLLECTED,工业总产值÷工业用地面积（万元/亩）；单位=万元/亩,经济运行与统计部门,OFFICIAL_STATISTICS
GD-008,A33,亩均税收,A,PARK_SURVEY_REQUIRED,税收收入÷工业用地面积（万元/亩）,%,,,,M01_NOT_COLLECTED,税收收入÷工业用地面积（万元/亩）；单位=万元/亩,经济运行与统计部门,OFFICIAL_STATISTICS
GD-008,A41,原料内供率,A,ENTERPRISE_REQUIRED,园区内企业原料互供比例,%,,,,M01_NOT_COLLECTED,园区内企业原料互供比例；单位=%,企业服务部门,AUDITED_ENTERPRISE_DATA
GD-008,B11,研发投入占主营业务收入的比重,B,ENTERPRISE_REQUIRED,园区规模以上工业企业研发经费支出占主营业务收入比例（%）,%,,,,M01_NOT_COLLECTED,园区规模以上工业企业研发经费支出占主营业务收入比例（%）；单位=%,科技创新部门,AUDITED_ENTERPRISE_DATA
GD-008,B12,优质企业数量,B,PARK_SURVEY_REQUIRED,"国家级制造业单项冠军企业、专精特新""小巨人""企业、高新技术企业等数量",count,,,,M01_NOT_COLLECTED,"国家级制造业单项冠军企业、专精特新""小巨人""企业、高新技术企业等数量；单位=个",企业服务部门,OFFICIAL_STATISTICS
GD-008,B13,上市公司所属企业数量,B,ENTERPRISE_REQUIRED,园区内上市公司及其控股企业数量,%,,,,M01_NOT_COLLECTED,园区内上市公司及其控股企业数量；单位=个,企业服务部门,AUDITED_ENTERPRISE_DATA
GD-008,B14,发明专利数,B,ENTERPRISE_REQUIRED,园区企业拥有的有效发明专利数量,count,,,,M01_NOT_COLLECTED,园区企业拥有的有效发明专利数量；单位=个,科技创新部门,AUDITED_ENTERPRISE_DATA
GD-008,B15,标准制定数,B,ENTERPRISE_REQUIRED,主导或参与制定国际、国家、行业及团体标准数量,count,,,,M01_NOT_COLLECTED,主导或参与制定国际、国家、行业及团体标准数量；单位=项,科技创新部门,AUDITED_ENTERPRISE_DATA
GD-008,B21,省级及以上研发机构数量,B,PARK_SURVEY_REQUIRED,国家级、省级重点实验室、工程研究中心、企业技术中心等创新平台数量,count,,,,M01_NOT_COLLECTED,国家级、省级重点实验室、工程研究中心、企业技术中心等创新平台数量；单位=个,科技创新部门,OFFICIAL_STATISTICS
GD-008,B22,产学研用融合平台,B,ENTERPRISE_REQUIRED,与高校、科研院所共建的平台数量,count,,,,M01_NOT_COLLECTED,与高校、科研院所共建的平台数量；单位=个,科技创新部门,AUDITED_ENTERPRISE_DATA
GD-008,B23,园区级以上中试基地,B,PARK_SURVEY_REQUIRED,已建成并投入运行的中试基地数量,count,,,,M01_NOT_COLLECTED,已建成并投入运行的中试基地数量；单位=是/否,科技创新部门,OFFICIAL_STATISTICS
GD-008,B31,产学研合作程度,B,DEFINITION_PENDING,园区企业开展产学研合作项目情况,DEFINITION_PENDING,,,,M06_DEFINITION_UNCLEAR,园区企业开展产学研合作项目情况；单位=%,科技创新部门,OFFICIAL_STATISTICS
GD-008,B32,技术引进,B,DEFINITION_PENDING,企业引进先进技术、成果转化情况,DEFINITION_PENDING,,,,M06_DEFINITION_UNCLEAR,企业引进先进技术、成果转化情况；单位=%,科技创新部门,OFFICIAL_STATISTICS
GD-008,B41,科技成果转化率,B,ENTERPRISE_REQUIRED,科技成果产业化、转化实施情况,count,,,,M01_NOT_COLLECTED,科技成果产业化、转化实施情况；单位=%,科技创新部门,AUDITED_ENTERPRISE_DATA
GD-008,B42,产业精细化率,B,MISSING,精细化工及高端化工产品占比,count,,,,M01_NOT_COLLECTED,精细化工及高端化工产品占比；单位=%,企业服务部门,OFFICIAL_STATISTICS
GD-008,C11,危险化学品从业单位安全生产标准化建设,C,MISSING,园区危险化学品生产、经营、储存等企业安全生产标准化建设情况,—,,,,M01_NOT_COLLECTED,园区危险化学品生产、经营、储存等企业安全生产标准化建设情况；单位=%,应急与安全部门,OFFICIAL_STATISTICS
GD-008,C12,安全风险等级,C,MISSING,园区整体安全风险等级评估结果,—,,,,M01_NOT_COLLECTED,园区整体安全风险等级评估结果；单位=等级,应急与安全部门,OFFICIAL_STATISTICS
GD-008,C13,安全生产事故发生等级,C,MISSING,年度生产安全事故情况,—,,,,M01_NOT_COLLECTED,年度生产安全事故情况；单位=等级,应急与安全部门,OFFICIAL_STATISTICS
GD-008,C21,大气环境质量达标率,C,MONITORING_REQUIRED,园区环境空气质量达标情况,%,,,,M01_NOT_COLLECTED,园区环境空气质量达标情况；单位=%,生态环境部门,MONITORING_EXPORT
GD-008,C22,地表水环境质量达标率,C,MONITORING_REQUIRED,园区地表水断面达标情况,%,,,,M01_NOT_COLLECTED,园区地表水断面达标情况；单位=%,生态环境部门,MONITORING_EXPORT
GD-008,C23,地下水质量达标率,C,MONITORING_REQUIRED,地下水监测点位达标情况,%,,,,M01_NOT_COLLECTED,地下水监测点位达标情况；单位=%,生态环境部门,MONITORING_EXPORT
GD-008,C24,土壤质量达标率,C,MONITORING_REQUIRED,土壤环境质量监测达标情况,%,,,,M01_NOT_COLLECTED,土壤环境质量监测达标情况；单位=%,生态环境部门,MONITORING_EXPORT
GD-008,C31,单位工业总产值COD排放量,C,MONITORING_REQUIRED,单位工业总产值化学需氧量排放量,t/100m CNY,,,,M01_NOT_COLLECTED,COD排放量；同年度工业总产值；统计边界,生态环境部门,MONITORING_EXPORT
GD-008,C32,单位工业总产值氨氮排放量,C,MONITORING_REQUIRED,单位工业总产值氨氮排放量,t/100m CNY,,,,M01_NOT_COLLECTED,NH3-N排放量；同年度工业总产值；统计边界,生态环境部门,MONITORING_EXPORT
GD-008,C33,单位工业总产值SO₂排放量,C,MONITORING_REQUIRED,单位工业总产值二氧化硫排放量,t/100m CNY,,,,M01_NOT_COLLECTED,SO2排放量；同年度工业总产值；统计边界,生态环境部门,MONITORING_EXPORT
GD-008,C34,单位工业总产值氮氧化物排放量,C,MONITORING_REQUIRED,单位工业总产值NOx排放量,t/100m CNY,,,,M01_NOT_COLLECTED,NOx排放量；同年度工业总产值；统计边界,生态环境部门,MONITORING_EXPORT
GD-008,C35,单位工业总产值VOCs排放量,C,DEFINITION_PENDING,单位工业总产值挥发性有机物排放量,DEFINITION_PENDING,,,,M06_DEFINITION_UNCLEAR,VOCs排放量；同年度工业总产值；人工锁定定义,生态环境部门,MONITORING_EXPORT
GD-008,C41,单位工业总产值新鲜取水量,C,MONITORING_REQUIRED,每单位工业产值消耗的新鲜水资源,"m3/10,000 CNY",,,,M01_NOT_COLLECTED,新鲜水取用量；工业增加值；统计年度；统计边界,水务部门,MONITORING_EXPORT
GD-008,C42,再生水（中水）回用率,C,MONITORING_REQUIRED,再生水利用比例,%,,,,M01_NOT_COLLECTED,再生水实际利用量；园区总用水量；统计年度；统计边界,水务部门,MONITORING_EXPORT
GD-008,C51,单位工业增加值能耗削减率,C,MONITORING_REQUIRED,单位工业增加值综合能耗下降幅度,"tce/10,000 CNY",,,,M01_NOT_COLLECTED,综合能源消费量；工业增加值；统计年度；统计边界,能源与碳管理部门,MONITORING_EXPORT
GD-008,C52,绿色电力使用,C,MONITORING_REQUIRED,绿色电力消费比例,"tCO2/10,000 CNY",,,,M01_NOT_COLLECTED,CO2排放量；工业增加值；统计年度；统计边界,能源与碳管理部门,MONITORING_EXPORT
GD-008,C53,单位工业增加值CO₂排放量削减率,C,MONITORING_REQUIRED,单位工业增加值碳排放下降幅度,%,,,,M01_NOT_COLLECTED,单位工业增加值碳排放下降幅度；单位=%,能源与碳管理部门,OFFICIAL_STATISTICS
GD-008,C54,绿色工厂示范企业数量,C,PARK_SURVEY_REQUIRED,国家级、省级绿色工厂数量,count,,,,M01_NOT_COLLECTED,国家级、省级绿色工厂数量；单位=个,企业服务部门,OFFICIAL_STATISTICS
GD-008,C55,示范创建数量,C,PUBLIC_AVAILABLE,国家级、省级绿色园区、绿色供应链等示范创建数量,category,1,2026,S3E-0087,,国家级、省级绿色园区、绿色供应链等示范创建数量；单位=级别,园区综合管理部门,OFFICIAL_RECOGNITION
GD-008,D11,化工园区智慧化水平,D,MISSING,园区智慧管理平台建设情况，包括安全、环保、能源、应急、封闭化管理、公共服务等智慧化系统建设及运行情况。,ordinal evidence level,,,,M01_NOT_COLLECTED,园区智慧管理平台建设情况，包括安全、环保、能源、应急、封闭化管理、公共服务等智慧化系统建设及运行情况。；单位=等级,智慧园区管理部门,MANAGEMENT_SYSTEM_RECORD
GD-008,D21,省级及以上认定的智能工厂数量,D,PARK_SURVEY_REQUIRED,园区内获得国家级、省级智能工厂（或智能制造示范工厂）认定的企业数量。,%,,,,M01_NOT_COLLECTED,园区内获得国家级、省级智能工厂（或智能制造示范工厂）认定的企业数量。；单位=个,企业服务部门,OFFICIAL_STATISTICS
GD-009,A11,规模以上工业企业工业总产值,A,PARK_SURVEY_REQUIRED,园区规模以上工业企业工业总产值（亿元）,100 million CNY,,,,M01_NOT_COLLECTED,园区规模以上工业企业工业总产值（亿元）；单位=亿元,经济运行与统计部门,OFFICIAL_STATISTICS
GD-009,A12,规模以上工业企业工业总产值增长率,A,PARK_SURVEY_REQUIRED,当年规模以上工业企业工业总产值增长率（%）,CNY/person,,,,M01_NOT_COLLECTED,当年规模以上工业企业工业总产值增长率（%）；单位=%,经济运行与统计部门,OFFICIAL_STATISTICS
GD-009,A21,规模以上工业企业利润率,A,ENTERPRISE_REQUIRED,利润总额/营业收入×100%,%,,,,M01_NOT_COLLECTED,利润总额/营业收入×100%；单位=%,企业服务部门,AUDITED_ENTERPRISE_DATA
GD-009,A22,工业增加值增长率,A,PARK_SURVEY_REQUIRED,当年工业增加值增长率（%）,%,,,,M01_NOT_COLLECTED,当年工业增加值增长率（%）；单位=%,经济运行与统计部门,OFFICIAL_STATISTICS
GD-009,A23,人均产值,A,ENTERPRISE_REQUIRED,工业总产值÷从业人员数量（万元/人）,%,,,,M01_NOT_COLLECTED,工业总产值÷从业人员数量（万元/人）；单位=万元/人,企业服务部门,AUDITED_ENTERPRISE_DATA
GD-009,A31,亩均投资强度,A,PARK_SURVEY_REQUIRED,固定资产投资÷工业用地面积（万元/亩）,mu,,,,M01_NOT_COLLECTED,固定资产投资÷工业用地面积（万元/亩）；单位=万元/亩,经济运行与统计部门,OFFICIAL_STATISTICS
GD-009,A32,亩均产值,A,PARK_SURVEY_REQUIRED,工业总产值÷工业用地面积（万元/亩）,"10,000 CNY/mu",,,,M01_NOT_COLLECTED,工业总产值÷工业用地面积（万元/亩）；单位=万元/亩,经济运行与统计部门,OFFICIAL_STATISTICS
GD-009,A33,亩均税收,A,PARK_SURVEY_REQUIRED,税收收入÷工业用地面积（万元/亩）,%,,,,M01_NOT_COLLECTED,税收收入÷工业用地面积（万元/亩）；单位=万元/亩,经济运行与统计部门,OFFICIAL_STATISTICS
GD-009,A41,原料内供率,A,ENTERPRISE_REQUIRED,园区内企业原料互供比例,%,,,,M01_NOT_COLLECTED,园区内企业原料互供比例；单位=%,企业服务部门,AUDITED_ENTERPRISE_DATA
GD-009,B11,研发投入占主营业务收入的比重,B,ENTERPRISE_REQUIRED,园区规模以上工业企业研发经费支出占主营业务收入比例（%）,%,,,,M01_NOT_COLLECTED,园区规模以上工业企业研发经费支出占主营业务收入比例（%）；单位=%,科技创新部门,AUDITED_ENTERPRISE_DATA
GD-009,B12,优质企业数量,B,PARK_SURVEY_REQUIRED,"国家级制造业单项冠军企业、专精特新""小巨人""企业、高新技术企业等数量",count,,,,M01_NOT_COLLECTED,"国家级制造业单项冠军企业、专精特新""小巨人""企业、高新技术企业等数量；单位=个",企业服务部门,OFFICIAL_STATISTICS
GD-009,B13,上市公司所属企业数量,B,ENTERPRISE_REQUIRED,园区内上市公司及其控股企业数量,%,,,,M01_NOT_COLLECTED,园区内上市公司及其控股企业数量；单位=个,企业服务部门,AUDITED_ENTERPRISE_DATA
GD-009,B14,发明专利数,B,ENTERPRISE_REQUIRED,园区企业拥有的有效发明专利数量,count,,,,M01_NOT_COLLECTED,园区企业拥有的有效发明专利数量；单位=个,科技创新部门,AUDITED_ENTERPRISE_DATA
GD-009,B15,标准制定数,B,ENTERPRISE_REQUIRED,主导或参与制定国际、国家、行业及团体标准数量,count,,,,M01_NOT_COLLECTED,主导或参与制定国际、国家、行业及团体标准数量；单位=项,科技创新部门,AUDITED_ENTERPRISE_DATA
GD-009,B21,省级及以上研发机构数量,B,PARK_SURVEY_REQUIRED,国家级、省级重点实验室、工程研究中心、企业技术中心等创新平台数量,count,,,,M01_NOT_COLLECTED,国家级、省级重点实验室、工程研究中心、企业技术中心等创新平台数量；单位=个,科技创新部门,OFFICIAL_STATISTICS
GD-009,B22,产学研用融合平台,B,ENTERPRISE_REQUIRED,与高校、科研院所共建的平台数量,count,,,,M01_NOT_COLLECTED,与高校、科研院所共建的平台数量；单位=个,科技创新部门,AUDITED_ENTERPRISE_DATA
GD-009,B23,园区级以上中试基地,B,PARK_SURVEY_REQUIRED,已建成并投入运行的中试基地数量,count,,,,M01_NOT_COLLECTED,已建成并投入运行的中试基地数量；单位=是/否,科技创新部门,OFFICIAL_STATISTICS
GD-009,B31,产学研合作程度,B,DEFINITION_PENDING,园区企业开展产学研合作项目情况,DEFINITION_PENDING,,,,M06_DEFINITION_UNCLEAR,园区企业开展产学研合作项目情况；单位=%,科技创新部门,OFFICIAL_STATISTICS
GD-009,B32,技术引进,B,DEFINITION_PENDING,企业引进先进技术、成果转化情况,DEFINITION_PENDING,,,,M06_DEFINITION_UNCLEAR,企业引进先进技术、成果转化情况；单位=%,科技创新部门,OFFICIAL_STATISTICS
GD-009,B41,科技成果转化率,B,ENTERPRISE_REQUIRED,科技成果产业化、转化实施情况,count,,,,M01_NOT_COLLECTED,科技成果产业化、转化实施情况；单位=%,科技创新部门,AUDITED_ENTERPRISE_DATA
GD-009,B42,产业精细化率,B,MISSING,精细化工及高端化工产品占比,count,,,,M01_NOT_COLLECTED,精细化工及高端化工产品占比；单位=%,企业服务部门,OFFICIAL_STATISTICS
GD-009,C11,危险化学品从业单位安全生产标准化建设,C,MISSING,园区危险化学品生产、经营、储存等企业安全生产标准化建设情况,—,,,,M01_NOT_COLLECTED,园区危险化学品生产、经营、储存等企业安全生产标准化建设情况；单位=%,应急与安全部门,OFFICIAL_STATISTICS
GD-009,C12,安全风险等级,C,MISSING,园区整体安全风险等级评估结果,—,,,,M01_NOT_COLLECTED,园区整体安全风险等级评估结果；单位=等级,应急与安全部门,OFFICIAL_STATISTICS
GD-009,C13,安全生产事故发生等级,C,MISSING,年度生产安全事故情况,—,,,,M01_NOT_COLLECTED,年度生产安全事故情况；单位=等级,应急与安全部门,OFFICIAL_STATISTICS
GD-009,C21,大气环境质量达标率,C,MONITORING_REQUIRED,园区环境空气质量达标情况,%,,,,M01_NOT_COLLECTED,园区环境空气质量达标情况；单位=%,生态环境部门,MONITORING_EXPORT
GD-009,C22,地表水环境质量达标率,C,MONITORING_REQUIRED,园区地表水断面达标情况,%,,,,M01_NOT_COLLECTED,园区地表水断面达标情况；单位=%,生态环境部门,MONITORING_EXPORT
GD-009,C23,地下水质量达标率,C,MONITORING_REQUIRED,地下水监测点位达标情况,%,,,,M01_NOT_COLLECTED,地下水监测点位达标情况；单位=%,生态环境部门,MONITORING_EXPORT
GD-009,C24,土壤质量达标率,C,MONITORING_REQUIRED,土壤环境质量监测达标情况,%,,,,M01_NOT_COLLECTED,土壤环境质量监测达标情况；单位=%,生态环境部门,MONITORING_EXPORT
GD-009,C31,单位工业总产值COD排放量,C,MONITORING_REQUIRED,单位工业总产值化学需氧量排放量,t/100m CNY,,,,M01_NOT_COLLECTED,COD排放量；同年度工业总产值；统计边界,生态环境部门,MONITORING_EXPORT
GD-009,C32,单位工业总产值氨氮排放量,C,MONITORING_REQUIRED,单位工业总产值氨氮排放量,t/100m CNY,,,,M01_NOT_COLLECTED,NH3-N排放量；同年度工业总产值；统计边界,生态环境部门,MONITORING_EXPORT
GD-009,C33,单位工业总产值SO₂排放量,C,MONITORING_REQUIRED,单位工业总产值二氧化硫排放量,t/100m CNY,,,,M01_NOT_COLLECTED,SO2排放量；同年度工业总产值；统计边界,生态环境部门,MONITORING_EXPORT
GD-009,C34,单位工业总产值氮氧化物排放量,C,MONITORING_REQUIRED,单位工业总产值NOx排放量,t/100m CNY,,,,M01_NOT_COLLECTED,NOx排放量；同年度工业总产值；统计边界,生态环境部门,MONITORING_EXPORT
GD-009,C35,单位工业总产值VOCs排放量,C,DEFINITION_PENDING,单位工业总产值挥发性有机物排放量,DEFINITION_PENDING,,,,M06_DEFINITION_UNCLEAR,VOCs排放量；同年度工业总产值；人工锁定定义,生态环境部门,MONITORING_EXPORT
GD-009,C41,单位工业总产值新鲜取水量,C,MONITORING_REQUIRED,每单位工业产值消耗的新鲜水资源,"m3/10,000 CNY",,,,M01_NOT_COLLECTED,新鲜水取用量；工业增加值；统计年度；统计边界,水务部门,MONITORING_EXPORT
GD-009,C42,再生水（中水）回用率,C,MONITORING_REQUIRED,再生水利用比例,%,,,,M01_NOT_COLLECTED,再生水实际利用量；园区总用水量；统计年度；统计边界,水务部门,MONITORING_EXPORT
GD-009,C51,单位工业增加值能耗削减率,C,MONITORING_REQUIRED,单位工业增加值综合能耗下降幅度,"tce/10,000 CNY",,,,M01_NOT_COLLECTED,综合能源消费量；工业增加值；统计年度；统计边界,能源与碳管理部门,MONITORING_EXPORT
GD-009,C52,绿色电力使用,C,MONITORING_REQUIRED,绿色电力消费比例,"tCO2/10,000 CNY",,,,M01_NOT_COLLECTED,CO2排放量；工业增加值；统计年度；统计边界,能源与碳管理部门,MONITORING_EXPORT
GD-009,C53,单位工业增加值CO₂排放量削减率,C,MONITORING_REQUIRED,单位工业增加值碳排放下降幅度,%,,,,M01_NOT_COLLECTED,单位工业增加值碳排放下降幅度；单位=%,能源与碳管理部门,OFFICIAL_STATISTICS
GD-009,C54,绿色工厂示范企业数量,C,PARK_SURVEY_REQUIRED,国家级、省级绿色工厂数量,count,,,,M01_NOT_COLLECTED,国家级、省级绿色工厂数量；单位=个,企业服务部门,OFFICIAL_STATISTICS
GD-009,C55,示范创建数量,C,PUBLIC_AVAILABLE,国家级、省级绿色园区、绿色供应链等示范创建数量,category,1,2026,S3E-0088,,国家级、省级绿色园区、绿色供应链等示范创建数量；单位=级别,园区综合管理部门,OFFICIAL_RECOGNITION
GD-009,D11,化工园区智慧化水平,D,MISSING,园区智慧管理平台建设情况，包括安全、环保、能源、应急、封闭化管理、公共服务等智慧化系统建设及运行情况。,ordinal evidence level,,,,M01_NOT_COLLECTED,园区智慧管理平台建设情况，包括安全、环保、能源、应急、封闭化管理、公共服务等智慧化系统建设及运行情况。；单位=等级,智慧园区管理部门,MANAGEMENT_SYSTEM_RECORD
GD-009,D21,省级及以上认定的智能工厂数量,D,PARK_SURVEY_REQUIRED,园区内获得国家级、省级智能工厂（或智能制造示范工厂）认定的企业数量。,%,,,,M01_NOT_COLLECTED,园区内获得国家级、省级智能工厂（或智能制造示范工厂）认定的企业数量。；单位=个,企业服务部门,OFFICIAL_STATISTICS
GD-010,A11,规模以上工业企业工业总产值,A,PARK_SURVEY_REQUIRED,园区规模以上工业企业工业总产值（亿元）,100 million CNY,,,,M01_NOT_COLLECTED,园区规模以上工业企业工业总产值（亿元）；单位=亿元,经济运行与统计部门,OFFICIAL_STATISTICS
GD-010,A12,规模以上工业企业工业总产值增长率,A,PARK_SURVEY_REQUIRED,当年规模以上工业企业工业总产值增长率（%）,CNY/person,,,,M01_NOT_COLLECTED,当年规模以上工业企业工业总产值增长率（%）；单位=%,经济运行与统计部门,OFFICIAL_STATISTICS
GD-010,A21,规模以上工业企业利润率,A,ENTERPRISE_REQUIRED,利润总额/营业收入×100%,%,,,,M01_NOT_COLLECTED,利润总额/营业收入×100%；单位=%,企业服务部门,AUDITED_ENTERPRISE_DATA
GD-010,A22,工业增加值增长率,A,PARK_SURVEY_REQUIRED,当年工业增加值增长率（%）,%,,,,M01_NOT_COLLECTED,当年工业增加值增长率（%）；单位=%,经济运行与统计部门,OFFICIAL_STATISTICS
GD-010,A23,人均产值,A,ENTERPRISE_REQUIRED,工业总产值÷从业人员数量（万元/人）,%,,,,M01_NOT_COLLECTED,工业总产值÷从业人员数量（万元/人）；单位=万元/人,企业服务部门,AUDITED_ENTERPRISE_DATA
GD-010,A31,亩均投资强度,A,PARK_SURVEY_REQUIRED,固定资产投资÷工业用地面积（万元/亩）,mu,,,,M01_NOT_COLLECTED,固定资产投资÷工业用地面积（万元/亩）；单位=万元/亩,经济运行与统计部门,OFFICIAL_STATISTICS
GD-010,A32,亩均产值,A,PARK_SURVEY_REQUIRED,工业总产值÷工业用地面积（万元/亩）,"10,000 CNY/mu",,,,M01_NOT_COLLECTED,工业总产值÷工业用地面积（万元/亩）；单位=万元/亩,经济运行与统计部门,OFFICIAL_STATISTICS
GD-010,A33,亩均税收,A,PARK_SURVEY_REQUIRED,税收收入÷工业用地面积（万元/亩）,%,,,,M01_NOT_COLLECTED,税收收入÷工业用地面积（万元/亩）；单位=万元/亩,经济运行与统计部门,OFFICIAL_STATISTICS
GD-010,A41,原料内供率,A,ENTERPRISE_REQUIRED,园区内企业原料互供比例,%,,,,M01_NOT_COLLECTED,园区内企业原料互供比例；单位=%,企业服务部门,AUDITED_ENTERPRISE_DATA
GD-010,B11,研发投入占主营业务收入的比重,B,ENTERPRISE_REQUIRED,园区规模以上工业企业研发经费支出占主营业务收入比例（%）,%,,,,M01_NOT_COLLECTED,园区规模以上工业企业研发经费支出占主营业务收入比例（%）；单位=%,科技创新部门,AUDITED_ENTERPRISE_DATA
GD-010,B12,优质企业数量,B,PARK_SURVEY_REQUIRED,"国家级制造业单项冠军企业、专精特新""小巨人""企业、高新技术企业等数量",count,,,,M01_NOT_COLLECTED,"国家级制造业单项冠军企业、专精特新""小巨人""企业、高新技术企业等数量；单位=个",企业服务部门,OFFICIAL_STATISTICS
GD-010,B13,上市公司所属企业数量,B,ENTERPRISE_REQUIRED,园区内上市公司及其控股企业数量,%,,,,M01_NOT_COLLECTED,园区内上市公司及其控股企业数量；单位=个,企业服务部门,AUDITED_ENTERPRISE_DATA
GD-010,B14,发明专利数,B,ENTERPRISE_REQUIRED,园区企业拥有的有效发明专利数量,count,,,,M01_NOT_COLLECTED,园区企业拥有的有效发明专利数量；单位=个,科技创新部门,AUDITED_ENTERPRISE_DATA
GD-010,B15,标准制定数,B,ENTERPRISE_REQUIRED,主导或参与制定国际、国家、行业及团体标准数量,count,,,,M01_NOT_COLLECTED,主导或参与制定国际、国家、行业及团体标准数量；单位=项,科技创新部门,AUDITED_ENTERPRISE_DATA
GD-010,B21,省级及以上研发机构数量,B,PARK_SURVEY_REQUIRED,国家级、省级重点实验室、工程研究中心、企业技术中心等创新平台数量,count,,,,M01_NOT_COLLECTED,国家级、省级重点实验室、工程研究中心、企业技术中心等创新平台数量；单位=个,科技创新部门,OFFICIAL_STATISTICS
GD-010,B22,产学研用融合平台,B,ENTERPRISE_REQUIRED,与高校、科研院所共建的平台数量,count,,,,M01_NOT_COLLECTED,与高校、科研院所共建的平台数量；单位=个,科技创新部门,AUDITED_ENTERPRISE_DATA
GD-010,B23,园区级以上中试基地,B,PARK_SURVEY_REQUIRED,已建成并投入运行的中试基地数量,count,,,,M01_NOT_COLLECTED,已建成并投入运行的中试基地数量；单位=是/否,科技创新部门,OFFICIAL_STATISTICS
GD-010,B31,产学研合作程度,B,DEFINITION_PENDING,园区企业开展产学研合作项目情况,DEFINITION_PENDING,,,,M06_DEFINITION_UNCLEAR,园区企业开展产学研合作项目情况；单位=%,科技创新部门,OFFICIAL_STATISTICS
GD-010,B32,技术引进,B,DEFINITION_PENDING,企业引进先进技术、成果转化情况,DEFINITION_PENDING,,,,M06_DEFINITION_UNCLEAR,企业引进先进技术、成果转化情况；单位=%,科技创新部门,OFFICIAL_STATISTICS
GD-010,B41,科技成果转化率,B,ENTERPRISE_REQUIRED,科技成果产业化、转化实施情况,count,,,,M01_NOT_COLLECTED,科技成果产业化、转化实施情况；单位=%,科技创新部门,AUDITED_ENTERPRISE_DATA
GD-010,B42,产业精细化率,B,MISSING,精细化工及高端化工产品占比,count,,,,M01_NOT_COLLECTED,精细化工及高端化工产品占比；单位=%,企业服务部门,OFFICIAL_STATISTICS
GD-010,C11,危险化学品从业单位安全生产标准化建设,C,MISSING,园区危险化学品生产、经营、储存等企业安全生产标准化建设情况,—,,,,M01_NOT_COLLECTED,园区危险化学品生产、经营、储存等企业安全生产标准化建设情况；单位=%,应急与安全部门,OFFICIAL_STATISTICS
GD-010,C12,安全风险等级,C,MISSING,园区整体安全风险等级评估结果,—,,,,M01_NOT_COLLECTED,园区整体安全风险等级评估结果；单位=等级,应急与安全部门,OFFICIAL_STATISTICS
GD-010,C13,安全生产事故发生等级,C,MISSING,年度生产安全事故情况,—,,,,M01_NOT_COLLECTED,年度生产安全事故情况；单位=等级,应急与安全部门,OFFICIAL_STATISTICS
GD-010,C21,大气环境质量达标率,C,MONITORING_REQUIRED,园区环境空气质量达标情况,%,,,,M01_NOT_COLLECTED,园区环境空气质量达标情况；单位=%,生态环境部门,MONITORING_EXPORT
GD-010,C22,地表水环境质量达标率,C,MONITORING_REQUIRED,园区地表水断面达标情况,%,,,,M01_NOT_COLLECTED,园区地表水断面达标情况；单位=%,生态环境部门,MONITORING_EXPORT
GD-010,C23,地下水质量达标率,C,MONITORING_REQUIRED,地下水监测点位达标情况,%,,,,M01_NOT_COLLECTED,地下水监测点位达标情况；单位=%,生态环境部门,MONITORING_EXPORT
GD-010,C24,土壤质量达标率,C,MONITORING_REQUIRED,土壤环境质量监测达标情况,%,,,,M01_NOT_COLLECTED,土壤环境质量监测达标情况；单位=%,生态环境部门,MONITORING_EXPORT
GD-010,C31,单位工业总产值COD排放量,C,MONITORING_REQUIRED,单位工业总产值化学需氧量排放量,t/100m CNY,,,,M01_NOT_COLLECTED,COD排放量；同年度工业总产值；统计边界,生态环境部门,MONITORING_EXPORT
GD-010,C32,单位工业总产值氨氮排放量,C,MONITORING_REQUIRED,单位工业总产值氨氮排放量,t/100m CNY,,,,M01_NOT_COLLECTED,NH3-N排放量；同年度工业总产值；统计边界,生态环境部门,MONITORING_EXPORT
GD-010,C33,单位工业总产值SO₂排放量,C,MONITORING_REQUIRED,单位工业总产值二氧化硫排放量,t/100m CNY,,,,M01_NOT_COLLECTED,SO2排放量；同年度工业总产值；统计边界,生态环境部门,MONITORING_EXPORT
GD-010,C34,单位工业总产值氮氧化物排放量,C,MONITORING_REQUIRED,单位工业总产值NOx排放量,t/100m CNY,,,,M01_NOT_COLLECTED,NOx排放量；同年度工业总产值；统计边界,生态环境部门,MONITORING_EXPORT
GD-010,C35,单位工业总产值VOCs排放量,C,DEFINITION_PENDING,单位工业总产值挥发性有机物排放量,DEFINITION_PENDING,,,,M06_DEFINITION_UNCLEAR,VOCs排放量；同年度工业总产值；人工锁定定义,生态环境部门,MONITORING_EXPORT
GD-010,C41,单位工业总产值新鲜取水量,C,MONITORING_REQUIRED,每单位工业产值消耗的新鲜水资源,"m3/10,000 CNY",,,,M01_NOT_COLLECTED,新鲜水取用量；工业增加值；统计年度；统计边界,水务部门,MONITORING_EXPORT
GD-010,C42,再生水（中水）回用率,C,MONITORING_REQUIRED,再生水利用比例,%,,,,M01_NOT_COLLECTED,再生水实际利用量；园区总用水量；统计年度；统计边界,水务部门,MONITORING_EXPORT
GD-010,C51,单位工业增加值能耗削减率,C,MONITORING_REQUIRED,单位工业增加值综合能耗下降幅度,"tce/10,000 CNY",,,,M01_NOT_COLLECTED,综合能源消费量；工业增加值；统计年度；统计边界,能源与碳管理部门,MONITORING_EXPORT
GD-010,C52,绿色电力使用,C,MONITORING_REQUIRED,绿色电力消费比例,"tCO2/10,000 CNY",,,,M01_NOT_COLLECTED,CO2排放量；工业增加值；统计年度；统计边界,能源与碳管理部门,MONITORING_EXPORT
GD-010,C53,单位工业增加值CO₂排放量削减率,C,MONITORING_REQUIRED,单位工业增加值碳排放下降幅度,%,,,,M01_NOT_COLLECTED,单位工业增加值碳排放下降幅度；单位=%,能源与碳管理部门,OFFICIAL_STATISTICS
GD-010,C54,绿色工厂示范企业数量,C,PARK_SURVEY_REQUIRED,国家级、省级绿色工厂数量,count,,,,M01_NOT_COLLECTED,国家级、省级绿色工厂数量；单位=个,企业服务部门,OFFICIAL_STATISTICS
GD-010,C55,示范创建数量,C,PUBLIC_AVAILABLE,国家级、省级绿色园区、绿色供应链等示范创建数量,category,1,2026,S3E-0089,,国家级、省级绿色园区、绿色供应链等示范创建数量；单位=级别,园区综合管理部门,OFFICIAL_RECOGNITION
GD-010,D11,化工园区智慧化水平,D,MISSING,园区智慧管理平台建设情况，包括安全、环保、能源、应急、封闭化管理、公共服务等智慧化系统建设及运行情况。,ordinal evidence level,,,,M01_NOT_COLLECTED,园区智慧管理平台建设情况，包括安全、环保、能源、应急、封闭化管理、公共服务等智慧化系统建设及运行情况。；单位=等级,智慧园区管理部门,MANAGEMENT_SYSTEM_RECORD
GD-010,D21,省级及以上认定的智能工厂数量,D,PARK_SURVEY_REQUIRED,园区内获得国家级、省级智能工厂（或智能制造示范工厂）认定的企业数量。,%,,,,M01_NOT_COLLECTED,园区内获得国家级、省级智能工厂（或智能制造示范工厂）认定的企业数量。；单位=个,企业服务部门,OFFICIAL_STATISTICS
GD-011,A11,规模以上工业企业工业总产值,A,PUBLIC_AVAILABLE,园区规模以上工业企业工业总产值（亿元）,100 million CNY,936.74,2024,S3E-0021,,园区规模以上工业企业工业总产值（亿元）；单位=亿元,经济运行与统计部门,OFFICIAL_STATISTICS
GD-011,A12,规模以上工业企业工业总产值增长率,A,PARK_SURVEY_REQUIRED,当年规模以上工业企业工业总产值增长率（%）,CNY/person,,,,M01_NOT_COLLECTED,当年规模以上工业企业工业总产值增长率（%）；单位=%,经济运行与统计部门,OFFICIAL_STATISTICS
GD-011,A21,规模以上工业企业利润率,A,ENTERPRISE_REQUIRED,利润总额/营业收入×100%,%,,,,M01_NOT_COLLECTED,利润总额/营业收入×100%；单位=%,企业服务部门,AUDITED_ENTERPRISE_DATA
GD-011,A22,工业增加值增长率,A,PARK_SURVEY_REQUIRED,当年工业增加值增长率（%）,%,,,,M01_NOT_COLLECTED,当年工业增加值增长率（%）；单位=%,经济运行与统计部门,OFFICIAL_STATISTICS
GD-011,A23,人均产值,A,ENTERPRISE_REQUIRED,工业总产值÷从业人员数量（万元/人）,%,,,,M01_NOT_COLLECTED,工业总产值÷从业人员数量（万元/人）；单位=万元/人,企业服务部门,AUDITED_ENTERPRISE_DATA
GD-011,A31,亩均投资强度,A,PARK_SURVEY_REQUIRED,固定资产投资÷工业用地面积（万元/亩）,mu,,,,M01_NOT_COLLECTED,固定资产投资÷工业用地面积（万元/亩）；单位=万元/亩,经济运行与统计部门,OFFICIAL_STATISTICS
GD-011,A32,亩均产值,A,PARK_SURVEY_REQUIRED,工业总产值÷工业用地面积（万元/亩）,"10,000 CNY/mu",,,,M01_NOT_COLLECTED,工业总产值÷工业用地面积（万元/亩）；单位=万元/亩,经济运行与统计部门,OFFICIAL_STATISTICS
GD-011,A33,亩均税收,A,PARK_SURVEY_REQUIRED,税收收入÷工业用地面积（万元/亩）,%,,,,M01_NOT_COLLECTED,税收收入÷工业用地面积（万元/亩）；单位=万元/亩,经济运行与统计部门,OFFICIAL_STATISTICS
GD-011,A41,原料内供率,A,ENTERPRISE_REQUIRED,园区内企业原料互供比例,%,,2025,S3E-0022,M01_NOT_COLLECTED,园区内企业原料互供比例；单位=%,企业服务部门,AUDITED_ENTERPRISE_DATA
GD-011,B11,研发投入占主营业务收入的比重,B,ENTERPRISE_REQUIRED,园区规模以上工业企业研发经费支出占主营业务收入比例（%）,%,,,,M01_NOT_COLLECTED,园区规模以上工业企业研发经费支出占主营业务收入比例（%）；单位=%,科技创新部门,AUDITED_ENTERPRISE_DATA
GD-011,B12,优质企业数量,B,PARK_SURVEY_REQUIRED,"国家级制造业单项冠军企业、专精特新""小巨人""企业、高新技术企业等数量",count,,,,M01_NOT_COLLECTED,"国家级制造业单项冠军企业、专精特新""小巨人""企业、高新技术企业等数量；单位=个",企业服务部门,OFFICIAL_STATISTICS
GD-011,B13,上市公司所属企业数量,B,ENTERPRISE_REQUIRED,园区内上市公司及其控股企业数量,%,,,,M01_NOT_COLLECTED,园区内上市公司及其控股企业数量；单位=个,企业服务部门,AUDITED_ENTERPRISE_DATA
GD-011,B14,发明专利数,B,ENTERPRISE_REQUIRED,园区企业拥有的有效发明专利数量,count,,,,M01_NOT_COLLECTED,园区企业拥有的有效发明专利数量；单位=个,科技创新部门,AUDITED_ENTERPRISE_DATA
GD-011,B15,标准制定数,B,ENTERPRISE_REQUIRED,主导或参与制定国际、国家、行业及团体标准数量,count,,,,M01_NOT_COLLECTED,主导或参与制定国际、国家、行业及团体标准数量；单位=项,科技创新部门,AUDITED_ENTERPRISE_DATA
GD-011,B21,省级及以上研发机构数量,B,PARK_SURVEY_REQUIRED,国家级、省级重点实验室、工程研究中心、企业技术中心等创新平台数量,count,,,,M01_NOT_COLLECTED,国家级、省级重点实验室、工程研究中心、企业技术中心等创新平台数量；单位=个,科技创新部门,OFFICIAL_STATISTICS
GD-011,B22,产学研用融合平台,B,ENTERPRISE_REQUIRED,与高校、科研院所共建的平台数量,count,,,,M01_NOT_COLLECTED,与高校、科研院所共建的平台数量；单位=个,科技创新部门,AUDITED_ENTERPRISE_DATA
GD-011,B23,园区级以上中试基地,B,PARK_SURVEY_REQUIRED,已建成并投入运行的中试基地数量,count,,,,M01_NOT_COLLECTED,已建成并投入运行的中试基地数量；单位=是/否,科技创新部门,OFFICIAL_STATISTICS
GD-011,B31,产学研合作程度,B,DEFINITION_PENDING,园区企业开展产学研合作项目情况,DEFINITION_PENDING,,,,M06_DEFINITION_UNCLEAR,园区企业开展产学研合作项目情况；单位=%,科技创新部门,OFFICIAL_STATISTICS
GD-011,B32,技术引进,B,DEFINITION_PENDING,企业引进先进技术、成果转化情况,DEFINITION_PENDING,,,,M06_DEFINITION_UNCLEAR,企业引进先进技术、成果转化情况；单位=%,科技创新部门,OFFICIAL_STATISTICS
GD-011,B41,科技成果转化率,B,ENTERPRISE_REQUIRED,科技成果产业化、转化实施情况,count,,,,M01_NOT_COLLECTED,科技成果产业化、转化实施情况；单位=%,科技创新部门,AUDITED_ENTERPRISE_DATA
GD-011,B42,产业精细化率,B,MISSING,精细化工及高端化工产品占比,count,,,,M01_NOT_COLLECTED,精细化工及高端化工产品占比；单位=%,企业服务部门,OFFICIAL_STATISTICS
GD-011,C11,危险化学品从业单位安全生产标准化建设,C,MISSING,园区危险化学品生产、经营、储存等企业安全生产标准化建设情况,—,,,,M01_NOT_COLLECTED,园区危险化学品生产、经营、储存等企业安全生产标准化建设情况；单位=%,应急与安全部门,OFFICIAL_STATISTICS
GD-011,C12,安全风险等级,C,MISSING,园区整体安全风险等级评估结果,—,,,,M01_NOT_COLLECTED,园区整体安全风险等级评估结果；单位=等级,应急与安全部门,OFFICIAL_STATISTICS
GD-011,C13,安全生产事故发生等级,C,MISSING,年度生产安全事故情况,—,,,,M01_NOT_COLLECTED,年度生产安全事故情况；单位=等级,应急与安全部门,OFFICIAL_STATISTICS
GD-011,C21,大气环境质量达标率,C,CALCULABLE,园区环境空气质量达标情况,%,97.8,2024,S3E-0023,,园区环境空气质量达标情况；单位=%,生态环境部门,MONITORING_EXPORT
GD-011,C22,地表水环境质量达标率,C,MONITORING_REQUIRED,园区地表水断面达标情况,%,,,,M01_NOT_COLLECTED,园区地表水断面达标情况；单位=%,生态环境部门,MONITORING_EXPORT
GD-011,C23,地下水质量达标率,C,MONITORING_REQUIRED,地下水监测点位达标情况,%,,,,M01_NOT_COLLECTED,地下水监测点位达标情况；单位=%,生态环境部门,MONITORING_EXPORT
GD-011,C24,土壤质量达标率,C,MONITORING_REQUIRED,土壤环境质量监测达标情况,%,,,,M01_NOT_COLLECTED,土壤环境质量监测达标情况；单位=%,生态环境部门,MONITORING_EXPORT
GD-011,C31,单位工业总产值COD排放量,C,MONITORING_REQUIRED,单位工业总产值化学需氧量排放量,t/100m CNY,,,,M01_NOT_COLLECTED,COD排放量；同年度工业总产值；统计边界,生态环境部门,MONITORING_EXPORT
GD-011,C32,单位工业总产值氨氮排放量,C,MONITORING_REQUIRED,单位工业总产值氨氮排放量,t/100m CNY,,,,M01_NOT_COLLECTED,NH3-N排放量；同年度工业总产值；统计边界,生态环境部门,MONITORING_EXPORT
GD-011,C33,单位工业总产值SO₂排放量,C,MONITORING_REQUIRED,单位工业总产值二氧化硫排放量,t/100m CNY,,,,M01_NOT_COLLECTED,SO2排放量；同年度工业总产值；统计边界,生态环境部门,MONITORING_EXPORT
GD-011,C34,单位工业总产值氮氧化物排放量,C,MONITORING_REQUIRED,单位工业总产值NOx排放量,t/100m CNY,,,,M01_NOT_COLLECTED,NOx排放量；同年度工业总产值；统计边界,生态环境部门,MONITORING_EXPORT
GD-011,C35,单位工业总产值VOCs排放量,C,DEFINITION_PENDING,单位工业总产值挥发性有机物排放量,DEFINITION_PENDING,,,,M06_DEFINITION_UNCLEAR,VOCs排放量；同年度工业总产值；人工锁定定义,生态环境部门,MONITORING_EXPORT
GD-011,C41,单位工业总产值新鲜取水量,C,MONITORING_REQUIRED,每单位工业产值消耗的新鲜水资源,"m3/10,000 CNY",,,,M01_NOT_COLLECTED,新鲜水取用量；工业增加值；统计年度；统计边界,水务部门,MONITORING_EXPORT
GD-011,C42,再生水（中水）回用率,C,MONITORING_REQUIRED,再生水利用比例,%,,2025,S3E-0024,M01_NOT_COLLECTED,再生水实际利用量；园区总用水量；统计年度；统计边界,水务部门,MONITORING_EXPORT
GD-011,C51,单位工业增加值能耗削减率,C,MONITORING_REQUIRED,单位工业增加值综合能耗下降幅度,"tce/10,000 CNY",,,,M01_NOT_COLLECTED,综合能源消费量；工业增加值；统计年度；统计边界,能源与碳管理部门,MONITORING_EXPORT
GD-011,C52,绿色电力使用,C,MONITORING_REQUIRED,绿色电力消费比例,"tCO2/10,000 CNY",,,,M01_NOT_COLLECTED,CO2排放量；工业增加值；统计年度；统计边界,能源与碳管理部门,MONITORING_EXPORT
GD-011,C53,单位工业增加值CO₂排放量削减率,C,MONITORING_REQUIRED,单位工业增加值碳排放下降幅度,%,,,,M01_NOT_COLLECTED,单位工业增加值碳排放下降幅度；单位=%,能源与碳管理部门,OFFICIAL_STATISTICS
GD-011,C54,绿色工厂示范企业数量,C,PUBLIC_AVAILABLE,国家级、省级绿色工厂数量,count,1,2025,S3E-0025,,国家级、省级绿色工厂数量；单位=个,企业服务部门,OFFICIAL_STATISTICS
GD-011,C55,示范创建数量,C,PUBLIC_AVAILABLE,国家级、省级绿色园区、绿色供应链等示范创建数量,category,1,2026,S3E-0090,,国家级、省级绿色园区、绿色供应链等示范创建数量；单位=级别,园区综合管理部门,OFFICIAL_RECOGNITION
GD-011,D11,化工园区智慧化水平,D,MISSING,园区智慧管理平台建设情况，包括安全、环保、能源、应急、封闭化管理、公共服务等智慧化系统建设及运行情况。,ordinal evidence level,,2026,S3E-0026,M01_NOT_COLLECTED,园区智慧管理平台建设情况，包括安全、环保、能源、应急、封闭化管理、公共服务等智慧化系统建设及运行情况。；单位=等级,智慧园区管理部门,MANAGEMENT_SYSTEM_RECORD
GD-011,D21,省级及以上认定的智能工厂数量,D,PUBLIC_AVAILABLE,园区内获得国家级、省级智能工厂（或智能制造示范工厂）认定的企业数量。,%,1,2022,S3E-0027,,园区内获得国家级、省级智能工厂（或智能制造示范工厂）认定的企业数量。；单位=个,企业服务部门,OFFICIAL_STATISTICS
GD-012,A11,规模以上工业企业工业总产值,A,PUBLIC_AVAILABLE,园区规模以上工业企业工业总产值（亿元）,100 million CNY,84.51,2025年前三季度,S3E-0019,,园区规模以上工业企业工业总产值（亿元）；单位=亿元,经济运行与统计部门,OFFICIAL_STATISTICS
GD-012,A12,规模以上工业企业工业总产值增长率,A,PARK_SURVEY_REQUIRED,当年规模以上工业企业工业总产值增长率（%）,CNY/person,,,,M01_NOT_COLLECTED,当年规模以上工业企业工业总产值增长率（%）；单位=%,经济运行与统计部门,OFFICIAL_STATISTICS
GD-012,A21,规模以上工业企业利润率,A,ENTERPRISE_REQUIRED,利润总额/营业收入×100%,%,,,,M01_NOT_COLLECTED,利润总额/营业收入×100%；单位=%,企业服务部门,AUDITED_ENTERPRISE_DATA
GD-012,A22,工业增加值增长率,A,PARK_SURVEY_REQUIRED,当年工业增加值增长率（%）,%,,,,M01_NOT_COLLECTED,当年工业增加值增长率（%）；单位=%,经济运行与统计部门,OFFICIAL_STATISTICS
GD-012,A23,人均产值,A,ENTERPRISE_REQUIRED,工业总产值÷从业人员数量（万元/人）,%,,,,M01_NOT_COLLECTED,工业总产值÷从业人员数量（万元/人）；单位=万元/人,企业服务部门,AUDITED_ENTERPRISE_DATA
GD-012,A31,亩均投资强度,A,PARK_SURVEY_REQUIRED,固定资产投资÷工业用地面积（万元/亩）,mu,,,,M01_NOT_COLLECTED,固定资产投资÷工业用地面积（万元/亩）；单位=万元/亩,经济运行与统计部门,OFFICIAL_STATISTICS
GD-012,A32,亩均产值,A,PARK_SURVEY_REQUIRED,工业总产值÷工业用地面积（万元/亩）,"10,000 CNY/mu",,,,M01_NOT_COLLECTED,工业总产值÷工业用地面积（万元/亩）；单位=万元/亩,经济运行与统计部门,OFFICIAL_STATISTICS
GD-012,A33,亩均税收,A,PARK_SURVEY_REQUIRED,税收收入÷工业用地面积（万元/亩）,%,,,,M01_NOT_COLLECTED,税收收入÷工业用地面积（万元/亩）；单位=万元/亩,经济运行与统计部门,OFFICIAL_STATISTICS
GD-012,A41,原料内供率,A,ENTERPRISE_REQUIRED,园区内企业原料互供比例,%,,,,M01_NOT_COLLECTED,园区内企业原料互供比例；单位=%,企业服务部门,AUDITED_ENTERPRISE_DATA
GD-012,B11,研发投入占主营业务收入的比重,B,ENTERPRISE_REQUIRED,园区规模以上工业企业研发经费支出占主营业务收入比例（%）,%,,,,M01_NOT_COLLECTED,园区规模以上工业企业研发经费支出占主营业务收入比例（%）；单位=%,科技创新部门,AUDITED_ENTERPRISE_DATA
GD-012,B12,优质企业数量,B,PARK_SURVEY_REQUIRED,"国家级制造业单项冠军企业、专精特新""小巨人""企业、高新技术企业等数量",count,,,,M01_NOT_COLLECTED,"国家级制造业单项冠军企业、专精特新""小巨人""企业、高新技术企业等数量；单位=个",企业服务部门,OFFICIAL_STATISTICS
GD-012,B13,上市公司所属企业数量,B,ENTERPRISE_REQUIRED,园区内上市公司及其控股企业数量,%,,,,M01_NOT_COLLECTED,园区内上市公司及其控股企业数量；单位=个,企业服务部门,AUDITED_ENTERPRISE_DATA
GD-012,B14,发明专利数,B,ENTERPRISE_REQUIRED,园区企业拥有的有效发明专利数量,count,,,,M01_NOT_COLLECTED,园区企业拥有的有效发明专利数量；单位=个,科技创新部门,AUDITED_ENTERPRISE_DATA
GD-012,B15,标准制定数,B,ENTERPRISE_REQUIRED,主导或参与制定国际、国家、行业及团体标准数量,count,,,,M01_NOT_COLLECTED,主导或参与制定国际、国家、行业及团体标准数量；单位=项,科技创新部门,AUDITED_ENTERPRISE_DATA
GD-012,B21,省级及以上研发机构数量,B,PARK_SURVEY_REQUIRED,国家级、省级重点实验室、工程研究中心、企业技术中心等创新平台数量,count,,,,M01_NOT_COLLECTED,国家级、省级重点实验室、工程研究中心、企业技术中心等创新平台数量；单位=个,科技创新部门,OFFICIAL_STATISTICS
GD-012,B22,产学研用融合平台,B,ENTERPRISE_REQUIRED,与高校、科研院所共建的平台数量,count,,,,M01_NOT_COLLECTED,与高校、科研院所共建的平台数量；单位=个,科技创新部门,AUDITED_ENTERPRISE_DATA
GD-012,B23,园区级以上中试基地,B,PARK_SURVEY_REQUIRED,已建成并投入运行的中试基地数量,count,,,,M01_NOT_COLLECTED,已建成并投入运行的中试基地数量；单位=是/否,科技创新部门,OFFICIAL_STATISTICS
GD-012,B31,产学研合作程度,B,DEFINITION_PENDING,园区企业开展产学研合作项目情况,DEFINITION_PENDING,,,,M06_DEFINITION_UNCLEAR,园区企业开展产学研合作项目情况；单位=%,科技创新部门,OFFICIAL_STATISTICS
GD-012,B32,技术引进,B,DEFINITION_PENDING,企业引进先进技术、成果转化情况,DEFINITION_PENDING,,,,M06_DEFINITION_UNCLEAR,企业引进先进技术、成果转化情况；单位=%,科技创新部门,OFFICIAL_STATISTICS
GD-012,B41,科技成果转化率,B,ENTERPRISE_REQUIRED,科技成果产业化、转化实施情况,count,,,,M01_NOT_COLLECTED,科技成果产业化、转化实施情况；单位=%,科技创新部门,AUDITED_ENTERPRISE_DATA
GD-012,B42,产业精细化率,B,MISSING,精细化工及高端化工产品占比,count,,2023,S3E-0020,M01_NOT_COLLECTED,精细化工及高端化工产品占比；单位=%,企业服务部门,OFFICIAL_STATISTICS
GD-012,C11,危险化学品从业单位安全生产标准化建设,C,MISSING,园区危险化学品生产、经营、储存等企业安全生产标准化建设情况,—,,,,M01_NOT_COLLECTED,园区危险化学品生产、经营、储存等企业安全生产标准化建设情况；单位=%,应急与安全部门,OFFICIAL_STATISTICS
GD-012,C12,安全风险等级,C,MISSING,园区整体安全风险等级评估结果,—,,,,M01_NOT_COLLECTED,园区整体安全风险等级评估结果；单位=等级,应急与安全部门,OFFICIAL_STATISTICS
GD-012,C13,安全生产事故发生等级,C,MISSING,年度生产安全事故情况,—,,,,M01_NOT_COLLECTED,年度生产安全事故情况；单位=等级,应急与安全部门,OFFICIAL_STATISTICS
GD-012,C21,大气环境质量达标率,C,MONITORING_REQUIRED,园区环境空气质量达标情况,%,,,,M01_NOT_COLLECTED,园区环境空气质量达标情况；单位=%,生态环境部门,MONITORING_EXPORT
GD-012,C22,地表水环境质量达标率,C,MONITORING_REQUIRED,园区地表水断面达标情况,%,,,,M01_NOT_COLLECTED,园区地表水断面达标情况；单位=%,生态环境部门,MONITORING_EXPORT
GD-012,C23,地下水质量达标率,C,MONITORING_REQUIRED,地下水监测点位达标情况,%,,,,M01_NOT_COLLECTED,地下水监测点位达标情况；单位=%,生态环境部门,MONITORING_EXPORT
GD-012,C24,土壤质量达标率,C,MONITORING_REQUIRED,土壤环境质量监测达标情况,%,,,,M01_NOT_COLLECTED,土壤环境质量监测达标情况；单位=%,生态环境部门,MONITORING_EXPORT
GD-012,C31,单位工业总产值COD排放量,C,MONITORING_REQUIRED,单位工业总产值化学需氧量排放量,t/100m CNY,,,,M01_NOT_COLLECTED,COD排放量；同年度工业总产值；统计边界,生态环境部门,MONITORING_EXPORT
GD-012,C32,单位工业总产值氨氮排放量,C,MONITORING_REQUIRED,单位工业总产值氨氮排放量,t/100m CNY,,,,M01_NOT_COLLECTED,NH3-N排放量；同年度工业总产值；统计边界,生态环境部门,MONITORING_EXPORT
GD-012,C33,单位工业总产值SO₂排放量,C,MONITORING_REQUIRED,单位工业总产值二氧化硫排放量,t/100m CNY,,,,M01_NOT_COLLECTED,SO2排放量；同年度工业总产值；统计边界,生态环境部门,MONITORING_EXPORT
GD-012,C34,单位工业总产值氮氧化物排放量,C,MONITORING_REQUIRED,单位工业总产值NOx排放量,t/100m CNY,,,,M01_NOT_COLLECTED,NOx排放量；同年度工业总产值；统计边界,生态环境部门,MONITORING_EXPORT
GD-012,C35,单位工业总产值VOCs排放量,C,DEFINITION_PENDING,单位工业总产值挥发性有机物排放量,DEFINITION_PENDING,,,,M06_DEFINITION_UNCLEAR,VOCs排放量；同年度工业总产值；人工锁定定义,生态环境部门,MONITORING_EXPORT
GD-012,C41,单位工业总产值新鲜取水量,C,MONITORING_REQUIRED,每单位工业产值消耗的新鲜水资源,"m3/10,000 CNY",,,,M01_NOT_COLLECTED,新鲜水取用量；工业增加值；统计年度；统计边界,水务部门,MONITORING_EXPORT
GD-012,C42,再生水（中水）回用率,C,MONITORING_REQUIRED,再生水利用比例,%,,,,M01_NOT_COLLECTED,再生水实际利用量；园区总用水量；统计年度；统计边界,水务部门,MONITORING_EXPORT
GD-012,C51,单位工业增加值能耗削减率,C,MONITORING_REQUIRED,单位工业增加值综合能耗下降幅度,"tce/10,000 CNY",,,,M01_NOT_COLLECTED,综合能源消费量；工业增加值；统计年度；统计边界,能源与碳管理部门,MONITORING_EXPORT
GD-012,C52,绿色电力使用,C,MONITORING_REQUIRED,绿色电力消费比例,"tCO2/10,000 CNY",,,,M01_NOT_COLLECTED,CO2排放量；工业增加值；统计年度；统计边界,能源与碳管理部门,MONITORING_EXPORT
GD-012,C53,单位工业增加值CO₂排放量削减率,C,MONITORING_REQUIRED,单位工业增加值碳排放下降幅度,%,,,,M01_NOT_COLLECTED,单位工业增加值碳排放下降幅度；单位=%,能源与碳管理部门,OFFICIAL_STATISTICS
GD-012,C54,绿色工厂示范企业数量,C,PARK_SURVEY_REQUIRED,国家级、省级绿色工厂数量,count,,,,M01_NOT_COLLECTED,国家级、省级绿色工厂数量；单位=个,企业服务部门,OFFICIAL_STATISTICS
GD-012,C55,示范创建数量,C,PUBLIC_AVAILABLE,国家级、省级绿色园区、绿色供应链等示范创建数量,category,1,2026,S3E-0091,,国家级、省级绿色园区、绿色供应链等示范创建数量；单位=级别,园区综合管理部门,OFFICIAL_RECOGNITION
GD-012,D11,化工园区智慧化水平,D,MISSING,园区智慧管理平台建设情况，包括安全、环保、能源、应急、封闭化管理、公共服务等智慧化系统建设及运行情况。,ordinal evidence level,,,,M01_NOT_COLLECTED,园区智慧管理平台建设情况，包括安全、环保、能源、应急、封闭化管理、公共服务等智慧化系统建设及运行情况。；单位=等级,智慧园区管理部门,MANAGEMENT_SYSTEM_RECORD
GD-012,D21,省级及以上认定的智能工厂数量,D,PARK_SURVEY_REQUIRED,园区内获得国家级、省级智能工厂（或智能制造示范工厂）认定的企业数量。,%,,,,M01_NOT_COLLECTED,园区内获得国家级、省级智能工厂（或智能制造示范工厂）认定的企业数量。；单位=个,企业服务部门,OFFICIAL_STATISTICS
GD-013,A11,规模以上工业企业工业总产值,A,PARK_SURVEY_REQUIRED,园区规模以上工业企业工业总产值（亿元）,100 million CNY,,,,M01_NOT_COLLECTED,园区规模以上工业企业工业总产值（亿元）；单位=亿元,经济运行与统计部门,OFFICIAL_STATISTICS
GD-013,A12,规模以上工业企业工业总产值增长率,A,PARK_SURVEY_REQUIRED,当年规模以上工业企业工业总产值增长率（%）,CNY/person,,,,M01_NOT_COLLECTED,当年规模以上工业企业工业总产值增长率（%）；单位=%,经济运行与统计部门,OFFICIAL_STATISTICS
GD-013,A21,规模以上工业企业利润率,A,ENTERPRISE_REQUIRED,利润总额/营业收入×100%,%,,,,M01_NOT_COLLECTED,利润总额/营业收入×100%；单位=%,企业服务部门,AUDITED_ENTERPRISE_DATA
GD-013,A22,工业增加值增长率,A,PARK_SURVEY_REQUIRED,当年工业增加值增长率（%）,%,,,,M01_NOT_COLLECTED,当年工业增加值增长率（%）；单位=%,经济运行与统计部门,OFFICIAL_STATISTICS
GD-013,A23,人均产值,A,ENTERPRISE_REQUIRED,工业总产值÷从业人员数量（万元/人）,%,,,,M01_NOT_COLLECTED,工业总产值÷从业人员数量（万元/人）；单位=万元/人,企业服务部门,AUDITED_ENTERPRISE_DATA
GD-013,A31,亩均投资强度,A,PARK_SURVEY_REQUIRED,固定资产投资÷工业用地面积（万元/亩）,mu,,,,M01_NOT_COLLECTED,固定资产投资÷工业用地面积（万元/亩）；单位=万元/亩,经济运行与统计部门,OFFICIAL_STATISTICS
GD-013,A32,亩均产值,A,PARK_SURVEY_REQUIRED,工业总产值÷工业用地面积（万元/亩）,"10,000 CNY/mu",,,,M01_NOT_COLLECTED,工业总产值÷工业用地面积（万元/亩）；单位=万元/亩,经济运行与统计部门,OFFICIAL_STATISTICS
GD-013,A33,亩均税收,A,PARK_SURVEY_REQUIRED,税收收入÷工业用地面积（万元/亩）,%,,,,M01_NOT_COLLECTED,税收收入÷工业用地面积（万元/亩）；单位=万元/亩,经济运行与统计部门,OFFICIAL_STATISTICS
GD-013,A41,原料内供率,A,ENTERPRISE_REQUIRED,园区内企业原料互供比例,%,,,,M01_NOT_COLLECTED,园区内企业原料互供比例；单位=%,企业服务部门,AUDITED_ENTERPRISE_DATA
GD-013,B11,研发投入占主营业务收入的比重,B,ENTERPRISE_REQUIRED,园区规模以上工业企业研发经费支出占主营业务收入比例（%）,%,,,,M01_NOT_COLLECTED,园区规模以上工业企业研发经费支出占主营业务收入比例（%）；单位=%,科技创新部门,AUDITED_ENTERPRISE_DATA
GD-013,B12,优质企业数量,B,PARK_SURVEY_REQUIRED,"国家级制造业单项冠军企业、专精特新""小巨人""企业、高新技术企业等数量",count,,,,M01_NOT_COLLECTED,"国家级制造业单项冠军企业、专精特新""小巨人""企业、高新技术企业等数量；单位=个",企业服务部门,OFFICIAL_STATISTICS
GD-013,B13,上市公司所属企业数量,B,ENTERPRISE_REQUIRED,园区内上市公司及其控股企业数量,%,,,,M01_NOT_COLLECTED,园区内上市公司及其控股企业数量；单位=个,企业服务部门,AUDITED_ENTERPRISE_DATA
GD-013,B14,发明专利数,B,ENTERPRISE_REQUIRED,园区企业拥有的有效发明专利数量,count,,,,M01_NOT_COLLECTED,园区企业拥有的有效发明专利数量；单位=个,科技创新部门,AUDITED_ENTERPRISE_DATA
GD-013,B15,标准制定数,B,ENTERPRISE_REQUIRED,主导或参与制定国际、国家、行业及团体标准数量,count,,,,M01_NOT_COLLECTED,主导或参与制定国际、国家、行业及团体标准数量；单位=项,科技创新部门,AUDITED_ENTERPRISE_DATA
GD-013,B21,省级及以上研发机构数量,B,PARK_SURVEY_REQUIRED,国家级、省级重点实验室、工程研究中心、企业技术中心等创新平台数量,count,,,,M01_NOT_COLLECTED,国家级、省级重点实验室、工程研究中心、企业技术中心等创新平台数量；单位=个,科技创新部门,OFFICIAL_STATISTICS
GD-013,B22,产学研用融合平台,B,ENTERPRISE_REQUIRED,与高校、科研院所共建的平台数量,count,,,,M01_NOT_COLLECTED,与高校、科研院所共建的平台数量；单位=个,科技创新部门,AUDITED_ENTERPRISE_DATA
GD-013,B23,园区级以上中试基地,B,PARK_SURVEY_REQUIRED,已建成并投入运行的中试基地数量,count,,,,M01_NOT_COLLECTED,已建成并投入运行的中试基地数量；单位=是/否,科技创新部门,OFFICIAL_STATISTICS
GD-013,B31,产学研合作程度,B,DEFINITION_PENDING,园区企业开展产学研合作项目情况,DEFINITION_PENDING,,,,M06_DEFINITION_UNCLEAR,园区企业开展产学研合作项目情况；单位=%,科技创新部门,OFFICIAL_STATISTICS
GD-013,B32,技术引进,B,DEFINITION_PENDING,企业引进先进技术、成果转化情况,DEFINITION_PENDING,,,,M06_DEFINITION_UNCLEAR,企业引进先进技术、成果转化情况；单位=%,科技创新部门,OFFICIAL_STATISTICS
GD-013,B41,科技成果转化率,B,ENTERPRISE_REQUIRED,科技成果产业化、转化实施情况,count,,,,M01_NOT_COLLECTED,科技成果产业化、转化实施情况；单位=%,科技创新部门,AUDITED_ENTERPRISE_DATA
GD-013,B42,产业精细化率,B,MISSING,精细化工及高端化工产品占比,count,,,,M01_NOT_COLLECTED,精细化工及高端化工产品占比；单位=%,企业服务部门,OFFICIAL_STATISTICS
GD-013,C11,危险化学品从业单位安全生产标准化建设,C,MISSING,园区危险化学品生产、经营、储存等企业安全生产标准化建设情况,—,,,,M01_NOT_COLLECTED,园区危险化学品生产、经营、储存等企业安全生产标准化建设情况；单位=%,应急与安全部门,OFFICIAL_STATISTICS
GD-013,C12,安全风险等级,C,MISSING,园区整体安全风险等级评估结果,—,,,,M01_NOT_COLLECTED,园区整体安全风险等级评估结果；单位=等级,应急与安全部门,OFFICIAL_STATISTICS
GD-013,C13,安全生产事故发生等级,C,MISSING,年度生产安全事故情况,—,,,,M01_NOT_COLLECTED,年度生产安全事故情况；单位=等级,应急与安全部门,OFFICIAL_STATISTICS
GD-013,C21,大气环境质量达标率,C,MONITORING_REQUIRED,园区环境空气质量达标情况,%,,,,M01_NOT_COLLECTED,园区环境空气质量达标情况；单位=%,生态环境部门,MONITORING_EXPORT
GD-013,C22,地表水环境质量达标率,C,MONITORING_REQUIRED,园区地表水断面达标情况,%,,,,M01_NOT_COLLECTED,园区地表水断面达标情况；单位=%,生态环境部门,MONITORING_EXPORT
GD-013,C23,地下水质量达标率,C,MONITORING_REQUIRED,地下水监测点位达标情况,%,,,,M01_NOT_COLLECTED,地下水监测点位达标情况；单位=%,生态环境部门,MONITORING_EXPORT
GD-013,C24,土壤质量达标率,C,MONITORING_REQUIRED,土壤环境质量监测达标情况,%,,,,M01_NOT_COLLECTED,土壤环境质量监测达标情况；单位=%,生态环境部门,MONITORING_EXPORT
GD-013,C31,单位工业总产值COD排放量,C,MONITORING_REQUIRED,单位工业总产值化学需氧量排放量,t/100m CNY,,,,M01_NOT_COLLECTED,COD排放量；同年度工业总产值；统计边界,生态环境部门,MONITORING_EXPORT
GD-013,C32,单位工业总产值氨氮排放量,C,MONITORING_REQUIRED,单位工业总产值氨氮排放量,t/100m CNY,,,,M01_NOT_COLLECTED,NH3-N排放量；同年度工业总产值；统计边界,生态环境部门,MONITORING_EXPORT
GD-013,C33,单位工业总产值SO₂排放量,C,MONITORING_REQUIRED,单位工业总产值二氧化硫排放量,t/100m CNY,,,,M01_NOT_COLLECTED,SO2排放量；同年度工业总产值；统计边界,生态环境部门,MONITORING_EXPORT
GD-013,C34,单位工业总产值氮氧化物排放量,C,MONITORING_REQUIRED,单位工业总产值NOx排放量,t/100m CNY,,,,M01_NOT_COLLECTED,NOx排放量；同年度工业总产值；统计边界,生态环境部门,MONITORING_EXPORT
GD-013,C35,单位工业总产值VOCs排放量,C,DEFINITION_PENDING,单位工业总产值挥发性有机物排放量,DEFINITION_PENDING,,,,M06_DEFINITION_UNCLEAR,VOCs排放量；同年度工业总产值；人工锁定定义,生态环境部门,MONITORING_EXPORT
GD-013,C41,单位工业总产值新鲜取水量,C,MONITORING_REQUIRED,每单位工业产值消耗的新鲜水资源,"m3/10,000 CNY",,,,M01_NOT_COLLECTED,新鲜水取用量；工业增加值；统计年度；统计边界,水务部门,MONITORING_EXPORT
GD-013,C42,再生水（中水）回用率,C,MONITORING_REQUIRED,再生水利用比例,%,,,,M01_NOT_COLLECTED,再生水实际利用量；园区总用水量；统计年度；统计边界,水务部门,MONITORING_EXPORT
GD-013,C51,单位工业增加值能耗削减率,C,MONITORING_REQUIRED,单位工业增加值综合能耗下降幅度,"tce/10,000 CNY",,,,M01_NOT_COLLECTED,综合能源消费量；工业增加值；统计年度；统计边界,能源与碳管理部门,MONITORING_EXPORT
GD-013,C52,绿色电力使用,C,MONITORING_REQUIRED,绿色电力消费比例,"tCO2/10,000 CNY",,,,M01_NOT_COLLECTED,CO2排放量；工业增加值；统计年度；统计边界,能源与碳管理部门,MONITORING_EXPORT
GD-013,C53,单位工业增加值CO₂排放量削减率,C,MONITORING_REQUIRED,单位工业增加值碳排放下降幅度,%,,,,M01_NOT_COLLECTED,单位工业增加值碳排放下降幅度；单位=%,能源与碳管理部门,OFFICIAL_STATISTICS
GD-013,C54,绿色工厂示范企业数量,C,PARK_SURVEY_REQUIRED,国家级、省级绿色工厂数量,count,,,,M01_NOT_COLLECTED,国家级、省级绿色工厂数量；单位=个,企业服务部门,OFFICIAL_STATISTICS
GD-013,C55,示范创建数量,C,PUBLIC_AVAILABLE,国家级、省级绿色园区、绿色供应链等示范创建数量,category,1,2026,S3E-0092,,国家级、省级绿色园区、绿色供应链等示范创建数量；单位=级别,园区综合管理部门,OFFICIAL_RECOGNITION
GD-013,D11,化工园区智慧化水平,D,MISSING,园区智慧管理平台建设情况，包括安全、环保、能源、应急、封闭化管理、公共服务等智慧化系统建设及运行情况。,ordinal evidence level,,,,M01_NOT_COLLECTED,园区智慧管理平台建设情况，包括安全、环保、能源、应急、封闭化管理、公共服务等智慧化系统建设及运行情况。；单位=等级,智慧园区管理部门,MANAGEMENT_SYSTEM_RECORD
GD-013,D21,省级及以上认定的智能工厂数量,D,PARK_SURVEY_REQUIRED,园区内获得国家级、省级智能工厂（或智能制造示范工厂）认定的企业数量。,%,,,,M01_NOT_COLLECTED,园区内获得国家级、省级智能工厂（或智能制造示范工厂）认定的企业数量。；单位=个,企业服务部门,OFFICIAL_STATISTICS
GD-014,A11,规模以上工业企业工业总产值,A,PARK_SURVEY_REQUIRED,园区规模以上工业企业工业总产值（亿元）,100 million CNY,,,,M01_NOT_COLLECTED,园区规模以上工业企业工业总产值（亿元）；单位=亿元,经济运行与统计部门,OFFICIAL_STATISTICS
GD-014,A12,规模以上工业企业工业总产值增长率,A,PARK_SURVEY_REQUIRED,当年规模以上工业企业工业总产值增长率（%）,CNY/person,,,,M01_NOT_COLLECTED,当年规模以上工业企业工业总产值增长率（%）；单位=%,经济运行与统计部门,OFFICIAL_STATISTICS
GD-014,A21,规模以上工业企业利润率,A,ENTERPRISE_REQUIRED,利润总额/营业收入×100%,%,,,,M01_NOT_COLLECTED,利润总额/营业收入×100%；单位=%,企业服务部门,AUDITED_ENTERPRISE_DATA
GD-014,A22,工业增加值增长率,A,PARK_SURVEY_REQUIRED,当年工业增加值增长率（%）,%,,,,M01_NOT_COLLECTED,当年工业增加值增长率（%）；单位=%,经济运行与统计部门,OFFICIAL_STATISTICS
GD-014,A23,人均产值,A,ENTERPRISE_REQUIRED,工业总产值÷从业人员数量（万元/人）,%,,,,M01_NOT_COLLECTED,工业总产值÷从业人员数量（万元/人）；单位=万元/人,企业服务部门,AUDITED_ENTERPRISE_DATA
GD-014,A31,亩均投资强度,A,PARK_SURVEY_REQUIRED,固定资产投资÷工业用地面积（万元/亩）,mu,,,,M01_NOT_COLLECTED,固定资产投资÷工业用地面积（万元/亩）；单位=万元/亩,经济运行与统计部门,OFFICIAL_STATISTICS
GD-014,A32,亩均产值,A,PARK_SURVEY_REQUIRED,工业总产值÷工业用地面积（万元/亩）,"10,000 CNY/mu",,,,M01_NOT_COLLECTED,工业总产值÷工业用地面积（万元/亩）；单位=万元/亩,经济运行与统计部门,OFFICIAL_STATISTICS
GD-014,A33,亩均税收,A,PARK_SURVEY_REQUIRED,税收收入÷工业用地面积（万元/亩）,%,,,,M01_NOT_COLLECTED,税收收入÷工业用地面积（万元/亩）；单位=万元/亩,经济运行与统计部门,OFFICIAL_STATISTICS
GD-014,A41,原料内供率,A,ENTERPRISE_REQUIRED,园区内企业原料互供比例,%,,,,M01_NOT_COLLECTED,园区内企业原料互供比例；单位=%,企业服务部门,AUDITED_ENTERPRISE_DATA
GD-014,B11,研发投入占主营业务收入的比重,B,ENTERPRISE_REQUIRED,园区规模以上工业企业研发经费支出占主营业务收入比例（%）,%,,,,M01_NOT_COLLECTED,园区规模以上工业企业研发经费支出占主营业务收入比例（%）；单位=%,科技创新部门,AUDITED_ENTERPRISE_DATA
GD-014,B12,优质企业数量,B,PARK_SURVEY_REQUIRED,"国家级制造业单项冠军企业、专精特新""小巨人""企业、高新技术企业等数量",count,,,,M01_NOT_COLLECTED,"国家级制造业单项冠军企业、专精特新""小巨人""企业、高新技术企业等数量；单位=个",企业服务部门,OFFICIAL_STATISTICS
GD-014,B13,上市公司所属企业数量,B,ENTERPRISE_REQUIRED,园区内上市公司及其控股企业数量,%,,,,M01_NOT_COLLECTED,园区内上市公司及其控股企业数量；单位=个,企业服务部门,AUDITED_ENTERPRISE_DATA
GD-014,B14,发明专利数,B,ENTERPRISE_REQUIRED,园区企业拥有的有效发明专利数量,count,,,,M01_NOT_COLLECTED,园区企业拥有的有效发明专利数量；单位=个,科技创新部门,AUDITED_ENTERPRISE_DATA
GD-014,B15,标准制定数,B,ENTERPRISE_REQUIRED,主导或参与制定国际、国家、行业及团体标准数量,count,,,,M01_NOT_COLLECTED,主导或参与制定国际、国家、行业及团体标准数量；单位=项,科技创新部门,AUDITED_ENTERPRISE_DATA
GD-014,B21,省级及以上研发机构数量,B,PARK_SURVEY_REQUIRED,国家级、省级重点实验室、工程研究中心、企业技术中心等创新平台数量,count,,,,M01_NOT_COLLECTED,国家级、省级重点实验室、工程研究中心、企业技术中心等创新平台数量；单位=个,科技创新部门,OFFICIAL_STATISTICS
GD-014,B22,产学研用融合平台,B,ENTERPRISE_REQUIRED,与高校、科研院所共建的平台数量,count,,,,M01_NOT_COLLECTED,与高校、科研院所共建的平台数量；单位=个,科技创新部门,AUDITED_ENTERPRISE_DATA
GD-014,B23,园区级以上中试基地,B,PARK_SURVEY_REQUIRED,已建成并投入运行的中试基地数量,count,,,,M01_NOT_COLLECTED,已建成并投入运行的中试基地数量；单位=是/否,科技创新部门,OFFICIAL_STATISTICS
GD-014,B31,产学研合作程度,B,DEFINITION_PENDING,园区企业开展产学研合作项目情况,DEFINITION_PENDING,,,,M06_DEFINITION_UNCLEAR,园区企业开展产学研合作项目情况；单位=%,科技创新部门,OFFICIAL_STATISTICS
GD-014,B32,技术引进,B,DEFINITION_PENDING,企业引进先进技术、成果转化情况,DEFINITION_PENDING,,,,M06_DEFINITION_UNCLEAR,企业引进先进技术、成果转化情况；单位=%,科技创新部门,OFFICIAL_STATISTICS
GD-014,B41,科技成果转化率,B,ENTERPRISE_REQUIRED,科技成果产业化、转化实施情况,count,,,,M01_NOT_COLLECTED,科技成果产业化、转化实施情况；单位=%,科技创新部门,AUDITED_ENTERPRISE_DATA
GD-014,B42,产业精细化率,B,MISSING,精细化工及高端化工产品占比,count,,,,M01_NOT_COLLECTED,精细化工及高端化工产品占比；单位=%,企业服务部门,OFFICIAL_STATISTICS
GD-014,C11,危险化学品从业单位安全生产标准化建设,C,MISSING,园区危险化学品生产、经营、储存等企业安全生产标准化建设情况,—,,,,M01_NOT_COLLECTED,园区危险化学品生产、经营、储存等企业安全生产标准化建设情况；单位=%,应急与安全部门,OFFICIAL_STATISTICS
GD-014,C12,安全风险等级,C,MISSING,园区整体安全风险等级评估结果,—,,,,M01_NOT_COLLECTED,园区整体安全风险等级评估结果；单位=等级,应急与安全部门,OFFICIAL_STATISTICS
GD-014,C13,安全生产事故发生等级,C,MISSING,年度生产安全事故情况,—,,,,M01_NOT_COLLECTED,年度生产安全事故情况；单位=等级,应急与安全部门,OFFICIAL_STATISTICS
GD-014,C21,大气环境质量达标率,C,MONITORING_REQUIRED,园区环境空气质量达标情况,%,,,,M01_NOT_COLLECTED,园区环境空气质量达标情况；单位=%,生态环境部门,MONITORING_EXPORT
GD-014,C22,地表水环境质量达标率,C,MONITORING_REQUIRED,园区地表水断面达标情况,%,,,,M01_NOT_COLLECTED,园区地表水断面达标情况；单位=%,生态环境部门,MONITORING_EXPORT
GD-014,C23,地下水质量达标率,C,MONITORING_REQUIRED,地下水监测点位达标情况,%,,,,M01_NOT_COLLECTED,地下水监测点位达标情况；单位=%,生态环境部门,MONITORING_EXPORT
GD-014,C24,土壤质量达标率,C,MONITORING_REQUIRED,土壤环境质量监测达标情况,%,,,,M01_NOT_COLLECTED,土壤环境质量监测达标情况；单位=%,生态环境部门,MONITORING_EXPORT
GD-014,C31,单位工业总产值COD排放量,C,MONITORING_REQUIRED,单位工业总产值化学需氧量排放量,t/100m CNY,,,,M01_NOT_COLLECTED,COD排放量；同年度工业总产值；统计边界,生态环境部门,MONITORING_EXPORT
GD-014,C32,单位工业总产值氨氮排放量,C,MONITORING_REQUIRED,单位工业总产值氨氮排放量,t/100m CNY,,,,M01_NOT_COLLECTED,NH3-N排放量；同年度工业总产值；统计边界,生态环境部门,MONITORING_EXPORT
GD-014,C33,单位工业总产值SO₂排放量,C,MONITORING_REQUIRED,单位工业总产值二氧化硫排放量,t/100m CNY,,,,M01_NOT_COLLECTED,SO2排放量；同年度工业总产值；统计边界,生态环境部门,MONITORING_EXPORT
GD-014,C34,单位工业总产值氮氧化物排放量,C,MONITORING_REQUIRED,单位工业总产值NOx排放量,t/100m CNY,,,,M01_NOT_COLLECTED,NOx排放量；同年度工业总产值；统计边界,生态环境部门,MONITORING_EXPORT
GD-014,C35,单位工业总产值VOCs排放量,C,DEFINITION_PENDING,单位工业总产值挥发性有机物排放量,DEFINITION_PENDING,,,,M06_DEFINITION_UNCLEAR,VOCs排放量；同年度工业总产值；人工锁定定义,生态环境部门,MONITORING_EXPORT
GD-014,C41,单位工业总产值新鲜取水量,C,MONITORING_REQUIRED,每单位工业产值消耗的新鲜水资源,"m3/10,000 CNY",,,,M01_NOT_COLLECTED,新鲜水取用量；工业增加值；统计年度；统计边界,水务部门,MONITORING_EXPORT
GD-014,C42,再生水（中水）回用率,C,MONITORING_REQUIRED,再生水利用比例,%,,,,M01_NOT_COLLECTED,再生水实际利用量；园区总用水量；统计年度；统计边界,水务部门,MONITORING_EXPORT
GD-014,C51,单位工业增加值能耗削减率,C,MONITORING_REQUIRED,单位工业增加值综合能耗下降幅度,"tce/10,000 CNY",,,,M01_NOT_COLLECTED,综合能源消费量；工业增加值；统计年度；统计边界,能源与碳管理部门,MONITORING_EXPORT
GD-014,C52,绿色电力使用,C,MONITORING_REQUIRED,绿色电力消费比例,"tCO2/10,000 CNY",,,,M01_NOT_COLLECTED,CO2排放量；工业增加值；统计年度；统计边界,能源与碳管理部门,MONITORING_EXPORT
GD-014,C53,单位工业增加值CO₂排放量削减率,C,MONITORING_REQUIRED,单位工业增加值碳排放下降幅度,%,,,,M01_NOT_COLLECTED,单位工业增加值碳排放下降幅度；单位=%,能源与碳管理部门,OFFICIAL_STATISTICS
GD-014,C54,绿色工厂示范企业数量,C,PARK_SURVEY_REQUIRED,国家级、省级绿色工厂数量,count,,,,M01_NOT_COLLECTED,国家级、省级绿色工厂数量；单位=个,企业服务部门,OFFICIAL_STATISTICS
GD-014,C55,示范创建数量,C,PUBLIC_AVAILABLE,国家级、省级绿色园区、绿色供应链等示范创建数量,category,1,2026,S3E-0093,,国家级、省级绿色园区、绿色供应链等示范创建数量；单位=级别,园区综合管理部门,OFFICIAL_RECOGNITION
GD-014,D11,化工园区智慧化水平,D,MISSING,园区智慧管理平台建设情况，包括安全、环保、能源、应急、封闭化管理、公共服务等智慧化系统建设及运行情况。,ordinal evidence level,,,,M01_NOT_COLLECTED,园区智慧管理平台建设情况，包括安全、环保、能源、应急、封闭化管理、公共服务等智慧化系统建设及运行情况。；单位=等级,智慧园区管理部门,MANAGEMENT_SYSTEM_RECORD
GD-014,D21,省级及以上认定的智能工厂数量,D,PARK_SURVEY_REQUIRED,园区内获得国家级、省级智能工厂（或智能制造示范工厂）认定的企业数量。,%,,,,M01_NOT_COLLECTED,园区内获得国家级、省级智能工厂（或智能制造示范工厂）认定的企业数量。；单位=个,企业服务部门,OFFICIAL_STATISTICS
GD-015,A11,规模以上工业企业工业总产值,A,PARK_SURVEY_REQUIRED,园区规模以上工业企业工业总产值（亿元）,100 million CNY,,,,M01_NOT_COLLECTED,园区规模以上工业企业工业总产值（亿元）；单位=亿元,经济运行与统计部门,OFFICIAL_STATISTICS
GD-015,A12,规模以上工业企业工业总产值增长率,A,PARK_SURVEY_REQUIRED,当年规模以上工业企业工业总产值增长率（%）,CNY/person,,,,M01_NOT_COLLECTED,当年规模以上工业企业工业总产值增长率（%）；单位=%,经济运行与统计部门,OFFICIAL_STATISTICS
GD-015,A21,规模以上工业企业利润率,A,ENTERPRISE_REQUIRED,利润总额/营业收入×100%,%,,,,M01_NOT_COLLECTED,利润总额/营业收入×100%；单位=%,企业服务部门,AUDITED_ENTERPRISE_DATA
GD-015,A22,工业增加值增长率,A,PARK_SURVEY_REQUIRED,当年工业增加值增长率（%）,%,,,,M01_NOT_COLLECTED,当年工业增加值增长率（%）；单位=%,经济运行与统计部门,OFFICIAL_STATISTICS
GD-015,A23,人均产值,A,ENTERPRISE_REQUIRED,工业总产值÷从业人员数量（万元/人）,%,,,,M01_NOT_COLLECTED,工业总产值÷从业人员数量（万元/人）；单位=万元/人,企业服务部门,AUDITED_ENTERPRISE_DATA
GD-015,A31,亩均投资强度,A,PARK_SURVEY_REQUIRED,固定资产投资÷工业用地面积（万元/亩）,mu,,,,M01_NOT_COLLECTED,固定资产投资÷工业用地面积（万元/亩）；单位=万元/亩,经济运行与统计部门,OFFICIAL_STATISTICS
GD-015,A32,亩均产值,A,PARK_SURVEY_REQUIRED,工业总产值÷工业用地面积（万元/亩）,"10,000 CNY/mu",,,,M01_NOT_COLLECTED,工业总产值÷工业用地面积（万元/亩）；单位=万元/亩,经济运行与统计部门,OFFICIAL_STATISTICS
GD-015,A33,亩均税收,A,PARK_SURVEY_REQUIRED,税收收入÷工业用地面积（万元/亩）,%,,,,M01_NOT_COLLECTED,税收收入÷工业用地面积（万元/亩）；单位=万元/亩,经济运行与统计部门,OFFICIAL_STATISTICS
GD-015,A41,原料内供率,A,ENTERPRISE_REQUIRED,园区内企业原料互供比例,%,,,,M01_NOT_COLLECTED,园区内企业原料互供比例；单位=%,企业服务部门,AUDITED_ENTERPRISE_DATA
GD-015,B11,研发投入占主营业务收入的比重,B,ENTERPRISE_REQUIRED,园区规模以上工业企业研发经费支出占主营业务收入比例（%）,%,,,,M01_NOT_COLLECTED,园区规模以上工业企业研发经费支出占主营业务收入比例（%）；单位=%,科技创新部门,AUDITED_ENTERPRISE_DATA
GD-015,B12,优质企业数量,B,PARK_SURVEY_REQUIRED,"国家级制造业单项冠军企业、专精特新""小巨人""企业、高新技术企业等数量",count,,,,M01_NOT_COLLECTED,"国家级制造业单项冠军企业、专精特新""小巨人""企业、高新技术企业等数量；单位=个",企业服务部门,OFFICIAL_STATISTICS
GD-015,B13,上市公司所属企业数量,B,ENTERPRISE_REQUIRED,园区内上市公司及其控股企业数量,%,,,,M01_NOT_COLLECTED,园区内上市公司及其控股企业数量；单位=个,企业服务部门,AUDITED_ENTERPRISE_DATA
GD-015,B14,发明专利数,B,ENTERPRISE_REQUIRED,园区企业拥有的有效发明专利数量,count,,,,M01_NOT_COLLECTED,园区企业拥有的有效发明专利数量；单位=个,科技创新部门,AUDITED_ENTERPRISE_DATA
GD-015,B15,标准制定数,B,ENTERPRISE_REQUIRED,主导或参与制定国际、国家、行业及团体标准数量,count,,,,M01_NOT_COLLECTED,主导或参与制定国际、国家、行业及团体标准数量；单位=项,科技创新部门,AUDITED_ENTERPRISE_DATA
GD-015,B21,省级及以上研发机构数量,B,PARK_SURVEY_REQUIRED,国家级、省级重点实验室、工程研究中心、企业技术中心等创新平台数量,count,,,,M01_NOT_COLLECTED,国家级、省级重点实验室、工程研究中心、企业技术中心等创新平台数量；单位=个,科技创新部门,OFFICIAL_STATISTICS
GD-015,B22,产学研用融合平台,B,ENTERPRISE_REQUIRED,与高校、科研院所共建的平台数量,count,,,,M01_NOT_COLLECTED,与高校、科研院所共建的平台数量；单位=个,科技创新部门,AUDITED_ENTERPRISE_DATA
GD-015,B23,园区级以上中试基地,B,PARK_SURVEY_REQUIRED,已建成并投入运行的中试基地数量,count,,,,M01_NOT_COLLECTED,已建成并投入运行的中试基地数量；单位=是/否,科技创新部门,OFFICIAL_STATISTICS
GD-015,B31,产学研合作程度,B,DEFINITION_PENDING,园区企业开展产学研合作项目情况,DEFINITION_PENDING,,,,M06_DEFINITION_UNCLEAR,园区企业开展产学研合作项目情况；单位=%,科技创新部门,OFFICIAL_STATISTICS
GD-015,B32,技术引进,B,DEFINITION_PENDING,企业引进先进技术、成果转化情况,DEFINITION_PENDING,,,,M06_DEFINITION_UNCLEAR,企业引进先进技术、成果转化情况；单位=%,科技创新部门,OFFICIAL_STATISTICS
GD-015,B41,科技成果转化率,B,ENTERPRISE_REQUIRED,科技成果产业化、转化实施情况,count,,,,M01_NOT_COLLECTED,科技成果产业化、转化实施情况；单位=%,科技创新部门,AUDITED_ENTERPRISE_DATA
GD-015,B42,产业精细化率,B,MISSING,精细化工及高端化工产品占比,count,,,,M01_NOT_COLLECTED,精细化工及高端化工产品占比；单位=%,企业服务部门,OFFICIAL_STATISTICS
GD-015,C11,危险化学品从业单位安全生产标准化建设,C,MISSING,园区危险化学品生产、经营、储存等企业安全生产标准化建设情况,—,,,,M01_NOT_COLLECTED,园区危险化学品生产、经营、储存等企业安全生产标准化建设情况；单位=%,应急与安全部门,OFFICIAL_STATISTICS
GD-015,C12,安全风险等级,C,MISSING,园区整体安全风险等级评估结果,—,,,,M01_NOT_COLLECTED,园区整体安全风险等级评估结果；单位=等级,应急与安全部门,OFFICIAL_STATISTICS
GD-015,C13,安全生产事故发生等级,C,MISSING,年度生产安全事故情况,—,,,,M01_NOT_COLLECTED,年度生产安全事故情况；单位=等级,应急与安全部门,OFFICIAL_STATISTICS
GD-015,C21,大气环境质量达标率,C,MONITORING_REQUIRED,园区环境空气质量达标情况,%,,,,M01_NOT_COLLECTED,园区环境空气质量达标情况；单位=%,生态环境部门,MONITORING_EXPORT
GD-015,C22,地表水环境质量达标率,C,MONITORING_REQUIRED,园区地表水断面达标情况,%,,,,M01_NOT_COLLECTED,园区地表水断面达标情况；单位=%,生态环境部门,MONITORING_EXPORT
GD-015,C23,地下水质量达标率,C,MONITORING_REQUIRED,地下水监测点位达标情况,%,,,,M01_NOT_COLLECTED,地下水监测点位达标情况；单位=%,生态环境部门,MONITORING_EXPORT
GD-015,C24,土壤质量达标率,C,MONITORING_REQUIRED,土壤环境质量监测达标情况,%,,,,M01_NOT_COLLECTED,土壤环境质量监测达标情况；单位=%,生态环境部门,MONITORING_EXPORT
GD-015,C31,单位工业总产值COD排放量,C,MONITORING_REQUIRED,单位工业总产值化学需氧量排放量,t/100m CNY,,,,M01_NOT_COLLECTED,COD排放量；同年度工业总产值；统计边界,生态环境部门,MONITORING_EXPORT
GD-015,C32,单位工业总产值氨氮排放量,C,MONITORING_REQUIRED,单位工业总产值氨氮排放量,t/100m CNY,,,,M01_NOT_COLLECTED,NH3-N排放量；同年度工业总产值；统计边界,生态环境部门,MONITORING_EXPORT
GD-015,C33,单位工业总产值SO₂排放量,C,MONITORING_REQUIRED,单位工业总产值二氧化硫排放量,t/100m CNY,,,,M01_NOT_COLLECTED,SO2排放量；同年度工业总产值；统计边界,生态环境部门,MONITORING_EXPORT
GD-015,C34,单位工业总产值氮氧化物排放量,C,MONITORING_REQUIRED,单位工业总产值NOx排放量,t/100m CNY,,,,M01_NOT_COLLECTED,NOx排放量；同年度工业总产值；统计边界,生态环境部门,MONITORING_EXPORT
GD-015,C35,单位工业总产值VOCs排放量,C,DEFINITION_PENDING,单位工业总产值挥发性有机物排放量,DEFINITION_PENDING,,,,M06_DEFINITION_UNCLEAR,VOCs排放量；同年度工业总产值；人工锁定定义,生态环境部门,MONITORING_EXPORT
GD-015,C41,单位工业总产值新鲜取水量,C,MONITORING_REQUIRED,每单位工业产值消耗的新鲜水资源,"m3/10,000 CNY",,,,M01_NOT_COLLECTED,新鲜水取用量；工业增加值；统计年度；统计边界,水务部门,MONITORING_EXPORT
GD-015,C42,再生水（中水）回用率,C,MONITORING_REQUIRED,再生水利用比例,%,,,,M01_NOT_COLLECTED,再生水实际利用量；园区总用水量；统计年度；统计边界,水务部门,MONITORING_EXPORT
GD-015,C51,单位工业增加值能耗削减率,C,MONITORING_REQUIRED,单位工业增加值综合能耗下降幅度,"tce/10,000 CNY",,,,M01_NOT_COLLECTED,综合能源消费量；工业增加值；统计年度；统计边界,能源与碳管理部门,MONITORING_EXPORT
GD-015,C52,绿色电力使用,C,MONITORING_REQUIRED,绿色电力消费比例,"tCO2/10,000 CNY",,,,M01_NOT_COLLECTED,CO2排放量；工业增加值；统计年度；统计边界,能源与碳管理部门,MONITORING_EXPORT
GD-015,C53,单位工业增加值CO₂排放量削减率,C,MONITORING_REQUIRED,单位工业增加值碳排放下降幅度,%,,,,M01_NOT_COLLECTED,单位工业增加值碳排放下降幅度；单位=%,能源与碳管理部门,OFFICIAL_STATISTICS
GD-015,C54,绿色工厂示范企业数量,C,PARK_SURVEY_REQUIRED,国家级、省级绿色工厂数量,count,,,,M01_NOT_COLLECTED,国家级、省级绿色工厂数量；单位=个,企业服务部门,OFFICIAL_STATISTICS
GD-015,C55,示范创建数量,C,PUBLIC_AVAILABLE,国家级、省级绿色园区、绿色供应链等示范创建数量,category,1,2026,S3E-0094,,国家级、省级绿色园区、绿色供应链等示范创建数量；单位=级别,园区综合管理部门,OFFICIAL_RECOGNITION
GD-015,D11,化工园区智慧化水平,D,MISSING,园区智慧管理平台建设情况，包括安全、环保、能源、应急、封闭化管理、公共服务等智慧化系统建设及运行情况。,ordinal evidence level,,,,M01_NOT_COLLECTED,园区智慧管理平台建设情况，包括安全、环保、能源、应急、封闭化管理、公共服务等智慧化系统建设及运行情况。；单位=等级,智慧园区管理部门,MANAGEMENT_SYSTEM_RECORD
GD-015,D21,省级及以上认定的智能工厂数量,D,PARK_SURVEY_REQUIRED,园区内获得国家级、省级智能工厂（或智能制造示范工厂）认定的企业数量。,%,,,,M01_NOT_COLLECTED,园区内获得国家级、省级智能工厂（或智能制造示范工厂）认定的企业数量。；单位=个,企业服务部门,OFFICIAL_STATISTICS
NAT-001,A11,规模以上工业企业工业总产值,A,PUBLIC_AVAILABLE,园区规模以上工业企业工业总产值（亿元）,100 million CNY,6079.7,2024,S3E-0008,,园区规模以上工业企业工业总产值（亿元）；单位=亿元,经济运行与统计部门,OFFICIAL_STATISTICS
NAT-001,A12,规模以上工业企业工业总产值增长率,A,PARK_SURVEY_REQUIRED,当年规模以上工业企业工业总产值增长率（%）,CNY/person,,,,M01_NOT_COLLECTED,当年规模以上工业企业工业总产值增长率（%）；单位=%,经济运行与统计部门,OFFICIAL_STATISTICS
NAT-001,A21,规模以上工业企业利润率,A,ENTERPRISE_REQUIRED,利润总额/营业收入×100%,%,,,,M01_NOT_COLLECTED,利润总额/营业收入×100%；单位=%,企业服务部门,AUDITED_ENTERPRISE_DATA
NAT-001,A22,工业增加值增长率,A,PARK_SURVEY_REQUIRED,当年工业增加值增长率（%）,%,,,,M01_NOT_COLLECTED,当年工业增加值增长率（%）；单位=%,经济运行与统计部门,OFFICIAL_STATISTICS
NAT-001,A23,人均产值,A,ENTERPRISE_REQUIRED,工业总产值÷从业人员数量（万元/人）,%,,,,M01_NOT_COLLECTED,工业总产值÷从业人员数量（万元/人）；单位=万元/人,企业服务部门,AUDITED_ENTERPRISE_DATA
NAT-001,A31,亩均投资强度,A,PARK_SURVEY_REQUIRED,固定资产投资÷工业用地面积（万元/亩）,mu,,,,M01_NOT_COLLECTED,固定资产投资÷工业用地面积（万元/亩）；单位=万元/亩,经济运行与统计部门,OFFICIAL_STATISTICS
NAT-001,A32,亩均产值,A,PARK_SURVEY_REQUIRED,工业总产值÷工业用地面积（万元/亩）,"10,000 CNY/mu",,,,M01_NOT_COLLECTED,工业总产值÷工业用地面积（万元/亩）；单位=万元/亩,经济运行与统计部门,OFFICIAL_STATISTICS
NAT-001,A33,亩均税收,A,PARK_SURVEY_REQUIRED,税收收入÷工业用地面积（万元/亩）,%,,,,M01_NOT_COLLECTED,税收收入÷工业用地面积（万元/亩）；单位=万元/亩,经济运行与统计部门,OFFICIAL_STATISTICS
NAT-001,A41,原料内供率,A,ENTERPRISE_REQUIRED,园区内企业原料互供比例,%,,,,M01_NOT_COLLECTED,园区内企业原料互供比例；单位=%,企业服务部门,AUDITED_ENTERPRISE_DATA
NAT-001,B11,研发投入占主营业务收入的比重,B,ENTERPRISE_REQUIRED,园区规模以上工业企业研发经费支出占主营业务收入比例（%）,%,,,,M01_NOT_COLLECTED,园区规模以上工业企业研发经费支出占主营业务收入比例（%）；单位=%,科技创新部门,AUDITED_ENTERPRISE_DATA
NAT-001,B12,优质企业数量,B,PUBLIC_AVAILABLE,"国家级制造业单项冠军企业、专精特新""小巨人""企业、高新技术企业等数量",count,2300,2024,S3E-0009,,"国家级制造业单项冠军企业、专精特新""小巨人""企业、高新技术企业等数量；单位=个",企业服务部门,OFFICIAL_STATISTICS
NAT-001,B13,上市公司所属企业数量,B,ENTERPRISE_REQUIRED,园区内上市公司及其控股企业数量,%,,,,M01_NOT_COLLECTED,园区内上市公司及其控股企业数量；单位=个,企业服务部门,AUDITED_ENTERPRISE_DATA
NAT-001,B14,发明专利数,B,ENTERPRISE_REQUIRED,园区企业拥有的有效发明专利数量,count,,,,M01_NOT_COLLECTED,园区企业拥有的有效发明专利数量；单位=个,科技创新部门,AUDITED_ENTERPRISE_DATA
NAT-001,B15,标准制定数,B,ENTERPRISE_REQUIRED,主导或参与制定国际、国家、行业及团体标准数量,count,,,,M01_NOT_COLLECTED,主导或参与制定国际、国家、行业及团体标准数量；单位=项,科技创新部门,AUDITED_ENTERPRISE_DATA
NAT-001,B21,省级及以上研发机构数量,B,PARK_SURVEY_REQUIRED,国家级、省级重点实验室、工程研究中心、企业技术中心等创新平台数量,count,,,,M01_NOT_COLLECTED,国家级、省级重点实验室、工程研究中心、企业技术中心等创新平台数量；单位=个,科技创新部门,OFFICIAL_STATISTICS
NAT-001,B22,产学研用融合平台,B,ENTERPRISE_REQUIRED,与高校、科研院所共建的平台数量,count,,,,M01_NOT_COLLECTED,与高校、科研院所共建的平台数量；单位=个,科技创新部门,AUDITED_ENTERPRISE_DATA
NAT-001,B23,园区级以上中试基地,B,PARK_SURVEY_REQUIRED,已建成并投入运行的中试基地数量,count,,,,M01_NOT_COLLECTED,已建成并投入运行的中试基地数量；单位=是/否,科技创新部门,OFFICIAL_STATISTICS
NAT-001,B31,产学研合作程度,B,DEFINITION_PENDING,园区企业开展产学研合作项目情况,DEFINITION_PENDING,,,,M06_DEFINITION_UNCLEAR,园区企业开展产学研合作项目情况；单位=%,科技创新部门,OFFICIAL_STATISTICS
NAT-001,B32,技术引进,B,DEFINITION_PENDING,企业引进先进技术、成果转化情况,DEFINITION_PENDING,,,,M06_DEFINITION_UNCLEAR,企业引进先进技术、成果转化情况；单位=%,科技创新部门,OFFICIAL_STATISTICS
NAT-001,B41,科技成果转化率,B,ENTERPRISE_REQUIRED,科技成果产业化、转化实施情况,count,,,,M01_NOT_COLLECTED,科技成果产业化、转化实施情况；单位=%,科技创新部门,AUDITED_ENTERPRISE_DATA
NAT-001,B42,产业精细化率,B,MISSING,精细化工及高端化工产品占比,count,,,,M01_NOT_COLLECTED,精细化工及高端化工产品占比；单位=%,企业服务部门,OFFICIAL_STATISTICS
NAT-001,C11,危险化学品从业单位安全生产标准化建设,C,MISSING,园区危险化学品生产、经营、储存等企业安全生产标准化建设情况,—,,,,M01_NOT_COLLECTED,园区危险化学品生产、经营、储存等企业安全生产标准化建设情况；单位=%,应急与安全部门,OFFICIAL_STATISTICS
NAT-001,C12,安全风险等级,C,MISSING,园区整体安全风险等级评估结果,—,,,,M01_NOT_COLLECTED,园区整体安全风险等级评估结果；单位=等级,应急与安全部门,OFFICIAL_STATISTICS
NAT-001,C13,安全生产事故发生等级,C,MISSING,年度生产安全事故情况,—,,,,M01_NOT_COLLECTED,年度生产安全事故情况；单位=等级,应急与安全部门,OFFICIAL_STATISTICS
NAT-001,C21,大气环境质量达标率,C,MONITORING_REQUIRED,园区环境空气质量达标情况,%,,,,M01_NOT_COLLECTED,园区环境空气质量达标情况；单位=%,生态环境部门,MONITORING_EXPORT
NAT-001,C22,地表水环境质量达标率,C,PUBLIC_AVAILABLE,园区地表水断面达标情况,%,100,2024,S3E-0010,,园区地表水断面达标情况；单位=%,生态环境部门,MONITORING_EXPORT
NAT-001,C23,地下水质量达标率,C,MONITORING_REQUIRED,地下水监测点位达标情况,%,,,,M01_NOT_COLLECTED,地下水监测点位达标情况；单位=%,生态环境部门,MONITORING_EXPORT
NAT-001,C24,土壤质量达标率,C,MONITORING_REQUIRED,土壤环境质量监测达标情况,%,,,,M01_NOT_COLLECTED,土壤环境质量监测达标情况；单位=%,生态环境部门,MONITORING_EXPORT
NAT-001,C31,单位工业总产值COD排放量,C,MONITORING_REQUIRED,单位工业总产值化学需氧量排放量,t/100m CNY,,,,M01_NOT_COLLECTED,COD排放量；同年度工业总产值；统计边界,生态环境部门,MONITORING_EXPORT
NAT-001,C32,单位工业总产值氨氮排放量,C,MONITORING_REQUIRED,单位工业总产值氨氮排放量,t/100m CNY,,,,M01_NOT_COLLECTED,NH3-N排放量；同年度工业总产值；统计边界,生态环境部门,MONITORING_EXPORT
NAT-001,C33,单位工业总产值SO₂排放量,C,MONITORING_REQUIRED,单位工业总产值二氧化硫排放量,t/100m CNY,,,,M01_NOT_COLLECTED,SO2排放量；同年度工业总产值；统计边界,生态环境部门,MONITORING_EXPORT
NAT-001,C34,单位工业总产值氮氧化物排放量,C,MONITORING_REQUIRED,单位工业总产值NOx排放量,t/100m CNY,,,,M01_NOT_COLLECTED,NOx排放量；同年度工业总产值；统计边界,生态环境部门,MONITORING_EXPORT
NAT-001,C35,单位工业总产值VOCs排放量,C,DEFINITION_PENDING,单位工业总产值挥发性有机物排放量,DEFINITION_PENDING,,,,M06_DEFINITION_UNCLEAR,VOCs排放量；同年度工业总产值；人工锁定定义,生态环境部门,MONITORING_EXPORT
NAT-001,C41,单位工业总产值新鲜取水量,C,MONITORING_REQUIRED,每单位工业产值消耗的新鲜水资源,"m3/10,000 CNY",,,,M01_NOT_COLLECTED,新鲜水取用量；工业增加值；统计年度；统计边界,水务部门,MONITORING_EXPORT
NAT-001,C42,再生水（中水）回用率,C,MONITORING_REQUIRED,再生水利用比例,%,,,,M01_NOT_COLLECTED,再生水实际利用量；园区总用水量；统计年度；统计边界,水务部门,MONITORING_EXPORT
NAT-001,C51,单位工业增加值能耗削减率,C,MONITORING_REQUIRED,单位工业增加值综合能耗下降幅度,"tce/10,000 CNY",,,,M01_NOT_COLLECTED,综合能源消费量；工业增加值；统计年度；统计边界,能源与碳管理部门,MONITORING_EXPORT
NAT-001,C52,绿色电力使用,C,MONITORING_REQUIRED,绿色电力消费比例,"tCO2/10,000 CNY",,,,M01_NOT_COLLECTED,CO2排放量；工业增加值；统计年度；统计边界,能源与碳管理部门,MONITORING_EXPORT
NAT-001,C53,单位工业增加值CO₂排放量削减率,C,MONITORING_REQUIRED,单位工业增加值碳排放下降幅度,%,,,,M01_NOT_COLLECTED,单位工业增加值碳排放下降幅度；单位=%,能源与碳管理部门,OFFICIAL_STATISTICS
NAT-001,C54,绿色工厂示范企业数量,C,PUBLIC_AVAILABLE,国家级、省级绿色工厂数量,count,41,2024,S3E-0011,,国家级、省级绿色工厂数量；单位=个,企业服务部门,OFFICIAL_STATISTICS
NAT-001,C55,示范创建数量,C,PUBLIC_AVAILABLE,国家级、省级绿色园区、绿色供应链等示范创建数量,category,1,2025,S3E-0028,,国家级、省级绿色园区、绿色供应链等示范创建数量；单位=级别,园区综合管理部门,OFFICIAL_RECOGNITION
NAT-001,D11,化工园区智慧化水平,D,MISSING,园区智慧管理平台建设情况，包括安全、环保、能源、应急、封闭化管理、公共服务等智慧化系统建设及运行情况。,ordinal evidence level,,,,M01_NOT_COLLECTED,园区智慧管理平台建设情况，包括安全、环保、能源、应急、封闭化管理、公共服务等智慧化系统建设及运行情况。；单位=等级,智慧园区管理部门,MANAGEMENT_SYSTEM_RECORD
NAT-001,D21,省级及以上认定的智能工厂数量,D,PUBLIC_AVAILABLE,园区内获得国家级、省级智能工厂（或智能制造示范工厂）认定的企业数量。,%,16,2022,S3E-0012,,园区内获得国家级、省级智能工厂（或智能制造示范工厂）认定的企业数量。；单位=个,企业服务部门,OFFICIAL_STATISTICS
NAT-002,A11,规模以上工业企业工业总产值,A,PARK_SURVEY_REQUIRED,园区规模以上工业企业工业总产值（亿元）,100 million CNY,,,,M01_NOT_COLLECTED,园区规模以上工业企业工业总产值（亿元）；单位=亿元,经济运行与统计部门,OFFICIAL_STATISTICS
NAT-002,A12,规模以上工业企业工业总产值增长率,A,PARK_SURVEY_REQUIRED,当年规模以上工业企业工业总产值增长率（%）,CNY/person,,,,M01_NOT_COLLECTED,当年规模以上工业企业工业总产值增长率（%）；单位=%,经济运行与统计部门,OFFICIAL_STATISTICS
NAT-002,A21,规模以上工业企业利润率,A,ENTERPRISE_REQUIRED,利润总额/营业收入×100%,%,,,,M01_NOT_COLLECTED,利润总额/营业收入×100%；单位=%,企业服务部门,AUDITED_ENTERPRISE_DATA
NAT-002,A22,工业增加值增长率,A,PARK_SURVEY_REQUIRED,当年工业增加值增长率（%）,%,,,,M01_NOT_COLLECTED,当年工业增加值增长率（%）；单位=%,经济运行与统计部门,OFFICIAL_STATISTICS
NAT-002,A23,人均产值,A,ENTERPRISE_REQUIRED,工业总产值÷从业人员数量（万元/人）,%,,,,M01_NOT_COLLECTED,工业总产值÷从业人员数量（万元/人）；单位=万元/人,企业服务部门,AUDITED_ENTERPRISE_DATA
NAT-002,A31,亩均投资强度,A,PARK_SURVEY_REQUIRED,固定资产投资÷工业用地面积（万元/亩）,mu,,,,M01_NOT_COLLECTED,固定资产投资÷工业用地面积（万元/亩）；单位=万元/亩,经济运行与统计部门,OFFICIAL_STATISTICS
NAT-002,A32,亩均产值,A,PARK_SURVEY_REQUIRED,工业总产值÷工业用地面积（万元/亩）,"10,000 CNY/mu",,,,M01_NOT_COLLECTED,工业总产值÷工业用地面积（万元/亩）；单位=万元/亩,经济运行与统计部门,OFFICIAL_STATISTICS
NAT-002,A33,亩均税收,A,PARK_SURVEY_REQUIRED,税收收入÷工业用地面积（万元/亩）,%,,,,M01_NOT_COLLECTED,税收收入÷工业用地面积（万元/亩）；单位=万元/亩,经济运行与统计部门,OFFICIAL_STATISTICS
NAT-002,A41,原料内供率,A,ENTERPRISE_REQUIRED,园区内企业原料互供比例,%,,,,M01_NOT_COLLECTED,园区内企业原料互供比例；单位=%,企业服务部门,AUDITED_ENTERPRISE_DATA
NAT-002,B11,研发投入占主营业务收入的比重,B,ENTERPRISE_REQUIRED,园区规模以上工业企业研发经费支出占主营业务收入比例（%）,%,,,,M01_NOT_COLLECTED,园区规模以上工业企业研发经费支出占主营业务收入比例（%）；单位=%,科技创新部门,AUDITED_ENTERPRISE_DATA
NAT-002,B12,优质企业数量,B,PARK_SURVEY_REQUIRED,"国家级制造业单项冠军企业、专精特新""小巨人""企业、高新技术企业等数量",count,,,,M01_NOT_COLLECTED,"国家级制造业单项冠军企业、专精特新""小巨人""企业、高新技术企业等数量；单位=个",企业服务部门,OFFICIAL_STATISTICS
NAT-002,B13,上市公司所属企业数量,B,ENTERPRISE_REQUIRED,园区内上市公司及其控股企业数量,%,,,,M01_NOT_COLLECTED,园区内上市公司及其控股企业数量；单位=个,企业服务部门,AUDITED_ENTERPRISE_DATA
NAT-002,B14,发明专利数,B,ENTERPRISE_REQUIRED,园区企业拥有的有效发明专利数量,count,,,,M01_NOT_COLLECTED,园区企业拥有的有效发明专利数量；单位=个,科技创新部门,AUDITED_ENTERPRISE_DATA
NAT-002,B15,标准制定数,B,ENTERPRISE_REQUIRED,主导或参与制定国际、国家、行业及团体标准数量,count,,,,M01_NOT_COLLECTED,主导或参与制定国际、国家、行业及团体标准数量；单位=项,科技创新部门,AUDITED_ENTERPRISE_DATA
NAT-002,B21,省级及以上研发机构数量,B,PARK_SURVEY_REQUIRED,国家级、省级重点实验室、工程研究中心、企业技术中心等创新平台数量,count,,,,M01_NOT_COLLECTED,国家级、省级重点实验室、工程研究中心、企业技术中心等创新平台数量；单位=个,科技创新部门,OFFICIAL_STATISTICS
NAT-002,B22,产学研用融合平台,B,ENTERPRISE_REQUIRED,与高校、科研院所共建的平台数量,count,,,,M01_NOT_COLLECTED,与高校、科研院所共建的平台数量；单位=个,科技创新部门,AUDITED_ENTERPRISE_DATA
NAT-002,B23,园区级以上中试基地,B,PARK_SURVEY_REQUIRED,已建成并投入运行的中试基地数量,count,,,,M01_NOT_COLLECTED,已建成并投入运行的中试基地数量；单位=是/否,科技创新部门,OFFICIAL_STATISTICS
NAT-002,B31,产学研合作程度,B,DEFINITION_PENDING,园区企业开展产学研合作项目情况,DEFINITION_PENDING,,,,M06_DEFINITION_UNCLEAR,园区企业开展产学研合作项目情况；单位=%,科技创新部门,OFFICIAL_STATISTICS
NAT-002,B32,技术引进,B,DEFINITION_PENDING,企业引进先进技术、成果转化情况,DEFINITION_PENDING,,,,M06_DEFINITION_UNCLEAR,企业引进先进技术、成果转化情况；单位=%,科技创新部门,OFFICIAL_STATISTICS
NAT-002,B41,科技成果转化率,B,ENTERPRISE_REQUIRED,科技成果产业化、转化实施情况,count,,,,M01_NOT_COLLECTED,科技成果产业化、转化实施情况；单位=%,科技创新部门,AUDITED_ENTERPRISE_DATA
NAT-002,B42,产业精细化率,B,MISSING,精细化工及高端化工产品占比,count,,,,M01_NOT_COLLECTED,精细化工及高端化工产品占比；单位=%,企业服务部门,OFFICIAL_STATISTICS
NAT-002,C11,危险化学品从业单位安全生产标准化建设,C,MISSING,园区危险化学品生产、经营、储存等企业安全生产标准化建设情况,—,,,,M01_NOT_COLLECTED,园区危险化学品生产、经营、储存等企业安全生产标准化建设情况；单位=%,应急与安全部门,OFFICIAL_STATISTICS
NAT-002,C12,安全风险等级,C,MISSING,园区整体安全风险等级评估结果,—,,,,M01_NOT_COLLECTED,园区整体安全风险等级评估结果；单位=等级,应急与安全部门,OFFICIAL_STATISTICS
NAT-002,C13,安全生产事故发生等级,C,MISSING,年度生产安全事故情况,—,,,,M01_NOT_COLLECTED,年度生产安全事故情况；单位=等级,应急与安全部门,OFFICIAL_STATISTICS
NAT-002,C21,大气环境质量达标率,C,MONITORING_REQUIRED,园区环境空气质量达标情况,%,,,,M01_NOT_COLLECTED,园区环境空气质量达标情况；单位=%,生态环境部门,MONITORING_EXPORT
NAT-002,C22,地表水环境质量达标率,C,MONITORING_REQUIRED,园区地表水断面达标情况,%,,,,M01_NOT_COLLECTED,园区地表水断面达标情况；单位=%,生态环境部门,MONITORING_EXPORT
NAT-002,C23,地下水质量达标率,C,MONITORING_REQUIRED,地下水监测点位达标情况,%,,,,M01_NOT_COLLECTED,地下水监测点位达标情况；单位=%,生态环境部门,MONITORING_EXPORT
NAT-002,C24,土壤质量达标率,C,MONITORING_REQUIRED,土壤环境质量监测达标情况,%,,,,M01_NOT_COLLECTED,土壤环境质量监测达标情况；单位=%,生态环境部门,MONITORING_EXPORT
NAT-002,C31,单位工业总产值COD排放量,C,MONITORING_REQUIRED,单位工业总产值化学需氧量排放量,t/100m CNY,,,,M01_NOT_COLLECTED,COD排放量；同年度工业总产值；统计边界,生态环境部门,MONITORING_EXPORT
NAT-002,C32,单位工业总产值氨氮排放量,C,MONITORING_REQUIRED,单位工业总产值氨氮排放量,t/100m CNY,,,,M01_NOT_COLLECTED,NH3-N排放量；同年度工业总产值；统计边界,生态环境部门,MONITORING_EXPORT
NAT-002,C33,单位工业总产值SO₂排放量,C,MONITORING_REQUIRED,单位工业总产值二氧化硫排放量,t/100m CNY,,,,M01_NOT_COLLECTED,SO2排放量；同年度工业总产值；统计边界,生态环境部门,MONITORING_EXPORT
NAT-002,C34,单位工业总产值氮氧化物排放量,C,MONITORING_REQUIRED,单位工业总产值NOx排放量,t/100m CNY,,,,M01_NOT_COLLECTED,NOx排放量；同年度工业总产值；统计边界,生态环境部门,MONITORING_EXPORT
NAT-002,C35,单位工业总产值VOCs排放量,C,DEFINITION_PENDING,单位工业总产值挥发性有机物排放量,DEFINITION_PENDING,,,,M06_DEFINITION_UNCLEAR,VOCs排放量；同年度工业总产值；人工锁定定义,生态环境部门,MONITORING_EXPORT
NAT-002,C41,单位工业总产值新鲜取水量,C,MONITORING_REQUIRED,每单位工业产值消耗的新鲜水资源,"m3/10,000 CNY",,,,M01_NOT_COLLECTED,新鲜水取用量；工业增加值；统计年度；统计边界,水务部门,MONITORING_EXPORT
NAT-002,C42,再生水（中水）回用率,C,MONITORING_REQUIRED,再生水利用比例,%,,,,M01_NOT_COLLECTED,再生水实际利用量；园区总用水量；统计年度；统计边界,水务部门,MONITORING_EXPORT
NAT-002,C51,单位工业增加值能耗削减率,C,MONITORING_REQUIRED,单位工业增加值综合能耗下降幅度,"tce/10,000 CNY",,,,M01_NOT_COLLECTED,综合能源消费量；工业增加值；统计年度；统计边界,能源与碳管理部门,MONITORING_EXPORT
NAT-002,C52,绿色电力使用,C,MONITORING_REQUIRED,绿色电力消费比例,"tCO2/10,000 CNY",,,,M01_NOT_COLLECTED,CO2排放量；工业增加值；统计年度；统计边界,能源与碳管理部门,MONITORING_EXPORT
NAT-002,C53,单位工业增加值CO₂排放量削减率,C,MONITORING_REQUIRED,单位工业增加值碳排放下降幅度,%,,,,M01_NOT_COLLECTED,单位工业增加值碳排放下降幅度；单位=%,能源与碳管理部门,OFFICIAL_STATISTICS
NAT-002,C54,绿色工厂示范企业数量,C,PARK_SURVEY_REQUIRED,国家级、省级绿色工厂数量,count,,,,M01_NOT_COLLECTED,国家级、省级绿色工厂数量；单位=个,企业服务部门,OFFICIAL_STATISTICS
NAT-002,C55,示范创建数量,C,PUBLIC_AVAILABLE,国家级、省级绿色园区、绿色供应链等示范创建数量,category,1,2025,S3E-0029,,国家级、省级绿色园区、绿色供应链等示范创建数量；单位=级别,园区综合管理部门,OFFICIAL_RECOGNITION
NAT-002,D11,化工园区智慧化水平,D,MISSING,园区智慧管理平台建设情况，包括安全、环保、能源、应急、封闭化管理、公共服务等智慧化系统建设及运行情况。,ordinal evidence level,,,,M01_NOT_COLLECTED,园区智慧管理平台建设情况，包括安全、环保、能源、应急、封闭化管理、公共服务等智慧化系统建设及运行情况。；单位=等级,智慧园区管理部门,MANAGEMENT_SYSTEM_RECORD
NAT-002,D21,省级及以上认定的智能工厂数量,D,PARK_SURVEY_REQUIRED,园区内获得国家级、省级智能工厂（或智能制造示范工厂）认定的企业数量。,%,,,,M01_NOT_COLLECTED,园区内获得国家级、省级智能工厂（或智能制造示范工厂）认定的企业数量。；单位=个,企业服务部门,OFFICIAL_STATISTICS
NAT-003,A11,规模以上工业企业工业总产值,A,PARK_SURVEY_REQUIRED,园区规模以上工业企业工业总产值（亿元）,100 million CNY,,,,M01_NOT_COLLECTED,园区规模以上工业企业工业总产值（亿元）；单位=亿元,经济运行与统计部门,OFFICIAL_STATISTICS
NAT-003,A12,规模以上工业企业工业总产值增长率,A,PARK_SURVEY_REQUIRED,当年规模以上工业企业工业总产值增长率（%）,CNY/person,,,,M01_NOT_COLLECTED,当年规模以上工业企业工业总产值增长率（%）；单位=%,经济运行与统计部门,OFFICIAL_STATISTICS
NAT-003,A21,规模以上工业企业利润率,A,ENTERPRISE_REQUIRED,利润总额/营业收入×100%,%,,,,M01_NOT_COLLECTED,利润总额/营业收入×100%；单位=%,企业服务部门,AUDITED_ENTERPRISE_DATA
NAT-003,A22,工业增加值增长率,A,PARK_SURVEY_REQUIRED,当年工业增加值增长率（%）,%,,,,M01_NOT_COLLECTED,当年工业增加值增长率（%）；单位=%,经济运行与统计部门,OFFICIAL_STATISTICS
NAT-003,A23,人均产值,A,ENTERPRISE_REQUIRED,工业总产值÷从业人员数量（万元/人）,%,,,,M01_NOT_COLLECTED,工业总产值÷从业人员数量（万元/人）；单位=万元/人,企业服务部门,AUDITED_ENTERPRISE_DATA
NAT-003,A31,亩均投资强度,A,PARK_SURVEY_REQUIRED,固定资产投资÷工业用地面积（万元/亩）,mu,,,,M01_NOT_COLLECTED,固定资产投资÷工业用地面积（万元/亩）；单位=万元/亩,经济运行与统计部门,OFFICIAL_STATISTICS
NAT-003,A32,亩均产值,A,PARK_SURVEY_REQUIRED,工业总产值÷工业用地面积（万元/亩）,"10,000 CNY/mu",,,,M01_NOT_COLLECTED,工业总产值÷工业用地面积（万元/亩）；单位=万元/亩,经济运行与统计部门,OFFICIAL_STATISTICS
NAT-003,A33,亩均税收,A,PARK_SURVEY_REQUIRED,税收收入÷工业用地面积（万元/亩）,%,,,,M01_NOT_COLLECTED,税收收入÷工业用地面积（万元/亩）；单位=万元/亩,经济运行与统计部门,OFFICIAL_STATISTICS
NAT-003,A41,原料内供率,A,ENTERPRISE_REQUIRED,园区内企业原料互供比例,%,,,,M01_NOT_COLLECTED,园区内企业原料互供比例；单位=%,企业服务部门,AUDITED_ENTERPRISE_DATA
NAT-003,B11,研发投入占主营业务收入的比重,B,ENTERPRISE_REQUIRED,园区规模以上工业企业研发经费支出占主营业务收入比例（%）,%,,,,M01_NOT_COLLECTED,园区规模以上工业企业研发经费支出占主营业务收入比例（%）；单位=%,科技创新部门,AUDITED_ENTERPRISE_DATA
NAT-003,B12,优质企业数量,B,PARK_SURVEY_REQUIRED,"国家级制造业单项冠军企业、专精特新""小巨人""企业、高新技术企业等数量",count,,,,M01_NOT_COLLECTED,"国家级制造业单项冠军企业、专精特新""小巨人""企业、高新技术企业等数量；单位=个",企业服务部门,OFFICIAL_STATISTICS
NAT-003,B13,上市公司所属企业数量,B,ENTERPRISE_REQUIRED,园区内上市公司及其控股企业数量,%,,,,M01_NOT_COLLECTED,园区内上市公司及其控股企业数量；单位=个,企业服务部门,AUDITED_ENTERPRISE_DATA
NAT-003,B14,发明专利数,B,ENTERPRISE_REQUIRED,园区企业拥有的有效发明专利数量,count,,,,M01_NOT_COLLECTED,园区企业拥有的有效发明专利数量；单位=个,科技创新部门,AUDITED_ENTERPRISE_DATA
NAT-003,B15,标准制定数,B,ENTERPRISE_REQUIRED,主导或参与制定国际、国家、行业及团体标准数量,count,,,,M01_NOT_COLLECTED,主导或参与制定国际、国家、行业及团体标准数量；单位=项,科技创新部门,AUDITED_ENTERPRISE_DATA
NAT-003,B21,省级及以上研发机构数量,B,PARK_SURVEY_REQUIRED,国家级、省级重点实验室、工程研究中心、企业技术中心等创新平台数量,count,,,,M01_NOT_COLLECTED,国家级、省级重点实验室、工程研究中心、企业技术中心等创新平台数量；单位=个,科技创新部门,OFFICIAL_STATISTICS
NAT-003,B22,产学研用融合平台,B,ENTERPRISE_REQUIRED,与高校、科研院所共建的平台数量,count,,,,M01_NOT_COLLECTED,与高校、科研院所共建的平台数量；单位=个,科技创新部门,AUDITED_ENTERPRISE_DATA
NAT-003,B23,园区级以上中试基地,B,PARK_SURVEY_REQUIRED,已建成并投入运行的中试基地数量,count,,,,M01_NOT_COLLECTED,已建成并投入运行的中试基地数量；单位=是/否,科技创新部门,OFFICIAL_STATISTICS
NAT-003,B31,产学研合作程度,B,DEFINITION_PENDING,园区企业开展产学研合作项目情况,DEFINITION_PENDING,,,,M06_DEFINITION_UNCLEAR,园区企业开展产学研合作项目情况；单位=%,科技创新部门,OFFICIAL_STATISTICS
NAT-003,B32,技术引进,B,DEFINITION_PENDING,企业引进先进技术、成果转化情况,DEFINITION_PENDING,,,,M06_DEFINITION_UNCLEAR,企业引进先进技术、成果转化情况；单位=%,科技创新部门,OFFICIAL_STATISTICS
NAT-003,B41,科技成果转化率,B,ENTERPRISE_REQUIRED,科技成果产业化、转化实施情况,count,,,,M01_NOT_COLLECTED,科技成果产业化、转化实施情况；单位=%,科技创新部门,AUDITED_ENTERPRISE_DATA
NAT-003,B42,产业精细化率,B,MISSING,精细化工及高端化工产品占比,count,,,,M01_NOT_COLLECTED,精细化工及高端化工产品占比；单位=%,企业服务部门,OFFICIAL_STATISTICS
NAT-003,C11,危险化学品从业单位安全生产标准化建设,C,MISSING,园区危险化学品生产、经营、储存等企业安全生产标准化建设情况,—,,,,M01_NOT_COLLECTED,园区危险化学品生产、经营、储存等企业安全生产标准化建设情况；单位=%,应急与安全部门,OFFICIAL_STATISTICS
NAT-003,C12,安全风险等级,C,MISSING,园区整体安全风险等级评估结果,—,,,,M01_NOT_COLLECTED,园区整体安全风险等级评估结果；单位=等级,应急与安全部门,OFFICIAL_STATISTICS
NAT-003,C13,安全生产事故发生等级,C,MISSING,年度生产安全事故情况,—,,,,M01_NOT_COLLECTED,年度生产安全事故情况；单位=等级,应急与安全部门,OFFICIAL_STATISTICS
NAT-003,C21,大气环境质量达标率,C,MONITORING_REQUIRED,园区环境空气质量达标情况,%,,,,M01_NOT_COLLECTED,园区环境空气质量达标情况；单位=%,生态环境部门,MONITORING_EXPORT
NAT-003,C22,地表水环境质量达标率,C,MONITORING_REQUIRED,园区地表水断面达标情况,%,,,,M01_NOT_COLLECTED,园区地表水断面达标情况；单位=%,生态环境部门,MONITORING_EXPORT
NAT-003,C23,地下水质量达标率,C,MONITORING_REQUIRED,地下水监测点位达标情况,%,,,,M01_NOT_COLLECTED,地下水监测点位达标情况；单位=%,生态环境部门,MONITORING_EXPORT
NAT-003,C24,土壤质量达标率,C,MONITORING_REQUIRED,土壤环境质量监测达标情况,%,,,,M01_NOT_COLLECTED,土壤环境质量监测达标情况；单位=%,生态环境部门,MONITORING_EXPORT
NAT-003,C31,单位工业总产值COD排放量,C,MONITORING_REQUIRED,单位工业总产值化学需氧量排放量,t/100m CNY,,,,M01_NOT_COLLECTED,COD排放量；同年度工业总产值；统计边界,生态环境部门,MONITORING_EXPORT
NAT-003,C32,单位工业总产值氨氮排放量,C,MONITORING_REQUIRED,单位工业总产值氨氮排放量,t/100m CNY,,,,M01_NOT_COLLECTED,NH3-N排放量；同年度工业总产值；统计边界,生态环境部门,MONITORING_EXPORT
NAT-003,C33,单位工业总产值SO₂排放量,C,MONITORING_REQUIRED,单位工业总产值二氧化硫排放量,t/100m CNY,,,,M01_NOT_COLLECTED,SO2排放量；同年度工业总产值；统计边界,生态环境部门,MONITORING_EXPORT
NAT-003,C34,单位工业总产值氮氧化物排放量,C,MONITORING_REQUIRED,单位工业总产值NOx排放量,t/100m CNY,,,,M01_NOT_COLLECTED,NOx排放量；同年度工业总产值；统计边界,生态环境部门,MONITORING_EXPORT
NAT-003,C35,单位工业总产值VOCs排放量,C,DEFINITION_PENDING,单位工业总产值挥发性有机物排放量,DEFINITION_PENDING,,,,M06_DEFINITION_UNCLEAR,VOCs排放量；同年度工业总产值；人工锁定定义,生态环境部门,MONITORING_EXPORT
NAT-003,C41,单位工业总产值新鲜取水量,C,MONITORING_REQUIRED,每单位工业产值消耗的新鲜水资源,"m3/10,000 CNY",,,,M01_NOT_COLLECTED,新鲜水取用量；工业增加值；统计年度；统计边界,水务部门,MONITORING_EXPORT
NAT-003,C42,再生水（中水）回用率,C,MONITORING_REQUIRED,再生水利用比例,%,,,,M01_NOT_COLLECTED,再生水实际利用量；园区总用水量；统计年度；统计边界,水务部门,MONITORING_EXPORT
NAT-003,C51,单位工业增加值能耗削减率,C,MONITORING_REQUIRED,单位工业增加值综合能耗下降幅度,"tce/10,000 CNY",,,,M01_NOT_COLLECTED,综合能源消费量；工业增加值；统计年度；统计边界,能源与碳管理部门,MONITORING_EXPORT
NAT-003,C52,绿色电力使用,C,MONITORING_REQUIRED,绿色电力消费比例,"tCO2/10,000 CNY",,,,M01_NOT_COLLECTED,CO2排放量；工业增加值；统计年度；统计边界,能源与碳管理部门,MONITORING_EXPORT
NAT-003,C53,单位工业增加值CO₂排放量削减率,C,MONITORING_REQUIRED,单位工业增加值碳排放下降幅度,%,,,,M01_NOT_COLLECTED,单位工业增加值碳排放下降幅度；单位=%,能源与碳管理部门,OFFICIAL_STATISTICS
NAT-003,C54,绿色工厂示范企业数量,C,PARK_SURVEY_REQUIRED,国家级、省级绿色工厂数量,count,,,,M01_NOT_COLLECTED,国家级、省级绿色工厂数量；单位=个,企业服务部门,OFFICIAL_STATISTICS
NAT-003,C55,示范创建数量,C,PUBLIC_AVAILABLE,国家级、省级绿色园区、绿色供应链等示范创建数量,category,1,2025,S3E-0030,,国家级、省级绿色园区、绿色供应链等示范创建数量；单位=级别,园区综合管理部门,OFFICIAL_RECOGNITION
NAT-003,D11,化工园区智慧化水平,D,MISSING,园区智慧管理平台建设情况，包括安全、环保、能源、应急、封闭化管理、公共服务等智慧化系统建设及运行情况。,ordinal evidence level,,,,M01_NOT_COLLECTED,园区智慧管理平台建设情况，包括安全、环保、能源、应急、封闭化管理、公共服务等智慧化系统建设及运行情况。；单位=等级,智慧园区管理部门,MANAGEMENT_SYSTEM_RECORD
NAT-003,D21,省级及以上认定的智能工厂数量,D,PARK_SURVEY_REQUIRED,园区内获得国家级、省级智能工厂（或智能制造示范工厂）认定的企业数量。,%,,,,M01_NOT_COLLECTED,园区内获得国家级、省级智能工厂（或智能制造示范工厂）认定的企业数量。；单位=个,企业服务部门,OFFICIAL_STATISTICS
NAT-004,A11,规模以上工业企业工业总产值,A,PARK_SURVEY_REQUIRED,园区规模以上工业企业工业总产值（亿元）,100 million CNY,,,,M01_NOT_COLLECTED,园区规模以上工业企业工业总产值（亿元）；单位=亿元,经济运行与统计部门,OFFICIAL_STATISTICS
NAT-004,A12,规模以上工业企业工业总产值增长率,A,PARK_SURVEY_REQUIRED,当年规模以上工业企业工业总产值增长率（%）,CNY/person,,,,M01_NOT_COLLECTED,当年规模以上工业企业工业总产值增长率（%）；单位=%,经济运行与统计部门,OFFICIAL_STATISTICS
NAT-004,A21,规模以上工业企业利润率,A,ENTERPRISE_REQUIRED,利润总额/营业收入×100%,%,,,,M01_NOT_COLLECTED,利润总额/营业收入×100%；单位=%,企业服务部门,AUDITED_ENTERPRISE_DATA
NAT-004,A22,工业增加值增长率,A,PARK_SURVEY_REQUIRED,当年工业增加值增长率（%）,%,,,,M01_NOT_COLLECTED,当年工业增加值增长率（%）；单位=%,经济运行与统计部门,OFFICIAL_STATISTICS
NAT-004,A23,人均产值,A,ENTERPRISE_REQUIRED,工业总产值÷从业人员数量（万元/人）,%,,,,M01_NOT_COLLECTED,工业总产值÷从业人员数量（万元/人）；单位=万元/人,企业服务部门,AUDITED_ENTERPRISE_DATA
NAT-004,A31,亩均投资强度,A,PARK_SURVEY_REQUIRED,固定资产投资÷工业用地面积（万元/亩）,mu,,,,M01_NOT_COLLECTED,固定资产投资÷工业用地面积（万元/亩）；单位=万元/亩,经济运行与统计部门,OFFICIAL_STATISTICS
NAT-004,A32,亩均产值,A,PARK_SURVEY_REQUIRED,工业总产值÷工业用地面积（万元/亩）,"10,000 CNY/mu",,,,M01_NOT_COLLECTED,工业总产值÷工业用地面积（万元/亩）；单位=万元/亩,经济运行与统计部门,OFFICIAL_STATISTICS
NAT-004,A33,亩均税收,A,PARK_SURVEY_REQUIRED,税收收入÷工业用地面积（万元/亩）,%,,,,M01_NOT_COLLECTED,税收收入÷工业用地面积（万元/亩）；单位=万元/亩,经济运行与统计部门,OFFICIAL_STATISTICS
NAT-004,A41,原料内供率,A,ENTERPRISE_REQUIRED,园区内企业原料互供比例,%,,,,M01_NOT_COLLECTED,园区内企业原料互供比例；单位=%,企业服务部门,AUDITED_ENTERPRISE_DATA
NAT-004,B11,研发投入占主营业务收入的比重,B,ENTERPRISE_REQUIRED,园区规模以上工业企业研发经费支出占主营业务收入比例（%）,%,,,,M01_NOT_COLLECTED,园区规模以上工业企业研发经费支出占主营业务收入比例（%）；单位=%,科技创新部门,AUDITED_ENTERPRISE_DATA
NAT-004,B12,优质企业数量,B,PARK_SURVEY_REQUIRED,"国家级制造业单项冠军企业、专精特新""小巨人""企业、高新技术企业等数量",count,,,,M01_NOT_COLLECTED,"国家级制造业单项冠军企业、专精特新""小巨人""企业、高新技术企业等数量；单位=个",企业服务部门,OFFICIAL_STATISTICS
NAT-004,B13,上市公司所属企业数量,B,ENTERPRISE_REQUIRED,园区内上市公司及其控股企业数量,%,,,,M01_NOT_COLLECTED,园区内上市公司及其控股企业数量；单位=个,企业服务部门,AUDITED_ENTERPRISE_DATA
NAT-004,B14,发明专利数,B,ENTERPRISE_REQUIRED,园区企业拥有的有效发明专利数量,count,,,,M01_NOT_COLLECTED,园区企业拥有的有效发明专利数量；单位=个,科技创新部门,AUDITED_ENTERPRISE_DATA
NAT-004,B15,标准制定数,B,ENTERPRISE_REQUIRED,主导或参与制定国际、国家、行业及团体标准数量,count,,,,M01_NOT_COLLECTED,主导或参与制定国际、国家、行业及团体标准数量；单位=项,科技创新部门,AUDITED_ENTERPRISE_DATA
NAT-004,B21,省级及以上研发机构数量,B,PARK_SURVEY_REQUIRED,国家级、省级重点实验室、工程研究中心、企业技术中心等创新平台数量,count,,,,M01_NOT_COLLECTED,国家级、省级重点实验室、工程研究中心、企业技术中心等创新平台数量；单位=个,科技创新部门,OFFICIAL_STATISTICS
NAT-004,B22,产学研用融合平台,B,ENTERPRISE_REQUIRED,与高校、科研院所共建的平台数量,count,,,,M01_NOT_COLLECTED,与高校、科研院所共建的平台数量；单位=个,科技创新部门,AUDITED_ENTERPRISE_DATA
NAT-004,B23,园区级以上中试基地,B,PARK_SURVEY_REQUIRED,已建成并投入运行的中试基地数量,count,,,,M01_NOT_COLLECTED,已建成并投入运行的中试基地数量；单位=是/否,科技创新部门,OFFICIAL_STATISTICS
NAT-004,B31,产学研合作程度,B,DEFINITION_PENDING,园区企业开展产学研合作项目情况,DEFINITION_PENDING,,,,M06_DEFINITION_UNCLEAR,园区企业开展产学研合作项目情况；单位=%,科技创新部门,OFFICIAL_STATISTICS
NAT-004,B32,技术引进,B,DEFINITION_PENDING,企业引进先进技术、成果转化情况,DEFINITION_PENDING,,,,M06_DEFINITION_UNCLEAR,企业引进先进技术、成果转化情况；单位=%,科技创新部门,OFFICIAL_STATISTICS
NAT-004,B41,科技成果转化率,B,ENTERPRISE_REQUIRED,科技成果产业化、转化实施情况,count,,,,M01_NOT_COLLECTED,科技成果产业化、转化实施情况；单位=%,科技创新部门,AUDITED_ENTERPRISE_DATA
NAT-004,B42,产业精细化率,B,MISSING,精细化工及高端化工产品占比,count,,,,M01_NOT_COLLECTED,精细化工及高端化工产品占比；单位=%,企业服务部门,OFFICIAL_STATISTICS
NAT-004,C11,危险化学品从业单位安全生产标准化建设,C,MISSING,园区危险化学品生产、经营、储存等企业安全生产标准化建设情况,—,,,,M01_NOT_COLLECTED,园区危险化学品生产、经营、储存等企业安全生产标准化建设情况；单位=%,应急与安全部门,OFFICIAL_STATISTICS
NAT-004,C12,安全风险等级,C,MISSING,园区整体安全风险等级评估结果,—,,,,M01_NOT_COLLECTED,园区整体安全风险等级评估结果；单位=等级,应急与安全部门,OFFICIAL_STATISTICS
NAT-004,C13,安全生产事故发生等级,C,MISSING,年度生产安全事故情况,—,,,,M01_NOT_COLLECTED,年度生产安全事故情况；单位=等级,应急与安全部门,OFFICIAL_STATISTICS
NAT-004,C21,大气环境质量达标率,C,MONITORING_REQUIRED,园区环境空气质量达标情况,%,,,,M01_NOT_COLLECTED,园区环境空气质量达标情况；单位=%,生态环境部门,MONITORING_EXPORT
NAT-004,C22,地表水环境质量达标率,C,MONITORING_REQUIRED,园区地表水断面达标情况,%,,,,M01_NOT_COLLECTED,园区地表水断面达标情况；单位=%,生态环境部门,MONITORING_EXPORT
NAT-004,C23,地下水质量达标率,C,MONITORING_REQUIRED,地下水监测点位达标情况,%,,,,M01_NOT_COLLECTED,地下水监测点位达标情况；单位=%,生态环境部门,MONITORING_EXPORT
NAT-004,C24,土壤质量达标率,C,MONITORING_REQUIRED,土壤环境质量监测达标情况,%,,,,M01_NOT_COLLECTED,土壤环境质量监测达标情况；单位=%,生态环境部门,MONITORING_EXPORT
NAT-004,C31,单位工业总产值COD排放量,C,MONITORING_REQUIRED,单位工业总产值化学需氧量排放量,t/100m CNY,,,,M01_NOT_COLLECTED,COD排放量；同年度工业总产值；统计边界,生态环境部门,MONITORING_EXPORT
NAT-004,C32,单位工业总产值氨氮排放量,C,MONITORING_REQUIRED,单位工业总产值氨氮排放量,t/100m CNY,,,,M01_NOT_COLLECTED,NH3-N排放量；同年度工业总产值；统计边界,生态环境部门,MONITORING_EXPORT
NAT-004,C33,单位工业总产值SO₂排放量,C,MONITORING_REQUIRED,单位工业总产值二氧化硫排放量,t/100m CNY,,,,M01_NOT_COLLECTED,SO2排放量；同年度工业总产值；统计边界,生态环境部门,MONITORING_EXPORT
NAT-004,C34,单位工业总产值氮氧化物排放量,C,MONITORING_REQUIRED,单位工业总产值NOx排放量,t/100m CNY,,,,M01_NOT_COLLECTED,NOx排放量；同年度工业总产值；统计边界,生态环境部门,MONITORING_EXPORT
NAT-004,C35,单位工业总产值VOCs排放量,C,DEFINITION_PENDING,单位工业总产值挥发性有机物排放量,DEFINITION_PENDING,,,,M06_DEFINITION_UNCLEAR,VOCs排放量；同年度工业总产值；人工锁定定义,生态环境部门,MONITORING_EXPORT
NAT-004,C41,单位工业总产值新鲜取水量,C,MONITORING_REQUIRED,每单位工业产值消耗的新鲜水资源,"m3/10,000 CNY",,,,M01_NOT_COLLECTED,新鲜水取用量；工业增加值；统计年度；统计边界,水务部门,MONITORING_EXPORT
NAT-004,C42,再生水（中水）回用率,C,MONITORING_REQUIRED,再生水利用比例,%,,,,M01_NOT_COLLECTED,再生水实际利用量；园区总用水量；统计年度；统计边界,水务部门,MONITORING_EXPORT
NAT-004,C51,单位工业增加值能耗削减率,C,MONITORING_REQUIRED,单位工业增加值综合能耗下降幅度,"tce/10,000 CNY",,,,M01_NOT_COLLECTED,综合能源消费量；工业增加值；统计年度；统计边界,能源与碳管理部门,MONITORING_EXPORT
NAT-004,C52,绿色电力使用,C,MONITORING_REQUIRED,绿色电力消费比例,"tCO2/10,000 CNY",,,,M01_NOT_COLLECTED,CO2排放量；工业增加值；统计年度；统计边界,能源与碳管理部门,MONITORING_EXPORT
NAT-004,C53,单位工业增加值CO₂排放量削减率,C,MONITORING_REQUIRED,单位工业增加值碳排放下降幅度,%,,,,M01_NOT_COLLECTED,单位工业增加值碳排放下降幅度；单位=%,能源与碳管理部门,OFFICIAL_STATISTICS
NAT-004,C54,绿色工厂示范企业数量,C,PARK_SURVEY_REQUIRED,国家级、省级绿色工厂数量,count,,,,M01_NOT_COLLECTED,国家级、省级绿色工厂数量；单位=个,企业服务部门,OFFICIAL_STATISTICS
NAT-004,C55,示范创建数量,C,PUBLIC_AVAILABLE,国家级、省级绿色园区、绿色供应链等示范创建数量,category,1,2025,S3E-0031,,国家级、省级绿色园区、绿色供应链等示范创建数量；单位=级别,园区综合管理部门,OFFICIAL_RECOGNITION
NAT-004,D11,化工园区智慧化水平,D,MISSING,园区智慧管理平台建设情况，包括安全、环保、能源、应急、封闭化管理、公共服务等智慧化系统建设及运行情况。,ordinal evidence level,,,,M01_NOT_COLLECTED,园区智慧管理平台建设情况，包括安全、环保、能源、应急、封闭化管理、公共服务等智慧化系统建设及运行情况。；单位=等级,智慧园区管理部门,MANAGEMENT_SYSTEM_RECORD
NAT-004,D21,省级及以上认定的智能工厂数量,D,PARK_SURVEY_REQUIRED,园区内获得国家级、省级智能工厂（或智能制造示范工厂）认定的企业数量。,%,,,,M01_NOT_COLLECTED,园区内获得国家级、省级智能工厂（或智能制造示范工厂）认定的企业数量。；单位=个,企业服务部门,OFFICIAL_STATISTICS
NAT-005,A11,规模以上工业企业工业总产值,A,PARK_SURVEY_REQUIRED,园区规模以上工业企业工业总产值（亿元）,100 million CNY,,,,M01_NOT_COLLECTED,园区规模以上工业企业工业总产值（亿元）；单位=亿元,经济运行与统计部门,OFFICIAL_STATISTICS
NAT-005,A12,规模以上工业企业工业总产值增长率,A,PARK_SURVEY_REQUIRED,当年规模以上工业企业工业总产值增长率（%）,CNY/person,,,,M01_NOT_COLLECTED,当年规模以上工业企业工业总产值增长率（%）；单位=%,经济运行与统计部门,OFFICIAL_STATISTICS
NAT-005,A21,规模以上工业企业利润率,A,ENTERPRISE_REQUIRED,利润总额/营业收入×100%,%,,,,M01_NOT_COLLECTED,利润总额/营业收入×100%；单位=%,企业服务部门,AUDITED_ENTERPRISE_DATA
NAT-005,A22,工业增加值增长率,A,PARK_SURVEY_REQUIRED,当年工业增加值增长率（%）,%,,,,M01_NOT_COLLECTED,当年工业增加值增长率（%）；单位=%,经济运行与统计部门,OFFICIAL_STATISTICS
NAT-005,A23,人均产值,A,ENTERPRISE_REQUIRED,工业总产值÷从业人员数量（万元/人）,%,,,,M01_NOT_COLLECTED,工业总产值÷从业人员数量（万元/人）；单位=万元/人,企业服务部门,AUDITED_ENTERPRISE_DATA
NAT-005,A31,亩均投资强度,A,PARK_SURVEY_REQUIRED,固定资产投资÷工业用地面积（万元/亩）,mu,,,,M01_NOT_COLLECTED,固定资产投资÷工业用地面积（万元/亩）；单位=万元/亩,经济运行与统计部门,OFFICIAL_STATISTICS
NAT-005,A32,亩均产值,A,PARK_SURVEY_REQUIRED,工业总产值÷工业用地面积（万元/亩）,"10,000 CNY/mu",,,,M01_NOT_COLLECTED,工业总产值÷工业用地面积（万元/亩）；单位=万元/亩,经济运行与统计部门,OFFICIAL_STATISTICS
NAT-005,A33,亩均税收,A,PARK_SURVEY_REQUIRED,税收收入÷工业用地面积（万元/亩）,%,,,,M01_NOT_COLLECTED,税收收入÷工业用地面积（万元/亩）；单位=万元/亩,经济运行与统计部门,OFFICIAL_STATISTICS
NAT-005,A41,原料内供率,A,ENTERPRISE_REQUIRED,园区内企业原料互供比例,%,,,,M01_NOT_COLLECTED,园区内企业原料互供比例；单位=%,企业服务部门,AUDITED_ENTERPRISE_DATA
NAT-005,B11,研发投入占主营业务收入的比重,B,ENTERPRISE_REQUIRED,园区规模以上工业企业研发经费支出占主营业务收入比例（%）,%,,,,M01_NOT_COLLECTED,园区规模以上工业企业研发经费支出占主营业务收入比例（%）；单位=%,科技创新部门,AUDITED_ENTERPRISE_DATA
NAT-005,B12,优质企业数量,B,PARK_SURVEY_REQUIRED,"国家级制造业单项冠军企业、专精特新""小巨人""企业、高新技术企业等数量",count,,,,M01_NOT_COLLECTED,"国家级制造业单项冠军企业、专精特新""小巨人""企业、高新技术企业等数量；单位=个",企业服务部门,OFFICIAL_STATISTICS
NAT-005,B13,上市公司所属企业数量,B,ENTERPRISE_REQUIRED,园区内上市公司及其控股企业数量,%,,,,M01_NOT_COLLECTED,园区内上市公司及其控股企业数量；单位=个,企业服务部门,AUDITED_ENTERPRISE_DATA
NAT-005,B14,发明专利数,B,ENTERPRISE_REQUIRED,园区企业拥有的有效发明专利数量,count,,,,M01_NOT_COLLECTED,园区企业拥有的有效发明专利数量；单位=个,科技创新部门,AUDITED_ENTERPRISE_DATA
NAT-005,B15,标准制定数,B,ENTERPRISE_REQUIRED,主导或参与制定国际、国家、行业及团体标准数量,count,,,,M01_NOT_COLLECTED,主导或参与制定国际、国家、行业及团体标准数量；单位=项,科技创新部门,AUDITED_ENTERPRISE_DATA
NAT-005,B21,省级及以上研发机构数量,B,PARK_SURVEY_REQUIRED,国家级、省级重点实验室、工程研究中心、企业技术中心等创新平台数量,count,,,,M01_NOT_COLLECTED,国家级、省级重点实验室、工程研究中心、企业技术中心等创新平台数量；单位=个,科技创新部门,OFFICIAL_STATISTICS
NAT-005,B22,产学研用融合平台,B,ENTERPRISE_REQUIRED,与高校、科研院所共建的平台数量,count,,,,M01_NOT_COLLECTED,与高校、科研院所共建的平台数量；单位=个,科技创新部门,AUDITED_ENTERPRISE_DATA
NAT-005,B23,园区级以上中试基地,B,PARK_SURVEY_REQUIRED,已建成并投入运行的中试基地数量,count,,,,M01_NOT_COLLECTED,已建成并投入运行的中试基地数量；单位=是/否,科技创新部门,OFFICIAL_STATISTICS
NAT-005,B31,产学研合作程度,B,DEFINITION_PENDING,园区企业开展产学研合作项目情况,DEFINITION_PENDING,,,,M06_DEFINITION_UNCLEAR,园区企业开展产学研合作项目情况；单位=%,科技创新部门,OFFICIAL_STATISTICS
NAT-005,B32,技术引进,B,DEFINITION_PENDING,企业引进先进技术、成果转化情况,DEFINITION_PENDING,,,,M06_DEFINITION_UNCLEAR,企业引进先进技术、成果转化情况；单位=%,科技创新部门,OFFICIAL_STATISTICS
NAT-005,B41,科技成果转化率,B,ENTERPRISE_REQUIRED,科技成果产业化、转化实施情况,count,,,,M01_NOT_COLLECTED,科技成果产业化、转化实施情况；单位=%,科技创新部门,AUDITED_ENTERPRISE_DATA
NAT-005,B42,产业精细化率,B,MISSING,精细化工及高端化工产品占比,count,,,,M01_NOT_COLLECTED,精细化工及高端化工产品占比；单位=%,企业服务部门,OFFICIAL_STATISTICS
NAT-005,C11,危险化学品从业单位安全生产标准化建设,C,MISSING,园区危险化学品生产、经营、储存等企业安全生产标准化建设情况,—,,,,M01_NOT_COLLECTED,园区危险化学品生产、经营、储存等企业安全生产标准化建设情况；单位=%,应急与安全部门,OFFICIAL_STATISTICS
NAT-005,C12,安全风险等级,C,MISSING,园区整体安全风险等级评估结果,—,,,,M01_NOT_COLLECTED,园区整体安全风险等级评估结果；单位=等级,应急与安全部门,OFFICIAL_STATISTICS
NAT-005,C13,安全生产事故发生等级,C,MISSING,年度生产安全事故情况,—,,,,M01_NOT_COLLECTED,年度生产安全事故情况；单位=等级,应急与安全部门,OFFICIAL_STATISTICS
NAT-005,C21,大气环境质量达标率,C,MONITORING_REQUIRED,园区环境空气质量达标情况,%,,,,M01_NOT_COLLECTED,园区环境空气质量达标情况；单位=%,生态环境部门,MONITORING_EXPORT
NAT-005,C22,地表水环境质量达标率,C,MONITORING_REQUIRED,园区地表水断面达标情况,%,,,,M01_NOT_COLLECTED,园区地表水断面达标情况；单位=%,生态环境部门,MONITORING_EXPORT
NAT-005,C23,地下水质量达标率,C,MONITORING_REQUIRED,地下水监测点位达标情况,%,,,,M01_NOT_COLLECTED,地下水监测点位达标情况；单位=%,生态环境部门,MONITORING_EXPORT
NAT-005,C24,土壤质量达标率,C,MONITORING_REQUIRED,土壤环境质量监测达标情况,%,,,,M01_NOT_COLLECTED,土壤环境质量监测达标情况；单位=%,生态环境部门,MONITORING_EXPORT
NAT-005,C31,单位工业总产值COD排放量,C,MONITORING_REQUIRED,单位工业总产值化学需氧量排放量,t/100m CNY,,,,M01_NOT_COLLECTED,COD排放量；同年度工业总产值；统计边界,生态环境部门,MONITORING_EXPORT
NAT-005,C32,单位工业总产值氨氮排放量,C,MONITORING_REQUIRED,单位工业总产值氨氮排放量,t/100m CNY,,,,M01_NOT_COLLECTED,NH3-N排放量；同年度工业总产值；统计边界,生态环境部门,MONITORING_EXPORT
NAT-005,C33,单位工业总产值SO₂排放量,C,MONITORING_REQUIRED,单位工业总产值二氧化硫排放量,t/100m CNY,,,,M01_NOT_COLLECTED,SO2排放量；同年度工业总产值；统计边界,生态环境部门,MONITORING_EXPORT
NAT-005,C34,单位工业总产值氮氧化物排放量,C,MONITORING_REQUIRED,单位工业总产值NOx排放量,t/100m CNY,,,,M01_NOT_COLLECTED,NOx排放量；同年度工业总产值；统计边界,生态环境部门,MONITORING_EXPORT
NAT-005,C35,单位工业总产值VOCs排放量,C,DEFINITION_PENDING,单位工业总产值挥发性有机物排放量,DEFINITION_PENDING,,,,M06_DEFINITION_UNCLEAR,VOCs排放量；同年度工业总产值；人工锁定定义,生态环境部门,MONITORING_EXPORT
NAT-005,C41,单位工业总产值新鲜取水量,C,MONITORING_REQUIRED,每单位工业产值消耗的新鲜水资源,"m3/10,000 CNY",,,,M01_NOT_COLLECTED,新鲜水取用量；工业增加值；统计年度；统计边界,水务部门,MONITORING_EXPORT
NAT-005,C42,再生水（中水）回用率,C,MONITORING_REQUIRED,再生水利用比例,%,,,,M01_NOT_COLLECTED,再生水实际利用量；园区总用水量；统计年度；统计边界,水务部门,MONITORING_EXPORT
NAT-005,C51,单位工业增加值能耗削减率,C,MONITORING_REQUIRED,单位工业增加值综合能耗下降幅度,"tce/10,000 CNY",,,,M01_NOT_COLLECTED,综合能源消费量；工业增加值；统计年度；统计边界,能源与碳管理部门,MONITORING_EXPORT
NAT-005,C52,绿色电力使用,C,MONITORING_REQUIRED,绿色电力消费比例,"tCO2/10,000 CNY",,,,M01_NOT_COLLECTED,CO2排放量；工业增加值；统计年度；统计边界,能源与碳管理部门,MONITORING_EXPORT
NAT-005,C53,单位工业增加值CO₂排放量削减率,C,MONITORING_REQUIRED,单位工业增加值碳排放下降幅度,%,,,,M01_NOT_COLLECTED,单位工业增加值碳排放下降幅度；单位=%,能源与碳管理部门,OFFICIAL_STATISTICS
NAT-005,C54,绿色工厂示范企业数量,C,PARK_SURVEY_REQUIRED,国家级、省级绿色工厂数量,count,,,,M01_NOT_COLLECTED,国家级、省级绿色工厂数量；单位=个,企业服务部门,OFFICIAL_STATISTICS
NAT-005,C55,示范创建数量,C,PUBLIC_AVAILABLE,国家级、省级绿色园区、绿色供应链等示范创建数量,category,1,2025,S3E-0032,,国家级、省级绿色园区、绿色供应链等示范创建数量；单位=级别,园区综合管理部门,OFFICIAL_RECOGNITION
NAT-005,D11,化工园区智慧化水平,D,MISSING,园区智慧管理平台建设情况，包括安全、环保、能源、应急、封闭化管理、公共服务等智慧化系统建设及运行情况。,ordinal evidence level,,,,M01_NOT_COLLECTED,园区智慧管理平台建设情况，包括安全、环保、能源、应急、封闭化管理、公共服务等智慧化系统建设及运行情况。；单位=等级,智慧园区管理部门,MANAGEMENT_SYSTEM_RECORD
NAT-005,D21,省级及以上认定的智能工厂数量,D,PARK_SURVEY_REQUIRED,园区内获得国家级、省级智能工厂（或智能制造示范工厂）认定的企业数量。,%,,,,M01_NOT_COLLECTED,园区内获得国家级、省级智能工厂（或智能制造示范工厂）认定的企业数量。；单位=个,企业服务部门,OFFICIAL_STATISTICS
NAT-006,A11,规模以上工业企业工业总产值,A,PARK_SURVEY_REQUIRED,园区规模以上工业企业工业总产值（亿元）,100 million CNY,,,,M01_NOT_COLLECTED,园区规模以上工业企业工业总产值（亿元）；单位=亿元,经济运行与统计部门,OFFICIAL_STATISTICS
NAT-006,A12,规模以上工业企业工业总产值增长率,A,PARK_SURVEY_REQUIRED,当年规模以上工业企业工业总产值增长率（%）,CNY/person,,,,M01_NOT_COLLECTED,当年规模以上工业企业工业总产值增长率（%）；单位=%,经济运行与统计部门,OFFICIAL_STATISTICS
NAT-006,A21,规模以上工业企业利润率,A,ENTERPRISE_REQUIRED,利润总额/营业收入×100%,%,,,,M01_NOT_COLLECTED,利润总额/营业收入×100%；单位=%,企业服务部门,AUDITED_ENTERPRISE_DATA
NAT-006,A22,工业增加值增长率,A,PARK_SURVEY_REQUIRED,当年工业增加值增长率（%）,%,,,,M01_NOT_COLLECTED,当年工业增加值增长率（%）；单位=%,经济运行与统计部门,OFFICIAL_STATISTICS
NAT-006,A23,人均产值,A,ENTERPRISE_REQUIRED,工业总产值÷从业人员数量（万元/人）,%,,,,M01_NOT_COLLECTED,工业总产值÷从业人员数量（万元/人）；单位=万元/人,企业服务部门,AUDITED_ENTERPRISE_DATA
NAT-006,A31,亩均投资强度,A,PARK_SURVEY_REQUIRED,固定资产投资÷工业用地面积（万元/亩）,mu,,,,M01_NOT_COLLECTED,固定资产投资÷工业用地面积（万元/亩）；单位=万元/亩,经济运行与统计部门,OFFICIAL_STATISTICS
NAT-006,A32,亩均产值,A,PARK_SURVEY_REQUIRED,工业总产值÷工业用地面积（万元/亩）,"10,000 CNY/mu",,,,M01_NOT_COLLECTED,工业总产值÷工业用地面积（万元/亩）；单位=万元/亩,经济运行与统计部门,OFFICIAL_STATISTICS
NAT-006,A33,亩均税收,A,PARK_SURVEY_REQUIRED,税收收入÷工业用地面积（万元/亩）,%,,,,M01_NOT_COLLECTED,税收收入÷工业用地面积（万元/亩）；单位=万元/亩,经济运行与统计部门,OFFICIAL_STATISTICS
NAT-006,A41,原料内供率,A,ENTERPRISE_REQUIRED,园区内企业原料互供比例,%,,,,M01_NOT_COLLECTED,园区内企业原料互供比例；单位=%,企业服务部门,AUDITED_ENTERPRISE_DATA
NAT-006,B11,研发投入占主营业务收入的比重,B,ENTERPRISE_REQUIRED,园区规模以上工业企业研发经费支出占主营业务收入比例（%）,%,,,,M01_NOT_COLLECTED,园区规模以上工业企业研发经费支出占主营业务收入比例（%）；单位=%,科技创新部门,AUDITED_ENTERPRISE_DATA
NAT-006,B12,优质企业数量,B,PARK_SURVEY_REQUIRED,"国家级制造业单项冠军企业、专精特新""小巨人""企业、高新技术企业等数量",count,,,,M01_NOT_COLLECTED,"国家级制造业单项冠军企业、专精特新""小巨人""企业、高新技术企业等数量；单位=个",企业服务部门,OFFICIAL_STATISTICS
NAT-006,B13,上市公司所属企业数量,B,ENTERPRISE_REQUIRED,园区内上市公司及其控股企业数量,%,,,,M01_NOT_COLLECTED,园区内上市公司及其控股企业数量；单位=个,企业服务部门,AUDITED_ENTERPRISE_DATA
NAT-006,B14,发明专利数,B,ENTERPRISE_REQUIRED,园区企业拥有的有效发明专利数量,count,,,,M01_NOT_COLLECTED,园区企业拥有的有效发明专利数量；单位=个,科技创新部门,AUDITED_ENTERPRISE_DATA
NAT-006,B15,标准制定数,B,ENTERPRISE_REQUIRED,主导或参与制定国际、国家、行业及团体标准数量,count,,,,M01_NOT_COLLECTED,主导或参与制定国际、国家、行业及团体标准数量；单位=项,科技创新部门,AUDITED_ENTERPRISE_DATA
NAT-006,B21,省级及以上研发机构数量,B,PARK_SURVEY_REQUIRED,国家级、省级重点实验室、工程研究中心、企业技术中心等创新平台数量,count,,,,M01_NOT_COLLECTED,国家级、省级重点实验室、工程研究中心、企业技术中心等创新平台数量；单位=个,科技创新部门,OFFICIAL_STATISTICS
NAT-006,B22,产学研用融合平台,B,ENTERPRISE_REQUIRED,与高校、科研院所共建的平台数量,count,,,,M01_NOT_COLLECTED,与高校、科研院所共建的平台数量；单位=个,科技创新部门,AUDITED_ENTERPRISE_DATA
NAT-006,B23,园区级以上中试基地,B,PARK_SURVEY_REQUIRED,已建成并投入运行的中试基地数量,count,,,,M01_NOT_COLLECTED,已建成并投入运行的中试基地数量；单位=是/否,科技创新部门,OFFICIAL_STATISTICS
NAT-006,B31,产学研合作程度,B,DEFINITION_PENDING,园区企业开展产学研合作项目情况,DEFINITION_PENDING,,,,M06_DEFINITION_UNCLEAR,园区企业开展产学研合作项目情况；单位=%,科技创新部门,OFFICIAL_STATISTICS
NAT-006,B32,技术引进,B,DEFINITION_PENDING,企业引进先进技术、成果转化情况,DEFINITION_PENDING,,,,M06_DEFINITION_UNCLEAR,企业引进先进技术、成果转化情况；单位=%,科技创新部门,OFFICIAL_STATISTICS
NAT-006,B41,科技成果转化率,B,ENTERPRISE_REQUIRED,科技成果产业化、转化实施情况,count,,,,M01_NOT_COLLECTED,科技成果产业化、转化实施情况；单位=%,科技创新部门,AUDITED_ENTERPRISE_DATA
NAT-006,B42,产业精细化率,B,MISSING,精细化工及高端化工产品占比,count,,,,M01_NOT_COLLECTED,精细化工及高端化工产品占比；单位=%,企业服务部门,OFFICIAL_STATISTICS
NAT-006,C11,危险化学品从业单位安全生产标准化建设,C,MISSING,园区危险化学品生产、经营、储存等企业安全生产标准化建设情况,—,,,,M01_NOT_COLLECTED,园区危险化学品生产、经营、储存等企业安全生产标准化建设情况；单位=%,应急与安全部门,OFFICIAL_STATISTICS
NAT-006,C12,安全风险等级,C,MISSING,园区整体安全风险等级评估结果,—,,,,M01_NOT_COLLECTED,园区整体安全风险等级评估结果；单位=等级,应急与安全部门,OFFICIAL_STATISTICS
NAT-006,C13,安全生产事故发生等级,C,MISSING,年度生产安全事故情况,—,,,,M01_NOT_COLLECTED,年度生产安全事故情况；单位=等级,应急与安全部门,OFFICIAL_STATISTICS
NAT-006,C21,大气环境质量达标率,C,MONITORING_REQUIRED,园区环境空气质量达标情况,%,,,,M01_NOT_COLLECTED,园区环境空气质量达标情况；单位=%,生态环境部门,MONITORING_EXPORT
NAT-006,C22,地表水环境质量达标率,C,MONITORING_REQUIRED,园区地表水断面达标情况,%,,,,M01_NOT_COLLECTED,园区地表水断面达标情况；单位=%,生态环境部门,MONITORING_EXPORT
NAT-006,C23,地下水质量达标率,C,MONITORING_REQUIRED,地下水监测点位达标情况,%,,,,M01_NOT_COLLECTED,地下水监测点位达标情况；单位=%,生态环境部门,MONITORING_EXPORT
NAT-006,C24,土壤质量达标率,C,MONITORING_REQUIRED,土壤环境质量监测达标情况,%,,,,M01_NOT_COLLECTED,土壤环境质量监测达标情况；单位=%,生态环境部门,MONITORING_EXPORT
NAT-006,C31,单位工业总产值COD排放量,C,MONITORING_REQUIRED,单位工业总产值化学需氧量排放量,t/100m CNY,,,,M01_NOT_COLLECTED,COD排放量；同年度工业总产值；统计边界,生态环境部门,MONITORING_EXPORT
NAT-006,C32,单位工业总产值氨氮排放量,C,MONITORING_REQUIRED,单位工业总产值氨氮排放量,t/100m CNY,,,,M01_NOT_COLLECTED,NH3-N排放量；同年度工业总产值；统计边界,生态环境部门,MONITORING_EXPORT
NAT-006,C33,单位工业总产值SO₂排放量,C,MONITORING_REQUIRED,单位工业总产值二氧化硫排放量,t/100m CNY,,,,M01_NOT_COLLECTED,SO2排放量；同年度工业总产值；统计边界,生态环境部门,MONITORING_EXPORT
NAT-006,C34,单位工业总产值氮氧化物排放量,C,MONITORING_REQUIRED,单位工业总产值NOx排放量,t/100m CNY,,,,M01_NOT_COLLECTED,NOx排放量；同年度工业总产值；统计边界,生态环境部门,MONITORING_EXPORT
NAT-006,C35,单位工业总产值VOCs排放量,C,DEFINITION_PENDING,单位工业总产值挥发性有机物排放量,DEFINITION_PENDING,,,,M06_DEFINITION_UNCLEAR,VOCs排放量；同年度工业总产值；人工锁定定义,生态环境部门,MONITORING_EXPORT
NAT-006,C41,单位工业总产值新鲜取水量,C,MONITORING_REQUIRED,每单位工业产值消耗的新鲜水资源,"m3/10,000 CNY",,,,M01_NOT_COLLECTED,新鲜水取用量；工业增加值；统计年度；统计边界,水务部门,MONITORING_EXPORT
NAT-006,C42,再生水（中水）回用率,C,MONITORING_REQUIRED,再生水利用比例,%,,,,M01_NOT_COLLECTED,再生水实际利用量；园区总用水量；统计年度；统计边界,水务部门,MONITORING_EXPORT
NAT-006,C51,单位工业增加值能耗削减率,C,MONITORING_REQUIRED,单位工业增加值综合能耗下降幅度,"tce/10,000 CNY",,,,M01_NOT_COLLECTED,综合能源消费量；工业增加值；统计年度；统计边界,能源与碳管理部门,MONITORING_EXPORT
NAT-006,C52,绿色电力使用,C,MONITORING_REQUIRED,绿色电力消费比例,"tCO2/10,000 CNY",,,,M01_NOT_COLLECTED,CO2排放量；工业增加值；统计年度；统计边界,能源与碳管理部门,MONITORING_EXPORT
NAT-006,C53,单位工业增加值CO₂排放量削减率,C,MONITORING_REQUIRED,单位工业增加值碳排放下降幅度,%,,,,M01_NOT_COLLECTED,单位工业增加值碳排放下降幅度；单位=%,能源与碳管理部门,OFFICIAL_STATISTICS
NAT-006,C54,绿色工厂示范企业数量,C,PARK_SURVEY_REQUIRED,国家级、省级绿色工厂数量,count,,,,M01_NOT_COLLECTED,国家级、省级绿色工厂数量；单位=个,企业服务部门,OFFICIAL_STATISTICS
NAT-006,C55,示范创建数量,C,PUBLIC_AVAILABLE,国家级、省级绿色园区、绿色供应链等示范创建数量,category,1,2025,S3E-0033,,国家级、省级绿色园区、绿色供应链等示范创建数量；单位=级别,园区综合管理部门,OFFICIAL_RECOGNITION
NAT-006,D11,化工园区智慧化水平,D,MISSING,园区智慧管理平台建设情况，包括安全、环保、能源、应急、封闭化管理、公共服务等智慧化系统建设及运行情况。,ordinal evidence level,,,,M01_NOT_COLLECTED,园区智慧管理平台建设情况，包括安全、环保、能源、应急、封闭化管理、公共服务等智慧化系统建设及运行情况。；单位=等级,智慧园区管理部门,MANAGEMENT_SYSTEM_RECORD
NAT-006,D21,省级及以上认定的智能工厂数量,D,PARK_SURVEY_REQUIRED,园区内获得国家级、省级智能工厂（或智能制造示范工厂）认定的企业数量。,%,,,,M01_NOT_COLLECTED,园区内获得国家级、省级智能工厂（或智能制造示范工厂）认定的企业数量。；单位=个,企业服务部门,OFFICIAL_STATISTICS
NAT-007,A11,规模以上工业企业工业总产值,A,PARK_SURVEY_REQUIRED,园区规模以上工业企业工业总产值（亿元）,100 million CNY,,,,M01_NOT_COLLECTED,园区规模以上工业企业工业总产值（亿元）；单位=亿元,经济运行与统计部门,OFFICIAL_STATISTICS
NAT-007,A12,规模以上工业企业工业总产值增长率,A,PARK_SURVEY_REQUIRED,当年规模以上工业企业工业总产值增长率（%）,CNY/person,,,,M01_NOT_COLLECTED,当年规模以上工业企业工业总产值增长率（%）；单位=%,经济运行与统计部门,OFFICIAL_STATISTICS
NAT-007,A21,规模以上工业企业利润率,A,ENTERPRISE_REQUIRED,利润总额/营业收入×100%,%,,,,M01_NOT_COLLECTED,利润总额/营业收入×100%；单位=%,企业服务部门,AUDITED_ENTERPRISE_DATA
NAT-007,A22,工业增加值增长率,A,PARK_SURVEY_REQUIRED,当年工业增加值增长率（%）,%,,,,M01_NOT_COLLECTED,当年工业增加值增长率（%）；单位=%,经济运行与统计部门,OFFICIAL_STATISTICS
NAT-007,A23,人均产值,A,ENTERPRISE_REQUIRED,工业总产值÷从业人员数量（万元/人）,%,,,,M01_NOT_COLLECTED,工业总产值÷从业人员数量（万元/人）；单位=万元/人,企业服务部门,AUDITED_ENTERPRISE_DATA
NAT-007,A31,亩均投资强度,A,PARK_SURVEY_REQUIRED,固定资产投资÷工业用地面积（万元/亩）,mu,,,,M01_NOT_COLLECTED,固定资产投资÷工业用地面积（万元/亩）；单位=万元/亩,经济运行与统计部门,OFFICIAL_STATISTICS
NAT-007,A32,亩均产值,A,PARK_SURVEY_REQUIRED,工业总产值÷工业用地面积（万元/亩）,"10,000 CNY/mu",,,,M01_NOT_COLLECTED,工业总产值÷工业用地面积（万元/亩）；单位=万元/亩,经济运行与统计部门,OFFICIAL_STATISTICS
NAT-007,A33,亩均税收,A,PARK_SURVEY_REQUIRED,税收收入÷工业用地面积（万元/亩）,%,,,,M01_NOT_COLLECTED,税收收入÷工业用地面积（万元/亩）；单位=万元/亩,经济运行与统计部门,OFFICIAL_STATISTICS
NAT-007,A41,原料内供率,A,ENTERPRISE_REQUIRED,园区内企业原料互供比例,%,,,,M01_NOT_COLLECTED,园区内企业原料互供比例；单位=%,企业服务部门,AUDITED_ENTERPRISE_DATA
NAT-007,B11,研发投入占主营业务收入的比重,B,ENTERPRISE_REQUIRED,园区规模以上工业企业研发经费支出占主营业务收入比例（%）,%,,,,M01_NOT_COLLECTED,园区规模以上工业企业研发经费支出占主营业务收入比例（%）；单位=%,科技创新部门,AUDITED_ENTERPRISE_DATA
NAT-007,B12,优质企业数量,B,PARK_SURVEY_REQUIRED,"国家级制造业单项冠军企业、专精特新""小巨人""企业、高新技术企业等数量",count,,,,M01_NOT_COLLECTED,"国家级制造业单项冠军企业、专精特新""小巨人""企业、高新技术企业等数量；单位=个",企业服务部门,OFFICIAL_STATISTICS
NAT-007,B13,上市公司所属企业数量,B,ENTERPRISE_REQUIRED,园区内上市公司及其控股企业数量,%,,,,M01_NOT_COLLECTED,园区内上市公司及其控股企业数量；单位=个,企业服务部门,AUDITED_ENTERPRISE_DATA
NAT-007,B14,发明专利数,B,ENTERPRISE_REQUIRED,园区企业拥有的有效发明专利数量,count,,,,M01_NOT_COLLECTED,园区企业拥有的有效发明专利数量；单位=个,科技创新部门,AUDITED_ENTERPRISE_DATA
NAT-007,B15,标准制定数,B,ENTERPRISE_REQUIRED,主导或参与制定国际、国家、行业及团体标准数量,count,,,,M01_NOT_COLLECTED,主导或参与制定国际、国家、行业及团体标准数量；单位=项,科技创新部门,AUDITED_ENTERPRISE_DATA
NAT-007,B21,省级及以上研发机构数量,B,PARK_SURVEY_REQUIRED,国家级、省级重点实验室、工程研究中心、企业技术中心等创新平台数量,count,,,,M01_NOT_COLLECTED,国家级、省级重点实验室、工程研究中心、企业技术中心等创新平台数量；单位=个,科技创新部门,OFFICIAL_STATISTICS
NAT-007,B22,产学研用融合平台,B,ENTERPRISE_REQUIRED,与高校、科研院所共建的平台数量,count,,,,M01_NOT_COLLECTED,与高校、科研院所共建的平台数量；单位=个,科技创新部门,AUDITED_ENTERPRISE_DATA
NAT-007,B23,园区级以上中试基地,B,PARK_SURVEY_REQUIRED,已建成并投入运行的中试基地数量,count,,,,M01_NOT_COLLECTED,已建成并投入运行的中试基地数量；单位=是/否,科技创新部门,OFFICIAL_STATISTICS
NAT-007,B31,产学研合作程度,B,DEFINITION_PENDING,园区企业开展产学研合作项目情况,DEFINITION_PENDING,,,,M06_DEFINITION_UNCLEAR,园区企业开展产学研合作项目情况；单位=%,科技创新部门,OFFICIAL_STATISTICS
NAT-007,B32,技术引进,B,DEFINITION_PENDING,企业引进先进技术、成果转化情况,DEFINITION_PENDING,,,,M06_DEFINITION_UNCLEAR,企业引进先进技术、成果转化情况；单位=%,科技创新部门,OFFICIAL_STATISTICS
NAT-007,B41,科技成果转化率,B,ENTERPRISE_REQUIRED,科技成果产业化、转化实施情况,count,,,,M01_NOT_COLLECTED,科技成果产业化、转化实施情况；单位=%,科技创新部门,AUDITED_ENTERPRISE_DATA
NAT-007,B42,产业精细化率,B,MISSING,精细化工及高端化工产品占比,count,,,,M01_NOT_COLLECTED,精细化工及高端化工产品占比；单位=%,企业服务部门,OFFICIAL_STATISTICS
NAT-007,C11,危险化学品从业单位安全生产标准化建设,C,MISSING,园区危险化学品生产、经营、储存等企业安全生产标准化建设情况,—,,,,M01_NOT_COLLECTED,园区危险化学品生产、经营、储存等企业安全生产标准化建设情况；单位=%,应急与安全部门,OFFICIAL_STATISTICS
NAT-007,C12,安全风险等级,C,MISSING,园区整体安全风险等级评估结果,—,,,,M01_NOT_COLLECTED,园区整体安全风险等级评估结果；单位=等级,应急与安全部门,OFFICIAL_STATISTICS
NAT-007,C13,安全生产事故发生等级,C,MISSING,年度生产安全事故情况,—,,,,M01_NOT_COLLECTED,年度生产安全事故情况；单位=等级,应急与安全部门,OFFICIAL_STATISTICS
NAT-007,C21,大气环境质量达标率,C,MONITORING_REQUIRED,园区环境空气质量达标情况,%,,,,M01_NOT_COLLECTED,园区环境空气质量达标情况；单位=%,生态环境部门,MONITORING_EXPORT
NAT-007,C22,地表水环境质量达标率,C,MONITORING_REQUIRED,园区地表水断面达标情况,%,,,,M01_NOT_COLLECTED,园区地表水断面达标情况；单位=%,生态环境部门,MONITORING_EXPORT
NAT-007,C23,地下水质量达标率,C,MONITORING_REQUIRED,地下水监测点位达标情况,%,,,,M01_NOT_COLLECTED,地下水监测点位达标情况；单位=%,生态环境部门,MONITORING_EXPORT
NAT-007,C24,土壤质量达标率,C,MONITORING_REQUIRED,土壤环境质量监测达标情况,%,,,,M01_NOT_COLLECTED,土壤环境质量监测达标情况；单位=%,生态环境部门,MONITORING_EXPORT
NAT-007,C31,单位工业总产值COD排放量,C,MONITORING_REQUIRED,单位工业总产值化学需氧量排放量,t/100m CNY,,,,M01_NOT_COLLECTED,COD排放量；同年度工业总产值；统计边界,生态环境部门,MONITORING_EXPORT
NAT-007,C32,单位工业总产值氨氮排放量,C,MONITORING_REQUIRED,单位工业总产值氨氮排放量,t/100m CNY,,,,M01_NOT_COLLECTED,NH3-N排放量；同年度工业总产值；统计边界,生态环境部门,MONITORING_EXPORT
NAT-007,C33,单位工业总产值SO₂排放量,C,MONITORING_REQUIRED,单位工业总产值二氧化硫排放量,t/100m CNY,,,,M01_NOT_COLLECTED,SO2排放量；同年度工业总产值；统计边界,生态环境部门,MONITORING_EXPORT
NAT-007,C34,单位工业总产值氮氧化物排放量,C,MONITORING_REQUIRED,单位工业总产值NOx排放量,t/100m CNY,,,,M01_NOT_COLLECTED,NOx排放量；同年度工业总产值；统计边界,生态环境部门,MONITORING_EXPORT
NAT-007,C35,单位工业总产值VOCs排放量,C,DEFINITION_PENDING,单位工业总产值挥发性有机物排放量,DEFINITION_PENDING,,,,M06_DEFINITION_UNCLEAR,VOCs排放量；同年度工业总产值；人工锁定定义,生态环境部门,MONITORING_EXPORT
NAT-007,C41,单位工业总产值新鲜取水量,C,MONITORING_REQUIRED,每单位工业产值消耗的新鲜水资源,"m3/10,000 CNY",,,,M01_NOT_COLLECTED,新鲜水取用量；工业增加值；统计年度；统计边界,水务部门,MONITORING_EXPORT
NAT-007,C42,再生水（中水）回用率,C,MONITORING_REQUIRED,再生水利用比例,%,,,,M01_NOT_COLLECTED,再生水实际利用量；园区总用水量；统计年度；统计边界,水务部门,MONITORING_EXPORT
NAT-007,C51,单位工业增加值能耗削减率,C,MONITORING_REQUIRED,单位工业增加值综合能耗下降幅度,"tce/10,000 CNY",,,,M01_NOT_COLLECTED,综合能源消费量；工业增加值；统计年度；统计边界,能源与碳管理部门,MONITORING_EXPORT
NAT-007,C52,绿色电力使用,C,MONITORING_REQUIRED,绿色电力消费比例,"tCO2/10,000 CNY",,,,M01_NOT_COLLECTED,CO2排放量；工业增加值；统计年度；统计边界,能源与碳管理部门,MONITORING_EXPORT
NAT-007,C53,单位工业增加值CO₂排放量削减率,C,MONITORING_REQUIRED,单位工业增加值碳排放下降幅度,%,,,,M01_NOT_COLLECTED,单位工业增加值碳排放下降幅度；单位=%,能源与碳管理部门,OFFICIAL_STATISTICS
NAT-007,C54,绿色工厂示范企业数量,C,PARK_SURVEY_REQUIRED,国家级、省级绿色工厂数量,count,,,,M01_NOT_COLLECTED,国家级、省级绿色工厂数量；单位=个,企业服务部门,OFFICIAL_STATISTICS
NAT-007,C55,示范创建数量,C,PUBLIC_AVAILABLE,国家级、省级绿色园区、绿色供应链等示范创建数量,category,1,2025,S3E-0034,,国家级、省级绿色园区、绿色供应链等示范创建数量；单位=级别,园区综合管理部门,OFFICIAL_RECOGNITION
NAT-007,D11,化工园区智慧化水平,D,MISSING,园区智慧管理平台建设情况，包括安全、环保、能源、应急、封闭化管理、公共服务等智慧化系统建设及运行情况。,ordinal evidence level,,,,M01_NOT_COLLECTED,园区智慧管理平台建设情况，包括安全、环保、能源、应急、封闭化管理、公共服务等智慧化系统建设及运行情况。；单位=等级,智慧园区管理部门,MANAGEMENT_SYSTEM_RECORD
NAT-007,D21,省级及以上认定的智能工厂数量,D,PARK_SURVEY_REQUIRED,园区内获得国家级、省级智能工厂（或智能制造示范工厂）认定的企业数量。,%,,,,M01_NOT_COLLECTED,园区内获得国家级、省级智能工厂（或智能制造示范工厂）认定的企业数量。；单位=个,企业服务部门,OFFICIAL_STATISTICS
NAT-008,A11,规模以上工业企业工业总产值,A,PARK_SURVEY_REQUIRED,园区规模以上工业企业工业总产值（亿元）,100 million CNY,,,,M01_NOT_COLLECTED,园区规模以上工业企业工业总产值（亿元）；单位=亿元,经济运行与统计部门,OFFICIAL_STATISTICS
NAT-008,A12,规模以上工业企业工业总产值增长率,A,PARK_SURVEY_REQUIRED,当年规模以上工业企业工业总产值增长率（%）,CNY/person,,,,M01_NOT_COLLECTED,当年规模以上工业企业工业总产值增长率（%）；单位=%,经济运行与统计部门,OFFICIAL_STATISTICS
NAT-008,A21,规模以上工业企业利润率,A,ENTERPRISE_REQUIRED,利润总额/营业收入×100%,%,,,,M01_NOT_COLLECTED,利润总额/营业收入×100%；单位=%,企业服务部门,AUDITED_ENTERPRISE_DATA
NAT-008,A22,工业增加值增长率,A,PARK_SURVEY_REQUIRED,当年工业增加值增长率（%）,%,,,,M01_NOT_COLLECTED,当年工业增加值增长率（%）；单位=%,经济运行与统计部门,OFFICIAL_STATISTICS
NAT-008,A23,人均产值,A,ENTERPRISE_REQUIRED,工业总产值÷从业人员数量（万元/人）,%,,,,M01_NOT_COLLECTED,工业总产值÷从业人员数量（万元/人）；单位=万元/人,企业服务部门,AUDITED_ENTERPRISE_DATA
NAT-008,A31,亩均投资强度,A,PARK_SURVEY_REQUIRED,固定资产投资÷工业用地面积（万元/亩）,mu,,,,M01_NOT_COLLECTED,固定资产投资÷工业用地面积（万元/亩）；单位=万元/亩,经济运行与统计部门,OFFICIAL_STATISTICS
NAT-008,A32,亩均产值,A,PARK_SURVEY_REQUIRED,工业总产值÷工业用地面积（万元/亩）,"10,000 CNY/mu",,,,M01_NOT_COLLECTED,工业总产值÷工业用地面积（万元/亩）；单位=万元/亩,经济运行与统计部门,OFFICIAL_STATISTICS
NAT-008,A33,亩均税收,A,PARK_SURVEY_REQUIRED,税收收入÷工业用地面积（万元/亩）,%,,,,M01_NOT_COLLECTED,税收收入÷工业用地面积（万元/亩）；单位=万元/亩,经济运行与统计部门,OFFICIAL_STATISTICS
NAT-008,A41,原料内供率,A,ENTERPRISE_REQUIRED,园区内企业原料互供比例,%,,,,M01_NOT_COLLECTED,园区内企业原料互供比例；单位=%,企业服务部门,AUDITED_ENTERPRISE_DATA
NAT-008,B11,研发投入占主营业务收入的比重,B,ENTERPRISE_REQUIRED,园区规模以上工业企业研发经费支出占主营业务收入比例（%）,%,,,,M01_NOT_COLLECTED,园区规模以上工业企业研发经费支出占主营业务收入比例（%）；单位=%,科技创新部门,AUDITED_ENTERPRISE_DATA
NAT-008,B12,优质企业数量,B,PARK_SURVEY_REQUIRED,"国家级制造业单项冠军企业、专精特新""小巨人""企业、高新技术企业等数量",count,,,,M01_NOT_COLLECTED,"国家级制造业单项冠军企业、专精特新""小巨人""企业、高新技术企业等数量；单位=个",企业服务部门,OFFICIAL_STATISTICS
NAT-008,B13,上市公司所属企业数量,B,ENTERPRISE_REQUIRED,园区内上市公司及其控股企业数量,%,,,,M01_NOT_COLLECTED,园区内上市公司及其控股企业数量；单位=个,企业服务部门,AUDITED_ENTERPRISE_DATA
NAT-008,B14,发明专利数,B,ENTERPRISE_REQUIRED,园区企业拥有的有效发明专利数量,count,,,,M01_NOT_COLLECTED,园区企业拥有的有效发明专利数量；单位=个,科技创新部门,AUDITED_ENTERPRISE_DATA
NAT-008,B15,标准制定数,B,ENTERPRISE_REQUIRED,主导或参与制定国际、国家、行业及团体标准数量,count,,,,M01_NOT_COLLECTED,主导或参与制定国际、国家、行业及团体标准数量；单位=项,科技创新部门,AUDITED_ENTERPRISE_DATA
NAT-008,B21,省级及以上研发机构数量,B,PARK_SURVEY_REQUIRED,国家级、省级重点实验室、工程研究中心、企业技术中心等创新平台数量,count,,,,M01_NOT_COLLECTED,国家级、省级重点实验室、工程研究中心、企业技术中心等创新平台数量；单位=个,科技创新部门,OFFICIAL_STATISTICS
NAT-008,B22,产学研用融合平台,B,ENTERPRISE_REQUIRED,与高校、科研院所共建的平台数量,count,,,,M01_NOT_COLLECTED,与高校、科研院所共建的平台数量；单位=个,科技创新部门,AUDITED_ENTERPRISE_DATA
NAT-008,B23,园区级以上中试基地,B,PARK_SURVEY_REQUIRED,已建成并投入运行的中试基地数量,count,,,,M01_NOT_COLLECTED,已建成并投入运行的中试基地数量；单位=是/否,科技创新部门,OFFICIAL_STATISTICS
NAT-008,B31,产学研合作程度,B,DEFINITION_PENDING,园区企业开展产学研合作项目情况,DEFINITION_PENDING,,,,M06_DEFINITION_UNCLEAR,园区企业开展产学研合作项目情况；单位=%,科技创新部门,OFFICIAL_STATISTICS
NAT-008,B32,技术引进,B,DEFINITION_PENDING,企业引进先进技术、成果转化情况,DEFINITION_PENDING,,,,M06_DEFINITION_UNCLEAR,企业引进先进技术、成果转化情况；单位=%,科技创新部门,OFFICIAL_STATISTICS
NAT-008,B41,科技成果转化率,B,ENTERPRISE_REQUIRED,科技成果产业化、转化实施情况,count,,,,M01_NOT_COLLECTED,科技成果产业化、转化实施情况；单位=%,科技创新部门,AUDITED_ENTERPRISE_DATA
NAT-008,B42,产业精细化率,B,MISSING,精细化工及高端化工产品占比,count,,,,M01_NOT_COLLECTED,精细化工及高端化工产品占比；单位=%,企业服务部门,OFFICIAL_STATISTICS
NAT-008,C11,危险化学品从业单位安全生产标准化建设,C,MISSING,园区危险化学品生产、经营、储存等企业安全生产标准化建设情况,—,,,,M01_NOT_COLLECTED,园区危险化学品生产、经营、储存等企业安全生产标准化建设情况；单位=%,应急与安全部门,OFFICIAL_STATISTICS
NAT-008,C12,安全风险等级,C,MISSING,园区整体安全风险等级评估结果,—,,,,M01_NOT_COLLECTED,园区整体安全风险等级评估结果；单位=等级,应急与安全部门,OFFICIAL_STATISTICS
NAT-008,C13,安全生产事故发生等级,C,MISSING,年度生产安全事故情况,—,,,,M01_NOT_COLLECTED,年度生产安全事故情况；单位=等级,应急与安全部门,OFFICIAL_STATISTICS
NAT-008,C21,大气环境质量达标率,C,MONITORING_REQUIRED,园区环境空气质量达标情况,%,,,,M01_NOT_COLLECTED,园区环境空气质量达标情况；单位=%,生态环境部门,MONITORING_EXPORT
NAT-008,C22,地表水环境质量达标率,C,MONITORING_REQUIRED,园区地表水断面达标情况,%,,,,M01_NOT_COLLECTED,园区地表水断面达标情况；单位=%,生态环境部门,MONITORING_EXPORT
NAT-008,C23,地下水质量达标率,C,MONITORING_REQUIRED,地下水监测点位达标情况,%,,,,M01_NOT_COLLECTED,地下水监测点位达标情况；单位=%,生态环境部门,MONITORING_EXPORT
NAT-008,C24,土壤质量达标率,C,MONITORING_REQUIRED,土壤环境质量监测达标情况,%,,,,M01_NOT_COLLECTED,土壤环境质量监测达标情况；单位=%,生态环境部门,MONITORING_EXPORT
NAT-008,C31,单位工业总产值COD排放量,C,MONITORING_REQUIRED,单位工业总产值化学需氧量排放量,t/100m CNY,,,,M01_NOT_COLLECTED,COD排放量；同年度工业总产值；统计边界,生态环境部门,MONITORING_EXPORT
NAT-008,C32,单位工业总产值氨氮排放量,C,MONITORING_REQUIRED,单位工业总产值氨氮排放量,t/100m CNY,,,,M01_NOT_COLLECTED,NH3-N排放量；同年度工业总产值；统计边界,生态环境部门,MONITORING_EXPORT
NAT-008,C33,单位工业总产值SO₂排放量,C,MONITORING_REQUIRED,单位工业总产值二氧化硫排放量,t/100m CNY,,,,M01_NOT_COLLECTED,SO2排放量；同年度工业总产值；统计边界,生态环境部门,MONITORING_EXPORT
NAT-008,C34,单位工业总产值氮氧化物排放量,C,MONITORING_REQUIRED,单位工业总产值NOx排放量,t/100m CNY,,,,M01_NOT_COLLECTED,NOx排放量；同年度工业总产值；统计边界,生态环境部门,MONITORING_EXPORT
NAT-008,C35,单位工业总产值VOCs排放量,C,DEFINITION_PENDING,单位工业总产值挥发性有机物排放量,DEFINITION_PENDING,,,,M06_DEFINITION_UNCLEAR,VOCs排放量；同年度工业总产值；人工锁定定义,生态环境部门,MONITORING_EXPORT
NAT-008,C41,单位工业总产值新鲜取水量,C,MONITORING_REQUIRED,每单位工业产值消耗的新鲜水资源,"m3/10,000 CNY",,,,M01_NOT_COLLECTED,新鲜水取用量；工业增加值；统计年度；统计边界,水务部门,MONITORING_EXPORT
NAT-008,C42,再生水（中水）回用率,C,MONITORING_REQUIRED,再生水利用比例,%,,,,M01_NOT_COLLECTED,再生水实际利用量；园区总用水量；统计年度；统计边界,水务部门,MONITORING_EXPORT
NAT-008,C51,单位工业增加值能耗削减率,C,MONITORING_REQUIRED,单位工业增加值综合能耗下降幅度,"tce/10,000 CNY",,,,M01_NOT_COLLECTED,综合能源消费量；工业增加值；统计年度；统计边界,能源与碳管理部门,MONITORING_EXPORT
NAT-008,C52,绿色电力使用,C,MONITORING_REQUIRED,绿色电力消费比例,"tCO2/10,000 CNY",,,,M01_NOT_COLLECTED,CO2排放量；工业增加值；统计年度；统计边界,能源与碳管理部门,MONITORING_EXPORT
NAT-008,C53,单位工业增加值CO₂排放量削减率,C,MONITORING_REQUIRED,单位工业增加值碳排放下降幅度,%,,,,M01_NOT_COLLECTED,单位工业增加值碳排放下降幅度；单位=%,能源与碳管理部门,OFFICIAL_STATISTICS
NAT-008,C54,绿色工厂示范企业数量,C,PARK_SURVEY_REQUIRED,国家级、省级绿色工厂数量,count,,,,M01_NOT_COLLECTED,国家级、省级绿色工厂数量；单位=个,企业服务部门,OFFICIAL_STATISTICS
NAT-008,C55,示范创建数量,C,PUBLIC_AVAILABLE,国家级、省级绿色园区、绿色供应链等示范创建数量,category,1,2025,S3E-0035,,国家级、省级绿色园区、绿色供应链等示范创建数量；单位=级别,园区综合管理部门,OFFICIAL_RECOGNITION
NAT-008,D11,化工园区智慧化水平,D,MISSING,园区智慧管理平台建设情况，包括安全、环保、能源、应急、封闭化管理、公共服务等智慧化系统建设及运行情况。,ordinal evidence level,,,,M01_NOT_COLLECTED,园区智慧管理平台建设情况，包括安全、环保、能源、应急、封闭化管理、公共服务等智慧化系统建设及运行情况。；单位=等级,智慧园区管理部门,MANAGEMENT_SYSTEM_RECORD
NAT-008,D21,省级及以上认定的智能工厂数量,D,PARK_SURVEY_REQUIRED,园区内获得国家级、省级智能工厂（或智能制造示范工厂）认定的企业数量。,%,,,,M01_NOT_COLLECTED,园区内获得国家级、省级智能工厂（或智能制造示范工厂）认定的企业数量。；单位=个,企业服务部门,OFFICIAL_STATISTICS
NAT-009,A11,规模以上工业企业工业总产值,A,PARK_SURVEY_REQUIRED,园区规模以上工业企业工业总产值（亿元）,100 million CNY,,,,M01_NOT_COLLECTED,园区规模以上工业企业工业总产值（亿元）；单位=亿元,经济运行与统计部门,OFFICIAL_STATISTICS
NAT-009,A12,规模以上工业企业工业总产值增长率,A,PARK_SURVEY_REQUIRED,当年规模以上工业企业工业总产值增长率（%）,CNY/person,,,,M01_NOT_COLLECTED,当年规模以上工业企业工业总产值增长率（%）；单位=%,经济运行与统计部门,OFFICIAL_STATISTICS
NAT-009,A21,规模以上工业企业利润率,A,ENTERPRISE_REQUIRED,利润总额/营业收入×100%,%,,,,M01_NOT_COLLECTED,利润总额/营业收入×100%；单位=%,企业服务部门,AUDITED_ENTERPRISE_DATA
NAT-009,A22,工业增加值增长率,A,PARK_SURVEY_REQUIRED,当年工业增加值增长率（%）,%,,,,M01_NOT_COLLECTED,当年工业增加值增长率（%）；单位=%,经济运行与统计部门,OFFICIAL_STATISTICS
NAT-009,A23,人均产值,A,ENTERPRISE_REQUIRED,工业总产值÷从业人员数量（万元/人）,%,,,,M01_NOT_COLLECTED,工业总产值÷从业人员数量（万元/人）；单位=万元/人,企业服务部门,AUDITED_ENTERPRISE_DATA
NAT-009,A31,亩均投资强度,A,PARK_SURVEY_REQUIRED,固定资产投资÷工业用地面积（万元/亩）,mu,,,,M01_NOT_COLLECTED,固定资产投资÷工业用地面积（万元/亩）；单位=万元/亩,经济运行与统计部门,OFFICIAL_STATISTICS
NAT-009,A32,亩均产值,A,PARK_SURVEY_REQUIRED,工业总产值÷工业用地面积（万元/亩）,"10,000 CNY/mu",,,,M01_NOT_COLLECTED,工业总产值÷工业用地面积（万元/亩）；单位=万元/亩,经济运行与统计部门,OFFICIAL_STATISTICS
NAT-009,A33,亩均税收,A,PARK_SURVEY_REQUIRED,税收收入÷工业用地面积（万元/亩）,%,,,,M01_NOT_COLLECTED,税收收入÷工业用地面积（万元/亩）；单位=万元/亩,经济运行与统计部门,OFFICIAL_STATISTICS
NAT-009,A41,原料内供率,A,ENTERPRISE_REQUIRED,园区内企业原料互供比例,%,,,,M01_NOT_COLLECTED,园区内企业原料互供比例；单位=%,企业服务部门,AUDITED_ENTERPRISE_DATA
NAT-009,B11,研发投入占主营业务收入的比重,B,ENTERPRISE_REQUIRED,园区规模以上工业企业研发经费支出占主营业务收入比例（%）,%,,,,M01_NOT_COLLECTED,园区规模以上工业企业研发经费支出占主营业务收入比例（%）；单位=%,科技创新部门,AUDITED_ENTERPRISE_DATA
NAT-009,B12,优质企业数量,B,PARK_SURVEY_REQUIRED,"国家级制造业单项冠军企业、专精特新""小巨人""企业、高新技术企业等数量",count,,,,M01_NOT_COLLECTED,"国家级制造业单项冠军企业、专精特新""小巨人""企业、高新技术企业等数量；单位=个",企业服务部门,OFFICIAL_STATISTICS
NAT-009,B13,上市公司所属企业数量,B,ENTERPRISE_REQUIRED,园区内上市公司及其控股企业数量,%,,,,M01_NOT_COLLECTED,园区内上市公司及其控股企业数量；单位=个,企业服务部门,AUDITED_ENTERPRISE_DATA
NAT-009,B14,发明专利数,B,ENTERPRISE_REQUIRED,园区企业拥有的有效发明专利数量,count,,,,M01_NOT_COLLECTED,园区企业拥有的有效发明专利数量；单位=个,科技创新部门,AUDITED_ENTERPRISE_DATA
NAT-009,B15,标准制定数,B,ENTERPRISE_REQUIRED,主导或参与制定国际、国家、行业及团体标准数量,count,,,,M01_NOT_COLLECTED,主导或参与制定国际、国家、行业及团体标准数量；单位=项,科技创新部门,AUDITED_ENTERPRISE_DATA
NAT-009,B21,省级及以上研发机构数量,B,PARK_SURVEY_REQUIRED,国家级、省级重点实验室、工程研究中心、企业技术中心等创新平台数量,count,,,,M01_NOT_COLLECTED,国家级、省级重点实验室、工程研究中心、企业技术中心等创新平台数量；单位=个,科技创新部门,OFFICIAL_STATISTICS
NAT-009,B22,产学研用融合平台,B,ENTERPRISE_REQUIRED,与高校、科研院所共建的平台数量,count,,,,M01_NOT_COLLECTED,与高校、科研院所共建的平台数量；单位=个,科技创新部门,AUDITED_ENTERPRISE_DATA
NAT-009,B23,园区级以上中试基地,B,PARK_SURVEY_REQUIRED,已建成并投入运行的中试基地数量,count,,,,M01_NOT_COLLECTED,已建成并投入运行的中试基地数量；单位=是/否,科技创新部门,OFFICIAL_STATISTICS
NAT-009,B31,产学研合作程度,B,DEFINITION_PENDING,园区企业开展产学研合作项目情况,DEFINITION_PENDING,,,,M06_DEFINITION_UNCLEAR,园区企业开展产学研合作项目情况；单位=%,科技创新部门,OFFICIAL_STATISTICS
NAT-009,B32,技术引进,B,DEFINITION_PENDING,企业引进先进技术、成果转化情况,DEFINITION_PENDING,,,,M06_DEFINITION_UNCLEAR,企业引进先进技术、成果转化情况；单位=%,科技创新部门,OFFICIAL_STATISTICS
NAT-009,B41,科技成果转化率,B,ENTERPRISE_REQUIRED,科技成果产业化、转化实施情况,count,,,,M01_NOT_COLLECTED,科技成果产业化、转化实施情况；单位=%,科技创新部门,AUDITED_ENTERPRISE_DATA
NAT-009,B42,产业精细化率,B,MISSING,精细化工及高端化工产品占比,count,,,,M01_NOT_COLLECTED,精细化工及高端化工产品占比；单位=%,企业服务部门,OFFICIAL_STATISTICS
NAT-009,C11,危险化学品从业单位安全生产标准化建设,C,MISSING,园区危险化学品生产、经营、储存等企业安全生产标准化建设情况,—,,,,M01_NOT_COLLECTED,园区危险化学品生产、经营、储存等企业安全生产标准化建设情况；单位=%,应急与安全部门,OFFICIAL_STATISTICS
NAT-009,C12,安全风险等级,C,MISSING,园区整体安全风险等级评估结果,—,,,,M01_NOT_COLLECTED,园区整体安全风险等级评估结果；单位=等级,应急与安全部门,OFFICIAL_STATISTICS
NAT-009,C13,安全生产事故发生等级,C,MISSING,年度生产安全事故情况,—,,,,M01_NOT_COLLECTED,年度生产安全事故情况；单位=等级,应急与安全部门,OFFICIAL_STATISTICS
NAT-009,C21,大气环境质量达标率,C,MONITORING_REQUIRED,园区环境空气质量达标情况,%,,,,M01_NOT_COLLECTED,园区环境空气质量达标情况；单位=%,生态环境部门,MONITORING_EXPORT
NAT-009,C22,地表水环境质量达标率,C,MONITORING_REQUIRED,园区地表水断面达标情况,%,,,,M01_NOT_COLLECTED,园区地表水断面达标情况；单位=%,生态环境部门,MONITORING_EXPORT
NAT-009,C23,地下水质量达标率,C,MONITORING_REQUIRED,地下水监测点位达标情况,%,,,,M01_NOT_COLLECTED,地下水监测点位达标情况；单位=%,生态环境部门,MONITORING_EXPORT
NAT-009,C24,土壤质量达标率,C,MONITORING_REQUIRED,土壤环境质量监测达标情况,%,,,,M01_NOT_COLLECTED,土壤环境质量监测达标情况；单位=%,生态环境部门,MONITORING_EXPORT
NAT-009,C31,单位工业总产值COD排放量,C,MONITORING_REQUIRED,单位工业总产值化学需氧量排放量,t/100m CNY,,,,M01_NOT_COLLECTED,COD排放量；同年度工业总产值；统计边界,生态环境部门,MONITORING_EXPORT
NAT-009,C32,单位工业总产值氨氮排放量,C,MONITORING_REQUIRED,单位工业总产值氨氮排放量,t/100m CNY,,,,M01_NOT_COLLECTED,NH3-N排放量；同年度工业总产值；统计边界,生态环境部门,MONITORING_EXPORT
NAT-009,C33,单位工业总产值SO₂排放量,C,MONITORING_REQUIRED,单位工业总产值二氧化硫排放量,t/100m CNY,,,,M01_NOT_COLLECTED,SO2排放量；同年度工业总产值；统计边界,生态环境部门,MONITORING_EXPORT
NAT-009,C34,单位工业总产值氮氧化物排放量,C,MONITORING_REQUIRED,单位工业总产值NOx排放量,t/100m CNY,,,,M01_NOT_COLLECTED,NOx排放量；同年度工业总产值；统计边界,生态环境部门,MONITORING_EXPORT
NAT-009,C35,单位工业总产值VOCs排放量,C,DEFINITION_PENDING,单位工业总产值挥发性有机物排放量,DEFINITION_PENDING,,,,M06_DEFINITION_UNCLEAR,VOCs排放量；同年度工业总产值；人工锁定定义,生态环境部门,MONITORING_EXPORT
NAT-009,C41,单位工业总产值新鲜取水量,C,MONITORING_REQUIRED,每单位工业产值消耗的新鲜水资源,"m3/10,000 CNY",,,,M01_NOT_COLLECTED,新鲜水取用量；工业增加值；统计年度；统计边界,水务部门,MONITORING_EXPORT
NAT-009,C42,再生水（中水）回用率,C,MONITORING_REQUIRED,再生水利用比例,%,,,,M01_NOT_COLLECTED,再生水实际利用量；园区总用水量；统计年度；统计边界,水务部门,MONITORING_EXPORT
NAT-009,C51,单位工业增加值能耗削减率,C,MONITORING_REQUIRED,单位工业增加值综合能耗下降幅度,"tce/10,000 CNY",,,,M01_NOT_COLLECTED,综合能源消费量；工业增加值；统计年度；统计边界,能源与碳管理部门,MONITORING_EXPORT
NAT-009,C52,绿色电力使用,C,MONITORING_REQUIRED,绿色电力消费比例,"tCO2/10,000 CNY",,,,M01_NOT_COLLECTED,CO2排放量；工业增加值；统计年度；统计边界,能源与碳管理部门,MONITORING_EXPORT
NAT-009,C53,单位工业增加值CO₂排放量削减率,C,MONITORING_REQUIRED,单位工业增加值碳排放下降幅度,%,,,,M01_NOT_COLLECTED,单位工业增加值碳排放下降幅度；单位=%,能源与碳管理部门,OFFICIAL_STATISTICS
NAT-009,C54,绿色工厂示范企业数量,C,PARK_SURVEY_REQUIRED,国家级、省级绿色工厂数量,count,,,,M01_NOT_COLLECTED,国家级、省级绿色工厂数量；单位=个,企业服务部门,OFFICIAL_STATISTICS
NAT-009,C55,示范创建数量,C,PUBLIC_AVAILABLE,国家级、省级绿色园区、绿色供应链等示范创建数量,category,1,2025,S3E-0036,,国家级、省级绿色园区、绿色供应链等示范创建数量；单位=级别,园区综合管理部门,OFFICIAL_RECOGNITION
NAT-009,D11,化工园区智慧化水平,D,MISSING,园区智慧管理平台建设情况，包括安全、环保、能源、应急、封闭化管理、公共服务等智慧化系统建设及运行情况。,ordinal evidence level,,,,M01_NOT_COLLECTED,园区智慧管理平台建设情况，包括安全、环保、能源、应急、封闭化管理、公共服务等智慧化系统建设及运行情况。；单位=等级,智慧园区管理部门,MANAGEMENT_SYSTEM_RECORD
NAT-009,D21,省级及以上认定的智能工厂数量,D,PARK_SURVEY_REQUIRED,园区内获得国家级、省级智能工厂（或智能制造示范工厂）认定的企业数量。,%,,,,M01_NOT_COLLECTED,园区内获得国家级、省级智能工厂（或智能制造示范工厂）认定的企业数量。；单位=个,企业服务部门,OFFICIAL_STATISTICS
NAT-010,A11,规模以上工业企业工业总产值,A,PARK_SURVEY_REQUIRED,园区规模以上工业企业工业总产值（亿元）,100 million CNY,,,,M01_NOT_COLLECTED,园区规模以上工业企业工业总产值（亿元）；单位=亿元,经济运行与统计部门,OFFICIAL_STATISTICS
NAT-010,A12,规模以上工业企业工业总产值增长率,A,PARK_SURVEY_REQUIRED,当年规模以上工业企业工业总产值增长率（%）,CNY/person,,,,M01_NOT_COLLECTED,当年规模以上工业企业工业总产值增长率（%）；单位=%,经济运行与统计部门,OFFICIAL_STATISTICS
NAT-010,A21,规模以上工业企业利润率,A,ENTERPRISE_REQUIRED,利润总额/营业收入×100%,%,,,,M01_NOT_COLLECTED,利润总额/营业收入×100%；单位=%,企业服务部门,AUDITED_ENTERPRISE_DATA
NAT-010,A22,工业增加值增长率,A,PARK_SURVEY_REQUIRED,当年工业增加值增长率（%）,%,,,,M01_NOT_COLLECTED,当年工业增加值增长率（%）；单位=%,经济运行与统计部门,OFFICIAL_STATISTICS
NAT-010,A23,人均产值,A,ENTERPRISE_REQUIRED,工业总产值÷从业人员数量（万元/人）,%,,,,M01_NOT_COLLECTED,工业总产值÷从业人员数量（万元/人）；单位=万元/人,企业服务部门,AUDITED_ENTERPRISE_DATA
NAT-010,A31,亩均投资强度,A,PARK_SURVEY_REQUIRED,固定资产投资÷工业用地面积（万元/亩）,mu,,,,M01_NOT_COLLECTED,固定资产投资÷工业用地面积（万元/亩）；单位=万元/亩,经济运行与统计部门,OFFICIAL_STATISTICS
NAT-010,A32,亩均产值,A,PARK_SURVEY_REQUIRED,工业总产值÷工业用地面积（万元/亩）,"10,000 CNY/mu",,,,M01_NOT_COLLECTED,工业总产值÷工业用地面积（万元/亩）；单位=万元/亩,经济运行与统计部门,OFFICIAL_STATISTICS
NAT-010,A33,亩均税收,A,PARK_SURVEY_REQUIRED,税收收入÷工业用地面积（万元/亩）,%,,,,M01_NOT_COLLECTED,税收收入÷工业用地面积（万元/亩）；单位=万元/亩,经济运行与统计部门,OFFICIAL_STATISTICS
NAT-010,A41,原料内供率,A,ENTERPRISE_REQUIRED,园区内企业原料互供比例,%,,,,M01_NOT_COLLECTED,园区内企业原料互供比例；单位=%,企业服务部门,AUDITED_ENTERPRISE_DATA
NAT-010,B11,研发投入占主营业务收入的比重,B,ENTERPRISE_REQUIRED,园区规模以上工业企业研发经费支出占主营业务收入比例（%）,%,,,,M01_NOT_COLLECTED,园区规模以上工业企业研发经费支出占主营业务收入比例（%）；单位=%,科技创新部门,AUDITED_ENTERPRISE_DATA
NAT-010,B12,优质企业数量,B,PARK_SURVEY_REQUIRED,"国家级制造业单项冠军企业、专精特新""小巨人""企业、高新技术企业等数量",count,,,,M01_NOT_COLLECTED,"国家级制造业单项冠军企业、专精特新""小巨人""企业、高新技术企业等数量；单位=个",企业服务部门,OFFICIAL_STATISTICS
NAT-010,B13,上市公司所属企业数量,B,ENTERPRISE_REQUIRED,园区内上市公司及其控股企业数量,%,,,,M01_NOT_COLLECTED,园区内上市公司及其控股企业数量；单位=个,企业服务部门,AUDITED_ENTERPRISE_DATA
NAT-010,B14,发明专利数,B,ENTERPRISE_REQUIRED,园区企业拥有的有效发明专利数量,count,,,,M01_NOT_COLLECTED,园区企业拥有的有效发明专利数量；单位=个,科技创新部门,AUDITED_ENTERPRISE_DATA
NAT-010,B15,标准制定数,B,ENTERPRISE_REQUIRED,主导或参与制定国际、国家、行业及团体标准数量,count,,,,M01_NOT_COLLECTED,主导或参与制定国际、国家、行业及团体标准数量；单位=项,科技创新部门,AUDITED_ENTERPRISE_DATA
NAT-010,B21,省级及以上研发机构数量,B,PARK_SURVEY_REQUIRED,国家级、省级重点实验室、工程研究中心、企业技术中心等创新平台数量,count,,,,M01_NOT_COLLECTED,国家级、省级重点实验室、工程研究中心、企业技术中心等创新平台数量；单位=个,科技创新部门,OFFICIAL_STATISTICS
NAT-010,B22,产学研用融合平台,B,ENTERPRISE_REQUIRED,与高校、科研院所共建的平台数量,count,,,,M01_NOT_COLLECTED,与高校、科研院所共建的平台数量；单位=个,科技创新部门,AUDITED_ENTERPRISE_DATA
NAT-010,B23,园区级以上中试基地,B,PARK_SURVEY_REQUIRED,已建成并投入运行的中试基地数量,count,,,,M01_NOT_COLLECTED,已建成并投入运行的中试基地数量；单位=是/否,科技创新部门,OFFICIAL_STATISTICS
NAT-010,B31,产学研合作程度,B,DEFINITION_PENDING,园区企业开展产学研合作项目情况,DEFINITION_PENDING,,,,M06_DEFINITION_UNCLEAR,园区企业开展产学研合作项目情况；单位=%,科技创新部门,OFFICIAL_STATISTICS
NAT-010,B32,技术引进,B,DEFINITION_PENDING,企业引进先进技术、成果转化情况,DEFINITION_PENDING,,,,M06_DEFINITION_UNCLEAR,企业引进先进技术、成果转化情况；单位=%,科技创新部门,OFFICIAL_STATISTICS
NAT-010,B41,科技成果转化率,B,ENTERPRISE_REQUIRED,科技成果产业化、转化实施情况,count,,,,M01_NOT_COLLECTED,科技成果产业化、转化实施情况；单位=%,科技创新部门,AUDITED_ENTERPRISE_DATA
NAT-010,B42,产业精细化率,B,MISSING,精细化工及高端化工产品占比,count,,,,M01_NOT_COLLECTED,精细化工及高端化工产品占比；单位=%,企业服务部门,OFFICIAL_STATISTICS
NAT-010,C11,危险化学品从业单位安全生产标准化建设,C,MISSING,园区危险化学品生产、经营、储存等企业安全生产标准化建设情况,—,,,,M01_NOT_COLLECTED,园区危险化学品生产、经营、储存等企业安全生产标准化建设情况；单位=%,应急与安全部门,OFFICIAL_STATISTICS
NAT-010,C12,安全风险等级,C,MISSING,园区整体安全风险等级评估结果,—,,,,M01_NOT_COLLECTED,园区整体安全风险等级评估结果；单位=等级,应急与安全部门,OFFICIAL_STATISTICS
NAT-010,C13,安全生产事故发生等级,C,MISSING,年度生产安全事故情况,—,,,,M01_NOT_COLLECTED,年度生产安全事故情况；单位=等级,应急与安全部门,OFFICIAL_STATISTICS
NAT-010,C21,大气环境质量达标率,C,MONITORING_REQUIRED,园区环境空气质量达标情况,%,,,,M01_NOT_COLLECTED,园区环境空气质量达标情况；单位=%,生态环境部门,MONITORING_EXPORT
NAT-010,C22,地表水环境质量达标率,C,MONITORING_REQUIRED,园区地表水断面达标情况,%,,,,M01_NOT_COLLECTED,园区地表水断面达标情况；单位=%,生态环境部门,MONITORING_EXPORT
NAT-010,C23,地下水质量达标率,C,MONITORING_REQUIRED,地下水监测点位达标情况,%,,,,M01_NOT_COLLECTED,地下水监测点位达标情况；单位=%,生态环境部门,MONITORING_EXPORT
NAT-010,C24,土壤质量达标率,C,MONITORING_REQUIRED,土壤环境质量监测达标情况,%,,,,M01_NOT_COLLECTED,土壤环境质量监测达标情况；单位=%,生态环境部门,MONITORING_EXPORT
NAT-010,C31,单位工业总产值COD排放量,C,MONITORING_REQUIRED,单位工业总产值化学需氧量排放量,t/100m CNY,,,,M01_NOT_COLLECTED,COD排放量；同年度工业总产值；统计边界,生态环境部门,MONITORING_EXPORT
NAT-010,C32,单位工业总产值氨氮排放量,C,MONITORING_REQUIRED,单位工业总产值氨氮排放量,t/100m CNY,,,,M01_NOT_COLLECTED,NH3-N排放量；同年度工业总产值；统计边界,生态环境部门,MONITORING_EXPORT
NAT-010,C33,单位工业总产值SO₂排放量,C,MONITORING_REQUIRED,单位工业总产值二氧化硫排放量,t/100m CNY,,,,M01_NOT_COLLECTED,SO2排放量；同年度工业总产值；统计边界,生态环境部门,MONITORING_EXPORT
NAT-010,C34,单位工业总产值氮氧化物排放量,C,MONITORING_REQUIRED,单位工业总产值NOx排放量,t/100m CNY,,,,M01_NOT_COLLECTED,NOx排放量；同年度工业总产值；统计边界,生态环境部门,MONITORING_EXPORT
NAT-010,C35,单位工业总产值VOCs排放量,C,DEFINITION_PENDING,单位工业总产值挥发性有机物排放量,DEFINITION_PENDING,,,,M06_DEFINITION_UNCLEAR,VOCs排放量；同年度工业总产值；人工锁定定义,生态环境部门,MONITORING_EXPORT
NAT-010,C41,单位工业总产值新鲜取水量,C,MONITORING_REQUIRED,每单位工业产值消耗的新鲜水资源,"m3/10,000 CNY",,,,M01_NOT_COLLECTED,新鲜水取用量；工业增加值；统计年度；统计边界,水务部门,MONITORING_EXPORT
NAT-010,C42,再生水（中水）回用率,C,MONITORING_REQUIRED,再生水利用比例,%,,,,M01_NOT_COLLECTED,再生水实际利用量；园区总用水量；统计年度；统计边界,水务部门,MONITORING_EXPORT
NAT-010,C51,单位工业增加值能耗削减率,C,MONITORING_REQUIRED,单位工业增加值综合能耗下降幅度,"tce/10,000 CNY",,,,M01_NOT_COLLECTED,综合能源消费量；工业增加值；统计年度；统计边界,能源与碳管理部门,MONITORING_EXPORT
NAT-010,C52,绿色电力使用,C,MONITORING_REQUIRED,绿色电力消费比例,"tCO2/10,000 CNY",,,,M01_NOT_COLLECTED,CO2排放量；工业增加值；统计年度；统计边界,能源与碳管理部门,MONITORING_EXPORT
NAT-010,C53,单位工业增加值CO₂排放量削减率,C,MONITORING_REQUIRED,单位工业增加值碳排放下降幅度,%,,,,M01_NOT_COLLECTED,单位工业增加值碳排放下降幅度；单位=%,能源与碳管理部门,OFFICIAL_STATISTICS
NAT-010,C54,绿色工厂示范企业数量,C,PARK_SURVEY_REQUIRED,国家级、省级绿色工厂数量,count,,,,M01_NOT_COLLECTED,国家级、省级绿色工厂数量；单位=个,企业服务部门,OFFICIAL_STATISTICS
NAT-010,C55,示范创建数量,C,PUBLIC_AVAILABLE,国家级、省级绿色园区、绿色供应链等示范创建数量,category,1,2025,S3E-0037,,国家级、省级绿色园区、绿色供应链等示范创建数量；单位=级别,园区综合管理部门,OFFICIAL_RECOGNITION
NAT-010,D11,化工园区智慧化水平,D,MISSING,园区智慧管理平台建设情况，包括安全、环保、能源、应急、封闭化管理、公共服务等智慧化系统建设及运行情况。,ordinal evidence level,,,,M01_NOT_COLLECTED,园区智慧管理平台建设情况，包括安全、环保、能源、应急、封闭化管理、公共服务等智慧化系统建设及运行情况。；单位=等级,智慧园区管理部门,MANAGEMENT_SYSTEM_RECORD
NAT-010,D21,省级及以上认定的智能工厂数量,D,PARK_SURVEY_REQUIRED,园区内获得国家级、省级智能工厂（或智能制造示范工厂）认定的企业数量。,%,,,,M01_NOT_COLLECTED,园区内获得国家级、省级智能工厂（或智能制造示范工厂）认定的企业数量。；单位=个,企业服务部门,OFFICIAL_STATISTICS
NAT-011,A11,规模以上工业企业工业总产值,A,PARK_SURVEY_REQUIRED,园区规模以上工业企业工业总产值（亿元）,100 million CNY,,,,M01_NOT_COLLECTED,园区规模以上工业企业工业总产值（亿元）；单位=亿元,经济运行与统计部门,OFFICIAL_STATISTICS
NAT-011,A12,规模以上工业企业工业总产值增长率,A,PARK_SURVEY_REQUIRED,当年规模以上工业企业工业总产值增长率（%）,CNY/person,,,,M01_NOT_COLLECTED,当年规模以上工业企业工业总产值增长率（%）；单位=%,经济运行与统计部门,OFFICIAL_STATISTICS
NAT-011,A21,规模以上工业企业利润率,A,ENTERPRISE_REQUIRED,利润总额/营业收入×100%,%,,,,M01_NOT_COLLECTED,利润总额/营业收入×100%；单位=%,企业服务部门,AUDITED_ENTERPRISE_DATA
NAT-011,A22,工业增加值增长率,A,PARK_SURVEY_REQUIRED,当年工业增加值增长率（%）,%,,,,M01_NOT_COLLECTED,当年工业增加值增长率（%）；单位=%,经济运行与统计部门,OFFICIAL_STATISTICS
NAT-011,A23,人均产值,A,ENTERPRISE_REQUIRED,工业总产值÷从业人员数量（万元/人）,%,,,,M01_NOT_COLLECTED,工业总产值÷从业人员数量（万元/人）；单位=万元/人,企业服务部门,AUDITED_ENTERPRISE_DATA
NAT-011,A31,亩均投资强度,A,PARK_SURVEY_REQUIRED,固定资产投资÷工业用地面积（万元/亩）,mu,,,,M01_NOT_COLLECTED,固定资产投资÷工业用地面积（万元/亩）；单位=万元/亩,经济运行与统计部门,OFFICIAL_STATISTICS
NAT-011,A32,亩均产值,A,PARK_SURVEY_REQUIRED,工业总产值÷工业用地面积（万元/亩）,"10,000 CNY/mu",,,,M01_NOT_COLLECTED,工业总产值÷工业用地面积（万元/亩）；单位=万元/亩,经济运行与统计部门,OFFICIAL_STATISTICS
NAT-011,A33,亩均税收,A,PARK_SURVEY_REQUIRED,税收收入÷工业用地面积（万元/亩）,%,,,,M01_NOT_COLLECTED,税收收入÷工业用地面积（万元/亩）；单位=万元/亩,经济运行与统计部门,OFFICIAL_STATISTICS
NAT-011,A41,原料内供率,A,ENTERPRISE_REQUIRED,园区内企业原料互供比例,%,,,,M01_NOT_COLLECTED,园区内企业原料互供比例；单位=%,企业服务部门,AUDITED_ENTERPRISE_DATA
NAT-011,B11,研发投入占主营业务收入的比重,B,ENTERPRISE_REQUIRED,园区规模以上工业企业研发经费支出占主营业务收入比例（%）,%,,,,M01_NOT_COLLECTED,园区规模以上工业企业研发经费支出占主营业务收入比例（%）；单位=%,科技创新部门,AUDITED_ENTERPRISE_DATA
NAT-011,B12,优质企业数量,B,PARK_SURVEY_REQUIRED,"国家级制造业单项冠军企业、专精特新""小巨人""企业、高新技术企业等数量",count,,,,M01_NOT_COLLECTED,"国家级制造业单项冠军企业、专精特新""小巨人""企业、高新技术企业等数量；单位=个",企业服务部门,OFFICIAL_STATISTICS
NAT-011,B13,上市公司所属企业数量,B,ENTERPRISE_REQUIRED,园区内上市公司及其控股企业数量,%,,,,M01_NOT_COLLECTED,园区内上市公司及其控股企业数量；单位=个,企业服务部门,AUDITED_ENTERPRISE_DATA
NAT-011,B14,发明专利数,B,ENTERPRISE_REQUIRED,园区企业拥有的有效发明专利数量,count,,,,M01_NOT_COLLECTED,园区企业拥有的有效发明专利数量；单位=个,科技创新部门,AUDITED_ENTERPRISE_DATA
NAT-011,B15,标准制定数,B,ENTERPRISE_REQUIRED,主导或参与制定国际、国家、行业及团体标准数量,count,,,,M01_NOT_COLLECTED,主导或参与制定国际、国家、行业及团体标准数量；单位=项,科技创新部门,AUDITED_ENTERPRISE_DATA
NAT-011,B21,省级及以上研发机构数量,B,PARK_SURVEY_REQUIRED,国家级、省级重点实验室、工程研究中心、企业技术中心等创新平台数量,count,,,,M01_NOT_COLLECTED,国家级、省级重点实验室、工程研究中心、企业技术中心等创新平台数量；单位=个,科技创新部门,OFFICIAL_STATISTICS
NAT-011,B22,产学研用融合平台,B,ENTERPRISE_REQUIRED,与高校、科研院所共建的平台数量,count,,,,M01_NOT_COLLECTED,与高校、科研院所共建的平台数量；单位=个,科技创新部门,AUDITED_ENTERPRISE_DATA
NAT-011,B23,园区级以上中试基地,B,PARK_SURVEY_REQUIRED,已建成并投入运行的中试基地数量,count,,,,M01_NOT_COLLECTED,已建成并投入运行的中试基地数量；单位=是/否,科技创新部门,OFFICIAL_STATISTICS
NAT-011,B31,产学研合作程度,B,DEFINITION_PENDING,园区企业开展产学研合作项目情况,DEFINITION_PENDING,,,,M06_DEFINITION_UNCLEAR,园区企业开展产学研合作项目情况；单位=%,科技创新部门,OFFICIAL_STATISTICS
NAT-011,B32,技术引进,B,DEFINITION_PENDING,企业引进先进技术、成果转化情况,DEFINITION_PENDING,,,,M06_DEFINITION_UNCLEAR,企业引进先进技术、成果转化情况；单位=%,科技创新部门,OFFICIAL_STATISTICS
NAT-011,B41,科技成果转化率,B,ENTERPRISE_REQUIRED,科技成果产业化、转化实施情况,count,,,,M01_NOT_COLLECTED,科技成果产业化、转化实施情况；单位=%,科技创新部门,AUDITED_ENTERPRISE_DATA
NAT-011,B42,产业精细化率,B,MISSING,精细化工及高端化工产品占比,count,,,,M01_NOT_COLLECTED,精细化工及高端化工产品占比；单位=%,企业服务部门,OFFICIAL_STATISTICS
NAT-011,C11,危险化学品从业单位安全生产标准化建设,C,MISSING,园区危险化学品生产、经营、储存等企业安全生产标准化建设情况,—,,,,M01_NOT_COLLECTED,园区危险化学品生产、经营、储存等企业安全生产标准化建设情况；单位=%,应急与安全部门,OFFICIAL_STATISTICS
NAT-011,C12,安全风险等级,C,MISSING,园区整体安全风险等级评估结果,—,,,,M01_NOT_COLLECTED,园区整体安全风险等级评估结果；单位=等级,应急与安全部门,OFFICIAL_STATISTICS
NAT-011,C13,安全生产事故发生等级,C,MISSING,年度生产安全事故情况,—,,,,M01_NOT_COLLECTED,年度生产安全事故情况；单位=等级,应急与安全部门,OFFICIAL_STATISTICS
NAT-011,C21,大气环境质量达标率,C,MONITORING_REQUIRED,园区环境空气质量达标情况,%,,,,M01_NOT_COLLECTED,园区环境空气质量达标情况；单位=%,生态环境部门,MONITORING_EXPORT
NAT-011,C22,地表水环境质量达标率,C,MONITORING_REQUIRED,园区地表水断面达标情况,%,,,,M01_NOT_COLLECTED,园区地表水断面达标情况；单位=%,生态环境部门,MONITORING_EXPORT
NAT-011,C23,地下水质量达标率,C,MONITORING_REQUIRED,地下水监测点位达标情况,%,,,,M01_NOT_COLLECTED,地下水监测点位达标情况；单位=%,生态环境部门,MONITORING_EXPORT
NAT-011,C24,土壤质量达标率,C,MONITORING_REQUIRED,土壤环境质量监测达标情况,%,,,,M01_NOT_COLLECTED,土壤环境质量监测达标情况；单位=%,生态环境部门,MONITORING_EXPORT
NAT-011,C31,单位工业总产值COD排放量,C,MONITORING_REQUIRED,单位工业总产值化学需氧量排放量,t/100m CNY,,,,M01_NOT_COLLECTED,COD排放量；同年度工业总产值；统计边界,生态环境部门,MONITORING_EXPORT
NAT-011,C32,单位工业总产值氨氮排放量,C,MONITORING_REQUIRED,单位工业总产值氨氮排放量,t/100m CNY,,,,M01_NOT_COLLECTED,NH3-N排放量；同年度工业总产值；统计边界,生态环境部门,MONITORING_EXPORT
NAT-011,C33,单位工业总产值SO₂排放量,C,MONITORING_REQUIRED,单位工业总产值二氧化硫排放量,t/100m CNY,,,,M01_NOT_COLLECTED,SO2排放量；同年度工业总产值；统计边界,生态环境部门,MONITORING_EXPORT
NAT-011,C34,单位工业总产值氮氧化物排放量,C,MONITORING_REQUIRED,单位工业总产值NOx排放量,t/100m CNY,,,,M01_NOT_COLLECTED,NOx排放量；同年度工业总产值；统计边界,生态环境部门,MONITORING_EXPORT
NAT-011,C35,单位工业总产值VOCs排放量,C,DEFINITION_PENDING,单位工业总产值挥发性有机物排放量,DEFINITION_PENDING,,,,M06_DEFINITION_UNCLEAR,VOCs排放量；同年度工业总产值；人工锁定定义,生态环境部门,MONITORING_EXPORT
NAT-011,C41,单位工业总产值新鲜取水量,C,MONITORING_REQUIRED,每单位工业产值消耗的新鲜水资源,"m3/10,000 CNY",,,,M01_NOT_COLLECTED,新鲜水取用量；工业增加值；统计年度；统计边界,水务部门,MONITORING_EXPORT
NAT-011,C42,再生水（中水）回用率,C,MONITORING_REQUIRED,再生水利用比例,%,,,,M01_NOT_COLLECTED,再生水实际利用量；园区总用水量；统计年度；统计边界,水务部门,MONITORING_EXPORT
NAT-011,C51,单位工业增加值能耗削减率,C,MONITORING_REQUIRED,单位工业增加值综合能耗下降幅度,"tce/10,000 CNY",,,,M01_NOT_COLLECTED,综合能源消费量；工业增加值；统计年度；统计边界,能源与碳管理部门,MONITORING_EXPORT
NAT-011,C52,绿色电力使用,C,MONITORING_REQUIRED,绿色电力消费比例,"tCO2/10,000 CNY",,,,M01_NOT_COLLECTED,CO2排放量；工业增加值；统计年度；统计边界,能源与碳管理部门,MONITORING_EXPORT
NAT-011,C53,单位工业增加值CO₂排放量削减率,C,MONITORING_REQUIRED,单位工业增加值碳排放下降幅度,%,,,,M01_NOT_COLLECTED,单位工业增加值碳排放下降幅度；单位=%,能源与碳管理部门,OFFICIAL_STATISTICS
NAT-011,C54,绿色工厂示范企业数量,C,PARK_SURVEY_REQUIRED,国家级、省级绿色工厂数量,count,,,,M01_NOT_COLLECTED,国家级、省级绿色工厂数量；单位=个,企业服务部门,OFFICIAL_STATISTICS
NAT-011,C55,示范创建数量,C,PUBLIC_AVAILABLE,国家级、省级绿色园区、绿色供应链等示范创建数量,category,1,2025,S3E-0038,,国家级、省级绿色园区、绿色供应链等示范创建数量；单位=级别,园区综合管理部门,OFFICIAL_RECOGNITION
NAT-011,D11,化工园区智慧化水平,D,MISSING,园区智慧管理平台建设情况，包括安全、环保、能源、应急、封闭化管理、公共服务等智慧化系统建设及运行情况。,ordinal evidence level,,,,M01_NOT_COLLECTED,园区智慧管理平台建设情况，包括安全、环保、能源、应急、封闭化管理、公共服务等智慧化系统建设及运行情况。；单位=等级,智慧园区管理部门,MANAGEMENT_SYSTEM_RECORD
NAT-011,D21,省级及以上认定的智能工厂数量,D,PARK_SURVEY_REQUIRED,园区内获得国家级、省级智能工厂（或智能制造示范工厂）认定的企业数量。,%,,,,M01_NOT_COLLECTED,园区内获得国家级、省级智能工厂（或智能制造示范工厂）认定的企业数量。；单位=个,企业服务部门,OFFICIAL_STATISTICS
NAT-012,A11,规模以上工业企业工业总产值,A,PARK_SURVEY_REQUIRED,园区规模以上工业企业工业总产值（亿元）,100 million CNY,,,,M01_NOT_COLLECTED,园区规模以上工业企业工业总产值（亿元）；单位=亿元,经济运行与统计部门,OFFICIAL_STATISTICS
NAT-012,A12,规模以上工业企业工业总产值增长率,A,PARK_SURVEY_REQUIRED,当年规模以上工业企业工业总产值增长率（%）,CNY/person,,,,M01_NOT_COLLECTED,当年规模以上工业企业工业总产值增长率（%）；单位=%,经济运行与统计部门,OFFICIAL_STATISTICS
NAT-012,A21,规模以上工业企业利润率,A,ENTERPRISE_REQUIRED,利润总额/营业收入×100%,%,,,,M01_NOT_COLLECTED,利润总额/营业收入×100%；单位=%,企业服务部门,AUDITED_ENTERPRISE_DATA
NAT-012,A22,工业增加值增长率,A,PARK_SURVEY_REQUIRED,当年工业增加值增长率（%）,%,,,,M01_NOT_COLLECTED,当年工业增加值增长率（%）；单位=%,经济运行与统计部门,OFFICIAL_STATISTICS
NAT-012,A23,人均产值,A,ENTERPRISE_REQUIRED,工业总产值÷从业人员数量（万元/人）,%,,,,M01_NOT_COLLECTED,工业总产值÷从业人员数量（万元/人）；单位=万元/人,企业服务部门,AUDITED_ENTERPRISE_DATA
NAT-012,A31,亩均投资强度,A,PARK_SURVEY_REQUIRED,固定资产投资÷工业用地面积（万元/亩）,mu,,,,M01_NOT_COLLECTED,固定资产投资÷工业用地面积（万元/亩）；单位=万元/亩,经济运行与统计部门,OFFICIAL_STATISTICS
NAT-012,A32,亩均产值,A,PARK_SURVEY_REQUIRED,工业总产值÷工业用地面积（万元/亩）,"10,000 CNY/mu",,,,M01_NOT_COLLECTED,工业总产值÷工业用地面积（万元/亩）；单位=万元/亩,经济运行与统计部门,OFFICIAL_STATISTICS
NAT-012,A33,亩均税收,A,PARK_SURVEY_REQUIRED,税收收入÷工业用地面积（万元/亩）,%,,,,M01_NOT_COLLECTED,税收收入÷工业用地面积（万元/亩）；单位=万元/亩,经济运行与统计部门,OFFICIAL_STATISTICS
NAT-012,A41,原料内供率,A,ENTERPRISE_REQUIRED,园区内企业原料互供比例,%,,,,M01_NOT_COLLECTED,园区内企业原料互供比例；单位=%,企业服务部门,AUDITED_ENTERPRISE_DATA
NAT-012,B11,研发投入占主营业务收入的比重,B,ENTERPRISE_REQUIRED,园区规模以上工业企业研发经费支出占主营业务收入比例（%）,%,,,,M01_NOT_COLLECTED,园区规模以上工业企业研发经费支出占主营业务收入比例（%）；单位=%,科技创新部门,AUDITED_ENTERPRISE_DATA
NAT-012,B12,优质企业数量,B,PARK_SURVEY_REQUIRED,"国家级制造业单项冠军企业、专精特新""小巨人""企业、高新技术企业等数量",count,,,,M01_NOT_COLLECTED,"国家级制造业单项冠军企业、专精特新""小巨人""企业、高新技术企业等数量；单位=个",企业服务部门,OFFICIAL_STATISTICS
NAT-012,B13,上市公司所属企业数量,B,ENTERPRISE_REQUIRED,园区内上市公司及其控股企业数量,%,,,,M01_NOT_COLLECTED,园区内上市公司及其控股企业数量；单位=个,企业服务部门,AUDITED_ENTERPRISE_DATA
NAT-012,B14,发明专利数,B,ENTERPRISE_REQUIRED,园区企业拥有的有效发明专利数量,count,,,,M01_NOT_COLLECTED,园区企业拥有的有效发明专利数量；单位=个,科技创新部门,AUDITED_ENTERPRISE_DATA
NAT-012,B15,标准制定数,B,ENTERPRISE_REQUIRED,主导或参与制定国际、国家、行业及团体标准数量,count,,,,M01_NOT_COLLECTED,主导或参与制定国际、国家、行业及团体标准数量；单位=项,科技创新部门,AUDITED_ENTERPRISE_DATA
NAT-012,B21,省级及以上研发机构数量,B,PARK_SURVEY_REQUIRED,国家级、省级重点实验室、工程研究中心、企业技术中心等创新平台数量,count,,,,M01_NOT_COLLECTED,国家级、省级重点实验室、工程研究中心、企业技术中心等创新平台数量；单位=个,科技创新部门,OFFICIAL_STATISTICS
NAT-012,B22,产学研用融合平台,B,ENTERPRISE_REQUIRED,与高校、科研院所共建的平台数量,count,,,,M01_NOT_COLLECTED,与高校、科研院所共建的平台数量；单位=个,科技创新部门,AUDITED_ENTERPRISE_DATA
NAT-012,B23,园区级以上中试基地,B,PARK_SURVEY_REQUIRED,已建成并投入运行的中试基地数量,count,,,,M01_NOT_COLLECTED,已建成并投入运行的中试基地数量；单位=是/否,科技创新部门,OFFICIAL_STATISTICS
NAT-012,B31,产学研合作程度,B,DEFINITION_PENDING,园区企业开展产学研合作项目情况,DEFINITION_PENDING,,,,M06_DEFINITION_UNCLEAR,园区企业开展产学研合作项目情况；单位=%,科技创新部门,OFFICIAL_STATISTICS
NAT-012,B32,技术引进,B,DEFINITION_PENDING,企业引进先进技术、成果转化情况,DEFINITION_PENDING,,,,M06_DEFINITION_UNCLEAR,企业引进先进技术、成果转化情况；单位=%,科技创新部门,OFFICIAL_STATISTICS
NAT-012,B41,科技成果转化率,B,ENTERPRISE_REQUIRED,科技成果产业化、转化实施情况,count,,,,M01_NOT_COLLECTED,科技成果产业化、转化实施情况；单位=%,科技创新部门,AUDITED_ENTERPRISE_DATA
NAT-012,B42,产业精细化率,B,MISSING,精细化工及高端化工产品占比,count,,,,M01_NOT_COLLECTED,精细化工及高端化工产品占比；单位=%,企业服务部门,OFFICIAL_STATISTICS
NAT-012,C11,危险化学品从业单位安全生产标准化建设,C,MISSING,园区危险化学品生产、经营、储存等企业安全生产标准化建设情况,—,,,,M01_NOT_COLLECTED,园区危险化学品生产、经营、储存等企业安全生产标准化建设情况；单位=%,应急与安全部门,OFFICIAL_STATISTICS
NAT-012,C12,安全风险等级,C,MISSING,园区整体安全风险等级评估结果,—,,,,M01_NOT_COLLECTED,园区整体安全风险等级评估结果；单位=等级,应急与安全部门,OFFICIAL_STATISTICS
NAT-012,C13,安全生产事故发生等级,C,MISSING,年度生产安全事故情况,—,,,,M01_NOT_COLLECTED,年度生产安全事故情况；单位=等级,应急与安全部门,OFFICIAL_STATISTICS
NAT-012,C21,大气环境质量达标率,C,MONITORING_REQUIRED,园区环境空气质量达标情况,%,,,,M01_NOT_COLLECTED,园区环境空气质量达标情况；单位=%,生态环境部门,MONITORING_EXPORT
NAT-012,C22,地表水环境质量达标率,C,MONITORING_REQUIRED,园区地表水断面达标情况,%,,,,M01_NOT_COLLECTED,园区地表水断面达标情况；单位=%,生态环境部门,MONITORING_EXPORT
NAT-012,C23,地下水质量达标率,C,MONITORING_REQUIRED,地下水监测点位达标情况,%,,,,M01_NOT_COLLECTED,地下水监测点位达标情况；单位=%,生态环境部门,MONITORING_EXPORT
NAT-012,C24,土壤质量达标率,C,MONITORING_REQUIRED,土壤环境质量监测达标情况,%,,,,M01_NOT_COLLECTED,土壤环境质量监测达标情况；单位=%,生态环境部门,MONITORING_EXPORT
NAT-012,C31,单位工业总产值COD排放量,C,MONITORING_REQUIRED,单位工业总产值化学需氧量排放量,t/100m CNY,,,,M01_NOT_COLLECTED,COD排放量；同年度工业总产值；统计边界,生态环境部门,MONITORING_EXPORT
NAT-012,C32,单位工业总产值氨氮排放量,C,MONITORING_REQUIRED,单位工业总产值氨氮排放量,t/100m CNY,,,,M01_NOT_COLLECTED,NH3-N排放量；同年度工业总产值；统计边界,生态环境部门,MONITORING_EXPORT
NAT-012,C33,单位工业总产值SO₂排放量,C,MONITORING_REQUIRED,单位工业总产值二氧化硫排放量,t/100m CNY,,,,M01_NOT_COLLECTED,SO2排放量；同年度工业总产值；统计边界,生态环境部门,MONITORING_EXPORT
NAT-012,C34,单位工业总产值氮氧化物排放量,C,MONITORING_REQUIRED,单位工业总产值NOx排放量,t/100m CNY,,,,M01_NOT_COLLECTED,NOx排放量；同年度工业总产值；统计边界,生态环境部门,MONITORING_EXPORT
NAT-012,C35,单位工业总产值VOCs排放量,C,DEFINITION_PENDING,单位工业总产值挥发性有机物排放量,DEFINITION_PENDING,,,,M06_DEFINITION_UNCLEAR,VOCs排放量；同年度工业总产值；人工锁定定义,生态环境部门,MONITORING_EXPORT
NAT-012,C41,单位工业总产值新鲜取水量,C,MONITORING_REQUIRED,每单位工业产值消耗的新鲜水资源,"m3/10,000 CNY",,,,M01_NOT_COLLECTED,新鲜水取用量；工业增加值；统计年度；统计边界,水务部门,MONITORING_EXPORT
NAT-012,C42,再生水（中水）回用率,C,MONITORING_REQUIRED,再生水利用比例,%,,,,M01_NOT_COLLECTED,再生水实际利用量；园区总用水量；统计年度；统计边界,水务部门,MONITORING_EXPORT
NAT-012,C51,单位工业增加值能耗削减率,C,MONITORING_REQUIRED,单位工业增加值综合能耗下降幅度,"tce/10,000 CNY",,,,M01_NOT_COLLECTED,综合能源消费量；工业增加值；统计年度；统计边界,能源与碳管理部门,MONITORING_EXPORT
NAT-012,C52,绿色电力使用,C,MONITORING_REQUIRED,绿色电力消费比例,"tCO2/10,000 CNY",,,,M01_NOT_COLLECTED,CO2排放量；工业增加值；统计年度；统计边界,能源与碳管理部门,MONITORING_EXPORT
NAT-012,C53,单位工业增加值CO₂排放量削减率,C,MONITORING_REQUIRED,单位工业增加值碳排放下降幅度,%,,,,M01_NOT_COLLECTED,单位工业增加值碳排放下降幅度；单位=%,能源与碳管理部门,OFFICIAL_STATISTICS
NAT-012,C54,绿色工厂示范企业数量,C,PARK_SURVEY_REQUIRED,国家级、省级绿色工厂数量,count,,,,M01_NOT_COLLECTED,国家级、省级绿色工厂数量；单位=个,企业服务部门,OFFICIAL_STATISTICS
NAT-012,C55,示范创建数量,C,PUBLIC_AVAILABLE,国家级、省级绿色园区、绿色供应链等示范创建数量,category,1,2025,S3E-0039,,国家级、省级绿色园区、绿色供应链等示范创建数量；单位=级别,园区综合管理部门,OFFICIAL_RECOGNITION
NAT-012,D11,化工园区智慧化水平,D,MISSING,园区智慧管理平台建设情况，包括安全、环保、能源、应急、封闭化管理、公共服务等智慧化系统建设及运行情况。,ordinal evidence level,,,,M01_NOT_COLLECTED,园区智慧管理平台建设情况，包括安全、环保、能源、应急、封闭化管理、公共服务等智慧化系统建设及运行情况。；单位=等级,智慧园区管理部门,MANAGEMENT_SYSTEM_RECORD
NAT-012,D21,省级及以上认定的智能工厂数量,D,PARK_SURVEY_REQUIRED,园区内获得国家级、省级智能工厂（或智能制造示范工厂）认定的企业数量。,%,,,,M01_NOT_COLLECTED,园区内获得国家级、省级智能工厂（或智能制造示范工厂）认定的企业数量。；单位=个,企业服务部门,OFFICIAL_STATISTICS
NAT-013,A11,规模以上工业企业工业总产值,A,PARK_SURVEY_REQUIRED,园区规模以上工业企业工业总产值（亿元）,100 million CNY,,,,M01_NOT_COLLECTED,园区规模以上工业企业工业总产值（亿元）；单位=亿元,经济运行与统计部门,OFFICIAL_STATISTICS
NAT-013,A12,规模以上工业企业工业总产值增长率,A,PARK_SURVEY_REQUIRED,当年规模以上工业企业工业总产值增长率（%）,CNY/person,,,,M01_NOT_COLLECTED,当年规模以上工业企业工业总产值增长率（%）；单位=%,经济运行与统计部门,OFFICIAL_STATISTICS
NAT-013,A21,规模以上工业企业利润率,A,ENTERPRISE_REQUIRED,利润总额/营业收入×100%,%,,,,M01_NOT_COLLECTED,利润总额/营业收入×100%；单位=%,企业服务部门,AUDITED_ENTERPRISE_DATA
NAT-013,A22,工业增加值增长率,A,PARK_SURVEY_REQUIRED,当年工业增加值增长率（%）,%,,,,M01_NOT_COLLECTED,当年工业增加值增长率（%）；单位=%,经济运行与统计部门,OFFICIAL_STATISTICS
NAT-013,A23,人均产值,A,ENTERPRISE_REQUIRED,工业总产值÷从业人员数量（万元/人）,%,,,,M01_NOT_COLLECTED,工业总产值÷从业人员数量（万元/人）；单位=万元/人,企业服务部门,AUDITED_ENTERPRISE_DATA
NAT-013,A31,亩均投资强度,A,PARK_SURVEY_REQUIRED,固定资产投资÷工业用地面积（万元/亩）,mu,,,,M01_NOT_COLLECTED,固定资产投资÷工业用地面积（万元/亩）；单位=万元/亩,经济运行与统计部门,OFFICIAL_STATISTICS
NAT-013,A32,亩均产值,A,PARK_SURVEY_REQUIRED,工业总产值÷工业用地面积（万元/亩）,"10,000 CNY/mu",,,,M01_NOT_COLLECTED,工业总产值÷工业用地面积（万元/亩）；单位=万元/亩,经济运行与统计部门,OFFICIAL_STATISTICS
NAT-013,A33,亩均税收,A,PARK_SURVEY_REQUIRED,税收收入÷工业用地面积（万元/亩）,%,,,,M01_NOT_COLLECTED,税收收入÷工业用地面积（万元/亩）；单位=万元/亩,经济运行与统计部门,OFFICIAL_STATISTICS
NAT-013,A41,原料内供率,A,ENTERPRISE_REQUIRED,园区内企业原料互供比例,%,,,,M01_NOT_COLLECTED,园区内企业原料互供比例；单位=%,企业服务部门,AUDITED_ENTERPRISE_DATA
NAT-013,B11,研发投入占主营业务收入的比重,B,ENTERPRISE_REQUIRED,园区规模以上工业企业研发经费支出占主营业务收入比例（%）,%,,,,M01_NOT_COLLECTED,园区规模以上工业企业研发经费支出占主营业务收入比例（%）；单位=%,科技创新部门,AUDITED_ENTERPRISE_DATA
NAT-013,B12,优质企业数量,B,PARK_SURVEY_REQUIRED,"国家级制造业单项冠军企业、专精特新""小巨人""企业、高新技术企业等数量",count,,,,M01_NOT_COLLECTED,"国家级制造业单项冠军企业、专精特新""小巨人""企业、高新技术企业等数量；单位=个",企业服务部门,OFFICIAL_STATISTICS
NAT-013,B13,上市公司所属企业数量,B,ENTERPRISE_REQUIRED,园区内上市公司及其控股企业数量,%,,,,M01_NOT_COLLECTED,园区内上市公司及其控股企业数量；单位=个,企业服务部门,AUDITED_ENTERPRISE_DATA
NAT-013,B14,发明专利数,B,ENTERPRISE_REQUIRED,园区企业拥有的有效发明专利数量,count,,,,M01_NOT_COLLECTED,园区企业拥有的有效发明专利数量；单位=个,科技创新部门,AUDITED_ENTERPRISE_DATA
NAT-013,B15,标准制定数,B,ENTERPRISE_REQUIRED,主导或参与制定国际、国家、行业及团体标准数量,count,,,,M01_NOT_COLLECTED,主导或参与制定国际、国家、行业及团体标准数量；单位=项,科技创新部门,AUDITED_ENTERPRISE_DATA
NAT-013,B21,省级及以上研发机构数量,B,PARK_SURVEY_REQUIRED,国家级、省级重点实验室、工程研究中心、企业技术中心等创新平台数量,count,,,,M01_NOT_COLLECTED,国家级、省级重点实验室、工程研究中心、企业技术中心等创新平台数量；单位=个,科技创新部门,OFFICIAL_STATISTICS
NAT-013,B22,产学研用融合平台,B,ENTERPRISE_REQUIRED,与高校、科研院所共建的平台数量,count,,,,M01_NOT_COLLECTED,与高校、科研院所共建的平台数量；单位=个,科技创新部门,AUDITED_ENTERPRISE_DATA
NAT-013,B23,园区级以上中试基地,B,PARK_SURVEY_REQUIRED,已建成并投入运行的中试基地数量,count,,,,M01_NOT_COLLECTED,已建成并投入运行的中试基地数量；单位=是/否,科技创新部门,OFFICIAL_STATISTICS
NAT-013,B31,产学研合作程度,B,DEFINITION_PENDING,园区企业开展产学研合作项目情况,DEFINITION_PENDING,,,,M06_DEFINITION_UNCLEAR,园区企业开展产学研合作项目情况；单位=%,科技创新部门,OFFICIAL_STATISTICS
NAT-013,B32,技术引进,B,DEFINITION_PENDING,企业引进先进技术、成果转化情况,DEFINITION_PENDING,,,,M06_DEFINITION_UNCLEAR,企业引进先进技术、成果转化情况；单位=%,科技创新部门,OFFICIAL_STATISTICS
NAT-013,B41,科技成果转化率,B,ENTERPRISE_REQUIRED,科技成果产业化、转化实施情况,count,,,,M01_NOT_COLLECTED,科技成果产业化、转化实施情况；单位=%,科技创新部门,AUDITED_ENTERPRISE_DATA
NAT-013,B42,产业精细化率,B,MISSING,精细化工及高端化工产品占比,count,,,,M01_NOT_COLLECTED,精细化工及高端化工产品占比；单位=%,企业服务部门,OFFICIAL_STATISTICS
NAT-013,C11,危险化学品从业单位安全生产标准化建设,C,MISSING,园区危险化学品生产、经营、储存等企业安全生产标准化建设情况,—,,,,M01_NOT_COLLECTED,园区危险化学品生产、经营、储存等企业安全生产标准化建设情况；单位=%,应急与安全部门,OFFICIAL_STATISTICS
NAT-013,C12,安全风险等级,C,MISSING,园区整体安全风险等级评估结果,—,,,,M01_NOT_COLLECTED,园区整体安全风险等级评估结果；单位=等级,应急与安全部门,OFFICIAL_STATISTICS
NAT-013,C13,安全生产事故发生等级,C,MISSING,年度生产安全事故情况,—,,,,M01_NOT_COLLECTED,年度生产安全事故情况；单位=等级,应急与安全部门,OFFICIAL_STATISTICS
NAT-013,C21,大气环境质量达标率,C,MONITORING_REQUIRED,园区环境空气质量达标情况,%,,,,M01_NOT_COLLECTED,园区环境空气质量达标情况；单位=%,生态环境部门,MONITORING_EXPORT
NAT-013,C22,地表水环境质量达标率,C,MONITORING_REQUIRED,园区地表水断面达标情况,%,,,,M01_NOT_COLLECTED,园区地表水断面达标情况；单位=%,生态环境部门,MONITORING_EXPORT
NAT-013,C23,地下水质量达标率,C,MONITORING_REQUIRED,地下水监测点位达标情况,%,,,,M01_NOT_COLLECTED,地下水监测点位达标情况；单位=%,生态环境部门,MONITORING_EXPORT
NAT-013,C24,土壤质量达标率,C,MONITORING_REQUIRED,土壤环境质量监测达标情况,%,,,,M01_NOT_COLLECTED,土壤环境质量监测达标情况；单位=%,生态环境部门,MONITORING_EXPORT
NAT-013,C31,单位工业总产值COD排放量,C,MONITORING_REQUIRED,单位工业总产值化学需氧量排放量,t/100m CNY,,,,M01_NOT_COLLECTED,COD排放量；同年度工业总产值；统计边界,生态环境部门,MONITORING_EXPORT
NAT-013,C32,单位工业总产值氨氮排放量,C,MONITORING_REQUIRED,单位工业总产值氨氮排放量,t/100m CNY,,,,M01_NOT_COLLECTED,NH3-N排放量；同年度工业总产值；统计边界,生态环境部门,MONITORING_EXPORT
NAT-013,C33,单位工业总产值SO₂排放量,C,MONITORING_REQUIRED,单位工业总产值二氧化硫排放量,t/100m CNY,,,,M01_NOT_COLLECTED,SO2排放量；同年度工业总产值；统计边界,生态环境部门,MONITORING_EXPORT
NAT-013,C34,单位工业总产值氮氧化物排放量,C,MONITORING_REQUIRED,单位工业总产值NOx排放量,t/100m CNY,,,,M01_NOT_COLLECTED,NOx排放量；同年度工业总产值；统计边界,生态环境部门,MONITORING_EXPORT
NAT-013,C35,单位工业总产值VOCs排放量,C,DEFINITION_PENDING,单位工业总产值挥发性有机物排放量,DEFINITION_PENDING,,,,M06_DEFINITION_UNCLEAR,VOCs排放量；同年度工业总产值；人工锁定定义,生态环境部门,MONITORING_EXPORT
NAT-013,C41,单位工业总产值新鲜取水量,C,MONITORING_REQUIRED,每单位工业产值消耗的新鲜水资源,"m3/10,000 CNY",,,,M01_NOT_COLLECTED,新鲜水取用量；工业增加值；统计年度；统计边界,水务部门,MONITORING_EXPORT
NAT-013,C42,再生水（中水）回用率,C,MONITORING_REQUIRED,再生水利用比例,%,,,,M01_NOT_COLLECTED,再生水实际利用量；园区总用水量；统计年度；统计边界,水务部门,MONITORING_EXPORT
NAT-013,C51,单位工业增加值能耗削减率,C,MONITORING_REQUIRED,单位工业增加值综合能耗下降幅度,"tce/10,000 CNY",,,,M01_NOT_COLLECTED,综合能源消费量；工业增加值；统计年度；统计边界,能源与碳管理部门,MONITORING_EXPORT
NAT-013,C52,绿色电力使用,C,MONITORING_REQUIRED,绿色电力消费比例,"tCO2/10,000 CNY",,,,M01_NOT_COLLECTED,CO2排放量；工业增加值；统计年度；统计边界,能源与碳管理部门,MONITORING_EXPORT
NAT-013,C53,单位工业增加值CO₂排放量削减率,C,MONITORING_REQUIRED,单位工业增加值碳排放下降幅度,%,,,,M01_NOT_COLLECTED,单位工业增加值碳排放下降幅度；单位=%,能源与碳管理部门,OFFICIAL_STATISTICS
NAT-013,C54,绿色工厂示范企业数量,C,PARK_SURVEY_REQUIRED,国家级、省级绿色工厂数量,count,,,,M01_NOT_COLLECTED,国家级、省级绿色工厂数量；单位=个,企业服务部门,OFFICIAL_STATISTICS
NAT-013,C55,示范创建数量,C,PUBLIC_AVAILABLE,国家级、省级绿色园区、绿色供应链等示范创建数量,category,1,2025,S3E-0040,,国家级、省级绿色园区、绿色供应链等示范创建数量；单位=级别,园区综合管理部门,OFFICIAL_RECOGNITION
NAT-013,D11,化工园区智慧化水平,D,MISSING,园区智慧管理平台建设情况，包括安全、环保、能源、应急、封闭化管理、公共服务等智慧化系统建设及运行情况。,ordinal evidence level,,,,M01_NOT_COLLECTED,园区智慧管理平台建设情况，包括安全、环保、能源、应急、封闭化管理、公共服务等智慧化系统建设及运行情况。；单位=等级,智慧园区管理部门,MANAGEMENT_SYSTEM_RECORD
NAT-013,D21,省级及以上认定的智能工厂数量,D,PARK_SURVEY_REQUIRED,园区内获得国家级、省级智能工厂（或智能制造示范工厂）认定的企业数量。,%,,,,M01_NOT_COLLECTED,园区内获得国家级、省级智能工厂（或智能制造示范工厂）认定的企业数量。；单位=个,企业服务部门,OFFICIAL_STATISTICS
NAT-014,A11,规模以上工业企业工业总产值,A,PARK_SURVEY_REQUIRED,园区规模以上工业企业工业总产值（亿元）,100 million CNY,,,,M01_NOT_COLLECTED,园区规模以上工业企业工业总产值（亿元）；单位=亿元,经济运行与统计部门,OFFICIAL_STATISTICS
NAT-014,A12,规模以上工业企业工业总产值增长率,A,PARK_SURVEY_REQUIRED,当年规模以上工业企业工业总产值增长率（%）,CNY/person,,,,M01_NOT_COLLECTED,当年规模以上工业企业工业总产值增长率（%）；单位=%,经济运行与统计部门,OFFICIAL_STATISTICS
NAT-014,A21,规模以上工业企业利润率,A,ENTERPRISE_REQUIRED,利润总额/营业收入×100%,%,,,,M01_NOT_COLLECTED,利润总额/营业收入×100%；单位=%,企业服务部门,AUDITED_ENTERPRISE_DATA
NAT-014,A22,工业增加值增长率,A,PARK_SURVEY_REQUIRED,当年工业增加值增长率（%）,%,,,,M01_NOT_COLLECTED,当年工业增加值增长率（%）；单位=%,经济运行与统计部门,OFFICIAL_STATISTICS
NAT-014,A23,人均产值,A,ENTERPRISE_REQUIRED,工业总产值÷从业人员数量（万元/人）,%,,,,M01_NOT_COLLECTED,工业总产值÷从业人员数量（万元/人）；单位=万元/人,企业服务部门,AUDITED_ENTERPRISE_DATA
NAT-014,A31,亩均投资强度,A,PARK_SURVEY_REQUIRED,固定资产投资÷工业用地面积（万元/亩）,mu,,,,M01_NOT_COLLECTED,固定资产投资÷工业用地面积（万元/亩）；单位=万元/亩,经济运行与统计部门,OFFICIAL_STATISTICS
NAT-014,A32,亩均产值,A,PARK_SURVEY_REQUIRED,工业总产值÷工业用地面积（万元/亩）,"10,000 CNY/mu",,,,M01_NOT_COLLECTED,工业总产值÷工业用地面积（万元/亩）；单位=万元/亩,经济运行与统计部门,OFFICIAL_STATISTICS
NAT-014,A33,亩均税收,A,PARK_SURVEY_REQUIRED,税收收入÷工业用地面积（万元/亩）,%,,,,M01_NOT_COLLECTED,税收收入÷工业用地面积（万元/亩）；单位=万元/亩,经济运行与统计部门,OFFICIAL_STATISTICS
NAT-014,A41,原料内供率,A,ENTERPRISE_REQUIRED,园区内企业原料互供比例,%,,,,M01_NOT_COLLECTED,园区内企业原料互供比例；单位=%,企业服务部门,AUDITED_ENTERPRISE_DATA
NAT-014,B11,研发投入占主营业务收入的比重,B,ENTERPRISE_REQUIRED,园区规模以上工业企业研发经费支出占主营业务收入比例（%）,%,,,,M01_NOT_COLLECTED,园区规模以上工业企业研发经费支出占主营业务收入比例（%）；单位=%,科技创新部门,AUDITED_ENTERPRISE_DATA
NAT-014,B12,优质企业数量,B,PARK_SURVEY_REQUIRED,"国家级制造业单项冠军企业、专精特新""小巨人""企业、高新技术企业等数量",count,,,,M01_NOT_COLLECTED,"国家级制造业单项冠军企业、专精特新""小巨人""企业、高新技术企业等数量；单位=个",企业服务部门,OFFICIAL_STATISTICS
NAT-014,B13,上市公司所属企业数量,B,ENTERPRISE_REQUIRED,园区内上市公司及其控股企业数量,%,,,,M01_NOT_COLLECTED,园区内上市公司及其控股企业数量；单位=个,企业服务部门,AUDITED_ENTERPRISE_DATA
NAT-014,B14,发明专利数,B,ENTERPRISE_REQUIRED,园区企业拥有的有效发明专利数量,count,,,,M01_NOT_COLLECTED,园区企业拥有的有效发明专利数量；单位=个,科技创新部门,AUDITED_ENTERPRISE_DATA
NAT-014,B15,标准制定数,B,ENTERPRISE_REQUIRED,主导或参与制定国际、国家、行业及团体标准数量,count,,,,M01_NOT_COLLECTED,主导或参与制定国际、国家、行业及团体标准数量；单位=项,科技创新部门,AUDITED_ENTERPRISE_DATA
NAT-014,B21,省级及以上研发机构数量,B,PARK_SURVEY_REQUIRED,国家级、省级重点实验室、工程研究中心、企业技术中心等创新平台数量,count,,,,M01_NOT_COLLECTED,国家级、省级重点实验室、工程研究中心、企业技术中心等创新平台数量；单位=个,科技创新部门,OFFICIAL_STATISTICS
NAT-014,B22,产学研用融合平台,B,ENTERPRISE_REQUIRED,与高校、科研院所共建的平台数量,count,,,,M01_NOT_COLLECTED,与高校、科研院所共建的平台数量；单位=个,科技创新部门,AUDITED_ENTERPRISE_DATA
NAT-014,B23,园区级以上中试基地,B,PARK_SURVEY_REQUIRED,已建成并投入运行的中试基地数量,count,,,,M01_NOT_COLLECTED,已建成并投入运行的中试基地数量；单位=是/否,科技创新部门,OFFICIAL_STATISTICS
NAT-014,B31,产学研合作程度,B,DEFINITION_PENDING,园区企业开展产学研合作项目情况,DEFINITION_PENDING,,,,M06_DEFINITION_UNCLEAR,园区企业开展产学研合作项目情况；单位=%,科技创新部门,OFFICIAL_STATISTICS
NAT-014,B32,技术引进,B,DEFINITION_PENDING,企业引进先进技术、成果转化情况,DEFINITION_PENDING,,,,M06_DEFINITION_UNCLEAR,企业引进先进技术、成果转化情况；单位=%,科技创新部门,OFFICIAL_STATISTICS
NAT-014,B41,科技成果转化率,B,ENTERPRISE_REQUIRED,科技成果产业化、转化实施情况,count,,,,M01_NOT_COLLECTED,科技成果产业化、转化实施情况；单位=%,科技创新部门,AUDITED_ENTERPRISE_DATA
NAT-014,B42,产业精细化率,B,MISSING,精细化工及高端化工产品占比,count,,,,M01_NOT_COLLECTED,精细化工及高端化工产品占比；单位=%,企业服务部门,OFFICIAL_STATISTICS
NAT-014,C11,危险化学品从业单位安全生产标准化建设,C,MISSING,园区危险化学品生产、经营、储存等企业安全生产标准化建设情况,—,,,,M01_NOT_COLLECTED,园区危险化学品生产、经营、储存等企业安全生产标准化建设情况；单位=%,应急与安全部门,OFFICIAL_STATISTICS
NAT-014,C12,安全风险等级,C,MISSING,园区整体安全风险等级评估结果,—,,,,M01_NOT_COLLECTED,园区整体安全风险等级评估结果；单位=等级,应急与安全部门,OFFICIAL_STATISTICS
NAT-014,C13,安全生产事故发生等级,C,MISSING,年度生产安全事故情况,—,,,,M01_NOT_COLLECTED,年度生产安全事故情况；单位=等级,应急与安全部门,OFFICIAL_STATISTICS
NAT-014,C21,大气环境质量达标率,C,MONITORING_REQUIRED,园区环境空气质量达标情况,%,,,,M01_NOT_COLLECTED,园区环境空气质量达标情况；单位=%,生态环境部门,MONITORING_EXPORT
NAT-014,C22,地表水环境质量达标率,C,MONITORING_REQUIRED,园区地表水断面达标情况,%,,,,M01_NOT_COLLECTED,园区地表水断面达标情况；单位=%,生态环境部门,MONITORING_EXPORT
NAT-014,C23,地下水质量达标率,C,MONITORING_REQUIRED,地下水监测点位达标情况,%,,,,M01_NOT_COLLECTED,地下水监测点位达标情况；单位=%,生态环境部门,MONITORING_EXPORT
NAT-014,C24,土壤质量达标率,C,MONITORING_REQUIRED,土壤环境质量监测达标情况,%,,,,M01_NOT_COLLECTED,土壤环境质量监测达标情况；单位=%,生态环境部门,MONITORING_EXPORT
NAT-014,C31,单位工业总产值COD排放量,C,MONITORING_REQUIRED,单位工业总产值化学需氧量排放量,t/100m CNY,,,,M01_NOT_COLLECTED,COD排放量；同年度工业总产值；统计边界,生态环境部门,MONITORING_EXPORT
NAT-014,C32,单位工业总产值氨氮排放量,C,MONITORING_REQUIRED,单位工业总产值氨氮排放量,t/100m CNY,,,,M01_NOT_COLLECTED,NH3-N排放量；同年度工业总产值；统计边界,生态环境部门,MONITORING_EXPORT
NAT-014,C33,单位工业总产值SO₂排放量,C,MONITORING_REQUIRED,单位工业总产值二氧化硫排放量,t/100m CNY,,,,M01_NOT_COLLECTED,SO2排放量；同年度工业总产值；统计边界,生态环境部门,MONITORING_EXPORT
NAT-014,C34,单位工业总产值氮氧化物排放量,C,MONITORING_REQUIRED,单位工业总产值NOx排放量,t/100m CNY,,,,M01_NOT_COLLECTED,NOx排放量；同年度工业总产值；统计边界,生态环境部门,MONITORING_EXPORT
NAT-014,C35,单位工业总产值VOCs排放量,C,DEFINITION_PENDING,单位工业总产值挥发性有机物排放量,DEFINITION_PENDING,,,,M06_DEFINITION_UNCLEAR,VOCs排放量；同年度工业总产值；人工锁定定义,生态环境部门,MONITORING_EXPORT
NAT-014,C41,单位工业总产值新鲜取水量,C,MONITORING_REQUIRED,每单位工业产值消耗的新鲜水资源,"m3/10,000 CNY",,,,M01_NOT_COLLECTED,新鲜水取用量；工业增加值；统计年度；统计边界,水务部门,MONITORING_EXPORT
NAT-014,C42,再生水（中水）回用率,C,MONITORING_REQUIRED,再生水利用比例,%,,,,M01_NOT_COLLECTED,再生水实际利用量；园区总用水量；统计年度；统计边界,水务部门,MONITORING_EXPORT
NAT-014,C51,单位工业增加值能耗削减率,C,MONITORING_REQUIRED,单位工业增加值综合能耗下降幅度,"tce/10,000 CNY",,,,M01_NOT_COLLECTED,综合能源消费量；工业增加值；统计年度；统计边界,能源与碳管理部门,MONITORING_EXPORT
NAT-014,C52,绿色电力使用,C,MONITORING_REQUIRED,绿色电力消费比例,"tCO2/10,000 CNY",,,,M01_NOT_COLLECTED,CO2排放量；工业增加值；统计年度；统计边界,能源与碳管理部门,MONITORING_EXPORT
NAT-014,C53,单位工业增加值CO₂排放量削减率,C,MONITORING_REQUIRED,单位工业增加值碳排放下降幅度,%,,,,M01_NOT_COLLECTED,单位工业增加值碳排放下降幅度；单位=%,能源与碳管理部门,OFFICIAL_STATISTICS
NAT-014,C54,绿色工厂示范企业数量,C,PARK_SURVEY_REQUIRED,国家级、省级绿色工厂数量,count,,,,M01_NOT_COLLECTED,国家级、省级绿色工厂数量；单位=个,企业服务部门,OFFICIAL_STATISTICS
NAT-014,C55,示范创建数量,C,PUBLIC_AVAILABLE,国家级、省级绿色园区、绿色供应链等示范创建数量,category,1,2025,S3E-0041,,国家级、省级绿色园区、绿色供应链等示范创建数量；单位=级别,园区综合管理部门,OFFICIAL_RECOGNITION
NAT-014,D11,化工园区智慧化水平,D,MISSING,园区智慧管理平台建设情况，包括安全、环保、能源、应急、封闭化管理、公共服务等智慧化系统建设及运行情况。,ordinal evidence level,,,,M01_NOT_COLLECTED,园区智慧管理平台建设情况，包括安全、环保、能源、应急、封闭化管理、公共服务等智慧化系统建设及运行情况。；单位=等级,智慧园区管理部门,MANAGEMENT_SYSTEM_RECORD
NAT-014,D21,省级及以上认定的智能工厂数量,D,PARK_SURVEY_REQUIRED,园区内获得国家级、省级智能工厂（或智能制造示范工厂）认定的企业数量。,%,,,,M01_NOT_COLLECTED,园区内获得国家级、省级智能工厂（或智能制造示范工厂）认定的企业数量。；单位=个,企业服务部门,OFFICIAL_STATISTICS
NAT-015,A11,规模以上工业企业工业总产值,A,PARK_SURVEY_REQUIRED,园区规模以上工业企业工业总产值（亿元）,100 million CNY,,,,M01_NOT_COLLECTED,园区规模以上工业企业工业总产值（亿元）；单位=亿元,经济运行与统计部门,OFFICIAL_STATISTICS
NAT-015,A12,规模以上工业企业工业总产值增长率,A,PARK_SURVEY_REQUIRED,当年规模以上工业企业工业总产值增长率（%）,CNY/person,,,,M01_NOT_COLLECTED,当年规模以上工业企业工业总产值增长率（%）；单位=%,经济运行与统计部门,OFFICIAL_STATISTICS
NAT-015,A21,规模以上工业企业利润率,A,ENTERPRISE_REQUIRED,利润总额/营业收入×100%,%,,,,M01_NOT_COLLECTED,利润总额/营业收入×100%；单位=%,企业服务部门,AUDITED_ENTERPRISE_DATA
NAT-015,A22,工业增加值增长率,A,PARK_SURVEY_REQUIRED,当年工业增加值增长率（%）,%,,,,M01_NOT_COLLECTED,当年工业增加值增长率（%）；单位=%,经济运行与统计部门,OFFICIAL_STATISTICS
NAT-015,A23,人均产值,A,ENTERPRISE_REQUIRED,工业总产值÷从业人员数量（万元/人）,%,,,,M01_NOT_COLLECTED,工业总产值÷从业人员数量（万元/人）；单位=万元/人,企业服务部门,AUDITED_ENTERPRISE_DATA
NAT-015,A31,亩均投资强度,A,PARK_SURVEY_REQUIRED,固定资产投资÷工业用地面积（万元/亩）,mu,,,,M01_NOT_COLLECTED,固定资产投资÷工业用地面积（万元/亩）；单位=万元/亩,经济运行与统计部门,OFFICIAL_STATISTICS
NAT-015,A32,亩均产值,A,PARK_SURVEY_REQUIRED,工业总产值÷工业用地面积（万元/亩）,"10,000 CNY/mu",,,,M01_NOT_COLLECTED,工业总产值÷工业用地面积（万元/亩）；单位=万元/亩,经济运行与统计部门,OFFICIAL_STATISTICS
NAT-015,A33,亩均税收,A,PARK_SURVEY_REQUIRED,税收收入÷工业用地面积（万元/亩）,%,,,,M01_NOT_COLLECTED,税收收入÷工业用地面积（万元/亩）；单位=万元/亩,经济运行与统计部门,OFFICIAL_STATISTICS
NAT-015,A41,原料内供率,A,ENTERPRISE_REQUIRED,园区内企业原料互供比例,%,,,,M01_NOT_COLLECTED,园区内企业原料互供比例；单位=%,企业服务部门,AUDITED_ENTERPRISE_DATA
NAT-015,B11,研发投入占主营业务收入的比重,B,ENTERPRISE_REQUIRED,园区规模以上工业企业研发经费支出占主营业务收入比例（%）,%,,,,M01_NOT_COLLECTED,园区规模以上工业企业研发经费支出占主营业务收入比例（%）；单位=%,科技创新部门,AUDITED_ENTERPRISE_DATA
NAT-015,B12,优质企业数量,B,PARK_SURVEY_REQUIRED,"国家级制造业单项冠军企业、专精特新""小巨人""企业、高新技术企业等数量",count,,,,M01_NOT_COLLECTED,"国家级制造业单项冠军企业、专精特新""小巨人""企业、高新技术企业等数量；单位=个",企业服务部门,OFFICIAL_STATISTICS
NAT-015,B13,上市公司所属企业数量,B,ENTERPRISE_REQUIRED,园区内上市公司及其控股企业数量,%,,,,M01_NOT_COLLECTED,园区内上市公司及其控股企业数量；单位=个,企业服务部门,AUDITED_ENTERPRISE_DATA
NAT-015,B14,发明专利数,B,ENTERPRISE_REQUIRED,园区企业拥有的有效发明专利数量,count,,,,M01_NOT_COLLECTED,园区企业拥有的有效发明专利数量；单位=个,科技创新部门,AUDITED_ENTERPRISE_DATA
NAT-015,B15,标准制定数,B,ENTERPRISE_REQUIRED,主导或参与制定国际、国家、行业及团体标准数量,count,,,,M01_NOT_COLLECTED,主导或参与制定国际、国家、行业及团体标准数量；单位=项,科技创新部门,AUDITED_ENTERPRISE_DATA
NAT-015,B21,省级及以上研发机构数量,B,PARK_SURVEY_REQUIRED,国家级、省级重点实验室、工程研究中心、企业技术中心等创新平台数量,count,,,,M01_NOT_COLLECTED,国家级、省级重点实验室、工程研究中心、企业技术中心等创新平台数量；单位=个,科技创新部门,OFFICIAL_STATISTICS
NAT-015,B22,产学研用融合平台,B,ENTERPRISE_REQUIRED,与高校、科研院所共建的平台数量,count,,,,M01_NOT_COLLECTED,与高校、科研院所共建的平台数量；单位=个,科技创新部门,AUDITED_ENTERPRISE_DATA
NAT-015,B23,园区级以上中试基地,B,PARK_SURVEY_REQUIRED,已建成并投入运行的中试基地数量,count,,,,M01_NOT_COLLECTED,已建成并投入运行的中试基地数量；单位=是/否,科技创新部门,OFFICIAL_STATISTICS
NAT-015,B31,产学研合作程度,B,DEFINITION_PENDING,园区企业开展产学研合作项目情况,DEFINITION_PENDING,,,,M06_DEFINITION_UNCLEAR,园区企业开展产学研合作项目情况；单位=%,科技创新部门,OFFICIAL_STATISTICS
NAT-015,B32,技术引进,B,DEFINITION_PENDING,企业引进先进技术、成果转化情况,DEFINITION_PENDING,,,,M06_DEFINITION_UNCLEAR,企业引进先进技术、成果转化情况；单位=%,科技创新部门,OFFICIAL_STATISTICS
NAT-015,B41,科技成果转化率,B,ENTERPRISE_REQUIRED,科技成果产业化、转化实施情况,count,,,,M01_NOT_COLLECTED,科技成果产业化、转化实施情况；单位=%,科技创新部门,AUDITED_ENTERPRISE_DATA
NAT-015,B42,产业精细化率,B,MISSING,精细化工及高端化工产品占比,count,,,,M01_NOT_COLLECTED,精细化工及高端化工产品占比；单位=%,企业服务部门,OFFICIAL_STATISTICS
NAT-015,C11,危险化学品从业单位安全生产标准化建设,C,MISSING,园区危险化学品生产、经营、储存等企业安全生产标准化建设情况,—,,,,M01_NOT_COLLECTED,园区危险化学品生产、经营、储存等企业安全生产标准化建设情况；单位=%,应急与安全部门,OFFICIAL_STATISTICS
NAT-015,C12,安全风险等级,C,MISSING,园区整体安全风险等级评估结果,—,,,,M01_NOT_COLLECTED,园区整体安全风险等级评估结果；单位=等级,应急与安全部门,OFFICIAL_STATISTICS
NAT-015,C13,安全生产事故发生等级,C,MISSING,年度生产安全事故情况,—,,,,M01_NOT_COLLECTED,年度生产安全事故情况；单位=等级,应急与安全部门,OFFICIAL_STATISTICS
NAT-015,C21,大气环境质量达标率,C,MONITORING_REQUIRED,园区环境空气质量达标情况,%,,,,M01_NOT_COLLECTED,园区环境空气质量达标情况；单位=%,生态环境部门,MONITORING_EXPORT
NAT-015,C22,地表水环境质量达标率,C,MONITORING_REQUIRED,园区地表水断面达标情况,%,,,,M01_NOT_COLLECTED,园区地表水断面达标情况；单位=%,生态环境部门,MONITORING_EXPORT
NAT-015,C23,地下水质量达标率,C,MONITORING_REQUIRED,地下水监测点位达标情况,%,,,,M01_NOT_COLLECTED,地下水监测点位达标情况；单位=%,生态环境部门,MONITORING_EXPORT
NAT-015,C24,土壤质量达标率,C,MONITORING_REQUIRED,土壤环境质量监测达标情况,%,,,,M01_NOT_COLLECTED,土壤环境质量监测达标情况；单位=%,生态环境部门,MONITORING_EXPORT
NAT-015,C31,单位工业总产值COD排放量,C,MONITORING_REQUIRED,单位工业总产值化学需氧量排放量,t/100m CNY,,,,M01_NOT_COLLECTED,COD排放量；同年度工业总产值；统计边界,生态环境部门,MONITORING_EXPORT
NAT-015,C32,单位工业总产值氨氮排放量,C,MONITORING_REQUIRED,单位工业总产值氨氮排放量,t/100m CNY,,,,M01_NOT_COLLECTED,NH3-N排放量；同年度工业总产值；统计边界,生态环境部门,MONITORING_EXPORT
NAT-015,C33,单位工业总产值SO₂排放量,C,MONITORING_REQUIRED,单位工业总产值二氧化硫排放量,t/100m CNY,,,,M01_NOT_COLLECTED,SO2排放量；同年度工业总产值；统计边界,生态环境部门,MONITORING_EXPORT
NAT-015,C34,单位工业总产值氮氧化物排放量,C,MONITORING_REQUIRED,单位工业总产值NOx排放量,t/100m CNY,,,,M01_NOT_COLLECTED,NOx排放量；同年度工业总产值；统计边界,生态环境部门,MONITORING_EXPORT
NAT-015,C35,单位工业总产值VOCs排放量,C,DEFINITION_PENDING,单位工业总产值挥发性有机物排放量,DEFINITION_PENDING,,,,M06_DEFINITION_UNCLEAR,VOCs排放量；同年度工业总产值；人工锁定定义,生态环境部门,MONITORING_EXPORT
NAT-015,C41,单位工业总产值新鲜取水量,C,MONITORING_REQUIRED,每单位工业产值消耗的新鲜水资源,"m3/10,000 CNY",,,,M01_NOT_COLLECTED,新鲜水取用量；工业增加值；统计年度；统计边界,水务部门,MONITORING_EXPORT
NAT-015,C42,再生水（中水）回用率,C,MONITORING_REQUIRED,再生水利用比例,%,,,,M01_NOT_COLLECTED,再生水实际利用量；园区总用水量；统计年度；统计边界,水务部门,MONITORING_EXPORT
NAT-015,C51,单位工业增加值能耗削减率,C,MONITORING_REQUIRED,单位工业增加值综合能耗下降幅度,"tce/10,000 CNY",,,,M01_NOT_COLLECTED,综合能源消费量；工业增加值；统计年度；统计边界,能源与碳管理部门,MONITORING_EXPORT
NAT-015,C52,绿色电力使用,C,MONITORING_REQUIRED,绿色电力消费比例,"tCO2/10,000 CNY",,,,M01_NOT_COLLECTED,CO2排放量；工业增加值；统计年度；统计边界,能源与碳管理部门,MONITORING_EXPORT
NAT-015,C53,单位工业增加值CO₂排放量削减率,C,MONITORING_REQUIRED,单位工业增加值碳排放下降幅度,%,,,,M01_NOT_COLLECTED,单位工业增加值碳排放下降幅度；单位=%,能源与碳管理部门,OFFICIAL_STATISTICS
NAT-015,C54,绿色工厂示范企业数量,C,PARK_SURVEY_REQUIRED,国家级、省级绿色工厂数量,count,,,,M01_NOT_COLLECTED,国家级、省级绿色工厂数量；单位=个,企业服务部门,OFFICIAL_STATISTICS
NAT-015,C55,示范创建数量,C,PUBLIC_AVAILABLE,国家级、省级绿色园区、绿色供应链等示范创建数量,category,1,2025,S3E-0042,,国家级、省级绿色园区、绿色供应链等示范创建数量；单位=级别,园区综合管理部门,OFFICIAL_RECOGNITION
NAT-015,D11,化工园区智慧化水平,D,MISSING,园区智慧管理平台建设情况，包括安全、环保、能源、应急、封闭化管理、公共服务等智慧化系统建设及运行情况。,ordinal evidence level,,,,M01_NOT_COLLECTED,园区智慧管理平台建设情况，包括安全、环保、能源、应急、封闭化管理、公共服务等智慧化系统建设及运行情况。；单位=等级,智慧园区管理部门,MANAGEMENT_SYSTEM_RECORD
NAT-015,D21,省级及以上认定的智能工厂数量,D,PARK_SURVEY_REQUIRED,园区内获得国家级、省级智能工厂（或智能制造示范工厂）认定的企业数量。,%,,,,M01_NOT_COLLECTED,园区内获得国家级、省级智能工厂（或智能制造示范工厂）认定的企业数量。；单位=个,企业服务部门,OFFICIAL_STATISTICS
NAT-016,A11,规模以上工业企业工业总产值,A,PARK_SURVEY_REQUIRED,园区规模以上工业企业工业总产值（亿元）,100 million CNY,,,,M01_NOT_COLLECTED,园区规模以上工业企业工业总产值（亿元）；单位=亿元,经济运行与统计部门,OFFICIAL_STATISTICS
NAT-016,A12,规模以上工业企业工业总产值增长率,A,PARK_SURVEY_REQUIRED,当年规模以上工业企业工业总产值增长率（%）,CNY/person,,,,M01_NOT_COLLECTED,当年规模以上工业企业工业总产值增长率（%）；单位=%,经济运行与统计部门,OFFICIAL_STATISTICS
NAT-016,A21,规模以上工业企业利润率,A,ENTERPRISE_REQUIRED,利润总额/营业收入×100%,%,,,,M01_NOT_COLLECTED,利润总额/营业收入×100%；单位=%,企业服务部门,AUDITED_ENTERPRISE_DATA
NAT-016,A22,工业增加值增长率,A,PARK_SURVEY_REQUIRED,当年工业增加值增长率（%）,%,,,,M01_NOT_COLLECTED,当年工业增加值增长率（%）；单位=%,经济运行与统计部门,OFFICIAL_STATISTICS
NAT-016,A23,人均产值,A,ENTERPRISE_REQUIRED,工业总产值÷从业人员数量（万元/人）,%,,,,M01_NOT_COLLECTED,工业总产值÷从业人员数量（万元/人）；单位=万元/人,企业服务部门,AUDITED_ENTERPRISE_DATA
NAT-016,A31,亩均投资强度,A,PARK_SURVEY_REQUIRED,固定资产投资÷工业用地面积（万元/亩）,mu,,,,M01_NOT_COLLECTED,固定资产投资÷工业用地面积（万元/亩）；单位=万元/亩,经济运行与统计部门,OFFICIAL_STATISTICS
NAT-016,A32,亩均产值,A,PARK_SURVEY_REQUIRED,工业总产值÷工业用地面积（万元/亩）,"10,000 CNY/mu",,,,M01_NOT_COLLECTED,工业总产值÷工业用地面积（万元/亩）；单位=万元/亩,经济运行与统计部门,OFFICIAL_STATISTICS
NAT-016,A33,亩均税收,A,PARK_SURVEY_REQUIRED,税收收入÷工业用地面积（万元/亩）,%,,,,M01_NOT_COLLECTED,税收收入÷工业用地面积（万元/亩）；单位=万元/亩,经济运行与统计部门,OFFICIAL_STATISTICS
NAT-016,A41,原料内供率,A,ENTERPRISE_REQUIRED,园区内企业原料互供比例,%,,,,M01_NOT_COLLECTED,园区内企业原料互供比例；单位=%,企业服务部门,AUDITED_ENTERPRISE_DATA
NAT-016,B11,研发投入占主营业务收入的比重,B,ENTERPRISE_REQUIRED,园区规模以上工业企业研发经费支出占主营业务收入比例（%）,%,,,,M01_NOT_COLLECTED,园区规模以上工业企业研发经费支出占主营业务收入比例（%）；单位=%,科技创新部门,AUDITED_ENTERPRISE_DATA
NAT-016,B12,优质企业数量,B,PARK_SURVEY_REQUIRED,"国家级制造业单项冠军企业、专精特新""小巨人""企业、高新技术企业等数量",count,,,,M01_NOT_COLLECTED,"国家级制造业单项冠军企业、专精特新""小巨人""企业、高新技术企业等数量；单位=个",企业服务部门,OFFICIAL_STATISTICS
NAT-016,B13,上市公司所属企业数量,B,ENTERPRISE_REQUIRED,园区内上市公司及其控股企业数量,%,,,,M01_NOT_COLLECTED,园区内上市公司及其控股企业数量；单位=个,企业服务部门,AUDITED_ENTERPRISE_DATA
NAT-016,B14,发明专利数,B,ENTERPRISE_REQUIRED,园区企业拥有的有效发明专利数量,count,,,,M01_NOT_COLLECTED,园区企业拥有的有效发明专利数量；单位=个,科技创新部门,AUDITED_ENTERPRISE_DATA
NAT-016,B15,标准制定数,B,ENTERPRISE_REQUIRED,主导或参与制定国际、国家、行业及团体标准数量,count,,,,M01_NOT_COLLECTED,主导或参与制定国际、国家、行业及团体标准数量；单位=项,科技创新部门,AUDITED_ENTERPRISE_DATA
NAT-016,B21,省级及以上研发机构数量,B,PARK_SURVEY_REQUIRED,国家级、省级重点实验室、工程研究中心、企业技术中心等创新平台数量,count,,,,M01_NOT_COLLECTED,国家级、省级重点实验室、工程研究中心、企业技术中心等创新平台数量；单位=个,科技创新部门,OFFICIAL_STATISTICS
NAT-016,B22,产学研用融合平台,B,ENTERPRISE_REQUIRED,与高校、科研院所共建的平台数量,count,,,,M01_NOT_COLLECTED,与高校、科研院所共建的平台数量；单位=个,科技创新部门,AUDITED_ENTERPRISE_DATA
NAT-016,B23,园区级以上中试基地,B,PARK_SURVEY_REQUIRED,已建成并投入运行的中试基地数量,count,,,,M01_NOT_COLLECTED,已建成并投入运行的中试基地数量；单位=是/否,科技创新部门,OFFICIAL_STATISTICS
NAT-016,B31,产学研合作程度,B,DEFINITION_PENDING,园区企业开展产学研合作项目情况,DEFINITION_PENDING,,,,M06_DEFINITION_UNCLEAR,园区企业开展产学研合作项目情况；单位=%,科技创新部门,OFFICIAL_STATISTICS
NAT-016,B32,技术引进,B,DEFINITION_PENDING,企业引进先进技术、成果转化情况,DEFINITION_PENDING,,,,M06_DEFINITION_UNCLEAR,企业引进先进技术、成果转化情况；单位=%,科技创新部门,OFFICIAL_STATISTICS
NAT-016,B41,科技成果转化率,B,ENTERPRISE_REQUIRED,科技成果产业化、转化实施情况,count,,,,M01_NOT_COLLECTED,科技成果产业化、转化实施情况；单位=%,科技创新部门,AUDITED_ENTERPRISE_DATA
NAT-016,B42,产业精细化率,B,MISSING,精细化工及高端化工产品占比,count,,,,M01_NOT_COLLECTED,精细化工及高端化工产品占比；单位=%,企业服务部门,OFFICIAL_STATISTICS
NAT-016,C11,危险化学品从业单位安全生产标准化建设,C,MISSING,园区危险化学品生产、经营、储存等企业安全生产标准化建设情况,—,,,,M01_NOT_COLLECTED,园区危险化学品生产、经营、储存等企业安全生产标准化建设情况；单位=%,应急与安全部门,OFFICIAL_STATISTICS
NAT-016,C12,安全风险等级,C,MISSING,园区整体安全风险等级评估结果,—,,,,M01_NOT_COLLECTED,园区整体安全风险等级评估结果；单位=等级,应急与安全部门,OFFICIAL_STATISTICS
NAT-016,C13,安全生产事故发生等级,C,MISSING,年度生产安全事故情况,—,,,,M01_NOT_COLLECTED,年度生产安全事故情况；单位=等级,应急与安全部门,OFFICIAL_STATISTICS
NAT-016,C21,大气环境质量达标率,C,MONITORING_REQUIRED,园区环境空气质量达标情况,%,,,,M01_NOT_COLLECTED,园区环境空气质量达标情况；单位=%,生态环境部门,MONITORING_EXPORT
NAT-016,C22,地表水环境质量达标率,C,MONITORING_REQUIRED,园区地表水断面达标情况,%,,,,M01_NOT_COLLECTED,园区地表水断面达标情况；单位=%,生态环境部门,MONITORING_EXPORT
NAT-016,C23,地下水质量达标率,C,MONITORING_REQUIRED,地下水监测点位达标情况,%,,,,M01_NOT_COLLECTED,地下水监测点位达标情况；单位=%,生态环境部门,MONITORING_EXPORT
NAT-016,C24,土壤质量达标率,C,MONITORING_REQUIRED,土壤环境质量监测达标情况,%,,,,M01_NOT_COLLECTED,土壤环境质量监测达标情况；单位=%,生态环境部门,MONITORING_EXPORT
NAT-016,C31,单位工业总产值COD排放量,C,MONITORING_REQUIRED,单位工业总产值化学需氧量排放量,t/100m CNY,,,,M01_NOT_COLLECTED,COD排放量；同年度工业总产值；统计边界,生态环境部门,MONITORING_EXPORT
NAT-016,C32,单位工业总产值氨氮排放量,C,MONITORING_REQUIRED,单位工业总产值氨氮排放量,t/100m CNY,,,,M01_NOT_COLLECTED,NH3-N排放量；同年度工业总产值；统计边界,生态环境部门,MONITORING_EXPORT
NAT-016,C33,单位工业总产值SO₂排放量,C,MONITORING_REQUIRED,单位工业总产值二氧化硫排放量,t/100m CNY,,,,M01_NOT_COLLECTED,SO2排放量；同年度工业总产值；统计边界,生态环境部门,MONITORING_EXPORT
NAT-016,C34,单位工业总产值氮氧化物排放量,C,MONITORING_REQUIRED,单位工业总产值NOx排放量,t/100m CNY,,,,M01_NOT_COLLECTED,NOx排放量；同年度工业总产值；统计边界,生态环境部门,MONITORING_EXPORT
NAT-016,C35,单位工业总产值VOCs排放量,C,DEFINITION_PENDING,单位工业总产值挥发性有机物排放量,DEFINITION_PENDING,,,,M06_DEFINITION_UNCLEAR,VOCs排放量；同年度工业总产值；人工锁定定义,生态环境部门,MONITORING_EXPORT
NAT-016,C41,单位工业总产值新鲜取水量,C,MONITORING_REQUIRED,每单位工业产值消耗的新鲜水资源,"m3/10,000 CNY",,,,M01_NOT_COLLECTED,新鲜水取用量；工业增加值；统计年度；统计边界,水务部门,MONITORING_EXPORT
NAT-016,C42,再生水（中水）回用率,C,MONITORING_REQUIRED,再生水利用比例,%,,,,M01_NOT_COLLECTED,再生水实际利用量；园区总用水量；统计年度；统计边界,水务部门,MONITORING_EXPORT
NAT-016,C51,单位工业增加值能耗削减率,C,MONITORING_REQUIRED,单位工业增加值综合能耗下降幅度,"tce/10,000 CNY",,,,M01_NOT_COLLECTED,综合能源消费量；工业增加值；统计年度；统计边界,能源与碳管理部门,MONITORING_EXPORT
NAT-016,C52,绿色电力使用,C,MONITORING_REQUIRED,绿色电力消费比例,"tCO2/10,000 CNY",,,,M01_NOT_COLLECTED,CO2排放量；工业增加值；统计年度；统计边界,能源与碳管理部门,MONITORING_EXPORT
NAT-016,C53,单位工业增加值CO₂排放量削减率,C,MONITORING_REQUIRED,单位工业增加值碳排放下降幅度,%,,,,M01_NOT_COLLECTED,单位工业增加值碳排放下降幅度；单位=%,能源与碳管理部门,OFFICIAL_STATISTICS
NAT-016,C54,绿色工厂示范企业数量,C,PARK_SURVEY_REQUIRED,国家级、省级绿色工厂数量,count,,,,M01_NOT_COLLECTED,国家级、省级绿色工厂数量；单位=个,企业服务部门,OFFICIAL_STATISTICS
NAT-016,C55,示范创建数量,C,PUBLIC_AVAILABLE,国家级、省级绿色园区、绿色供应链等示范创建数量,category,1,2025,S3E-0043,,国家级、省级绿色园区、绿色供应链等示范创建数量；单位=级别,园区综合管理部门,OFFICIAL_RECOGNITION
NAT-016,D11,化工园区智慧化水平,D,MISSING,园区智慧管理平台建设情况，包括安全、环保、能源、应急、封闭化管理、公共服务等智慧化系统建设及运行情况。,ordinal evidence level,,,,M01_NOT_COLLECTED,园区智慧管理平台建设情况，包括安全、环保、能源、应急、封闭化管理、公共服务等智慧化系统建设及运行情况。；单位=等级,智慧园区管理部门,MANAGEMENT_SYSTEM_RECORD
NAT-016,D21,省级及以上认定的智能工厂数量,D,PARK_SURVEY_REQUIRED,园区内获得国家级、省级智能工厂（或智能制造示范工厂）认定的企业数量。,%,,,,M01_NOT_COLLECTED,园区内获得国家级、省级智能工厂（或智能制造示范工厂）认定的企业数量。；单位=个,企业服务部门,OFFICIAL_STATISTICS
NAT-017,A11,规模以上工业企业工业总产值,A,PARK_SURVEY_REQUIRED,园区规模以上工业企业工业总产值（亿元）,100 million CNY,,,,M01_NOT_COLLECTED,园区规模以上工业企业工业总产值（亿元）；单位=亿元,经济运行与统计部门,OFFICIAL_STATISTICS
NAT-017,A12,规模以上工业企业工业总产值增长率,A,PARK_SURVEY_REQUIRED,当年规模以上工业企业工业总产值增长率（%）,CNY/person,,,,M01_NOT_COLLECTED,当年规模以上工业企业工业总产值增长率（%）；单位=%,经济运行与统计部门,OFFICIAL_STATISTICS
NAT-017,A21,规模以上工业企业利润率,A,ENTERPRISE_REQUIRED,利润总额/营业收入×100%,%,,,,M01_NOT_COLLECTED,利润总额/营业收入×100%；单位=%,企业服务部门,AUDITED_ENTERPRISE_DATA
NAT-017,A22,工业增加值增长率,A,PARK_SURVEY_REQUIRED,当年工业增加值增长率（%）,%,,,,M01_NOT_COLLECTED,当年工业增加值增长率（%）；单位=%,经济运行与统计部门,OFFICIAL_STATISTICS
NAT-017,A23,人均产值,A,ENTERPRISE_REQUIRED,工业总产值÷从业人员数量（万元/人）,%,,,,M01_NOT_COLLECTED,工业总产值÷从业人员数量（万元/人）；单位=万元/人,企业服务部门,AUDITED_ENTERPRISE_DATA
NAT-017,A31,亩均投资强度,A,PARK_SURVEY_REQUIRED,固定资产投资÷工业用地面积（万元/亩）,mu,,,,M01_NOT_COLLECTED,固定资产投资÷工业用地面积（万元/亩）；单位=万元/亩,经济运行与统计部门,OFFICIAL_STATISTICS
NAT-017,A32,亩均产值,A,PARK_SURVEY_REQUIRED,工业总产值÷工业用地面积（万元/亩）,"10,000 CNY/mu",,,,M01_NOT_COLLECTED,工业总产值÷工业用地面积（万元/亩）；单位=万元/亩,经济运行与统计部门,OFFICIAL_STATISTICS
NAT-017,A33,亩均税收,A,PARK_SURVEY_REQUIRED,税收收入÷工业用地面积（万元/亩）,%,,,,M01_NOT_COLLECTED,税收收入÷工业用地面积（万元/亩）；单位=万元/亩,经济运行与统计部门,OFFICIAL_STATISTICS
NAT-017,A41,原料内供率,A,ENTERPRISE_REQUIRED,园区内企业原料互供比例,%,,,,M01_NOT_COLLECTED,园区内企业原料互供比例；单位=%,企业服务部门,AUDITED_ENTERPRISE_DATA
NAT-017,B11,研发投入占主营业务收入的比重,B,ENTERPRISE_REQUIRED,园区规模以上工业企业研发经费支出占主营业务收入比例（%）,%,,,,M01_NOT_COLLECTED,园区规模以上工业企业研发经费支出占主营业务收入比例（%）；单位=%,科技创新部门,AUDITED_ENTERPRISE_DATA
NAT-017,B12,优质企业数量,B,PARK_SURVEY_REQUIRED,"国家级制造业单项冠军企业、专精特新""小巨人""企业、高新技术企业等数量",count,,,,M01_NOT_COLLECTED,"国家级制造业单项冠军企业、专精特新""小巨人""企业、高新技术企业等数量；单位=个",企业服务部门,OFFICIAL_STATISTICS
NAT-017,B13,上市公司所属企业数量,B,ENTERPRISE_REQUIRED,园区内上市公司及其控股企业数量,%,,,,M01_NOT_COLLECTED,园区内上市公司及其控股企业数量；单位=个,企业服务部门,AUDITED_ENTERPRISE_DATA
NAT-017,B14,发明专利数,B,ENTERPRISE_REQUIRED,园区企业拥有的有效发明专利数量,count,,,,M01_NOT_COLLECTED,园区企业拥有的有效发明专利数量；单位=个,科技创新部门,AUDITED_ENTERPRISE_DATA
NAT-017,B15,标准制定数,B,ENTERPRISE_REQUIRED,主导或参与制定国际、国家、行业及团体标准数量,count,,,,M01_NOT_COLLECTED,主导或参与制定国际、国家、行业及团体标准数量；单位=项,科技创新部门,AUDITED_ENTERPRISE_DATA
NAT-017,B21,省级及以上研发机构数量,B,PARK_SURVEY_REQUIRED,国家级、省级重点实验室、工程研究中心、企业技术中心等创新平台数量,count,,,,M01_NOT_COLLECTED,国家级、省级重点实验室、工程研究中心、企业技术中心等创新平台数量；单位=个,科技创新部门,OFFICIAL_STATISTICS
NAT-017,B22,产学研用融合平台,B,ENTERPRISE_REQUIRED,与高校、科研院所共建的平台数量,count,,,,M01_NOT_COLLECTED,与高校、科研院所共建的平台数量；单位=个,科技创新部门,AUDITED_ENTERPRISE_DATA
NAT-017,B23,园区级以上中试基地,B,PARK_SURVEY_REQUIRED,已建成并投入运行的中试基地数量,count,,,,M01_NOT_COLLECTED,已建成并投入运行的中试基地数量；单位=是/否,科技创新部门,OFFICIAL_STATISTICS
NAT-017,B31,产学研合作程度,B,DEFINITION_PENDING,园区企业开展产学研合作项目情况,DEFINITION_PENDING,,,,M06_DEFINITION_UNCLEAR,园区企业开展产学研合作项目情况；单位=%,科技创新部门,OFFICIAL_STATISTICS
NAT-017,B32,技术引进,B,DEFINITION_PENDING,企业引进先进技术、成果转化情况,DEFINITION_PENDING,,,,M06_DEFINITION_UNCLEAR,企业引进先进技术、成果转化情况；单位=%,科技创新部门,OFFICIAL_STATISTICS
NAT-017,B41,科技成果转化率,B,ENTERPRISE_REQUIRED,科技成果产业化、转化实施情况,count,,,,M01_NOT_COLLECTED,科技成果产业化、转化实施情况；单位=%,科技创新部门,AUDITED_ENTERPRISE_DATA
NAT-017,B42,产业精细化率,B,MISSING,精细化工及高端化工产品占比,count,,,,M01_NOT_COLLECTED,精细化工及高端化工产品占比；单位=%,企业服务部门,OFFICIAL_STATISTICS
NAT-017,C11,危险化学品从业单位安全生产标准化建设,C,MISSING,园区危险化学品生产、经营、储存等企业安全生产标准化建设情况,—,,,,M01_NOT_COLLECTED,园区危险化学品生产、经营、储存等企业安全生产标准化建设情况；单位=%,应急与安全部门,OFFICIAL_STATISTICS
NAT-017,C12,安全风险等级,C,MISSING,园区整体安全风险等级评估结果,—,,,,M01_NOT_COLLECTED,园区整体安全风险等级评估结果；单位=等级,应急与安全部门,OFFICIAL_STATISTICS
NAT-017,C13,安全生产事故发生等级,C,MISSING,年度生产安全事故情况,—,,,,M01_NOT_COLLECTED,年度生产安全事故情况；单位=等级,应急与安全部门,OFFICIAL_STATISTICS
NAT-017,C21,大气环境质量达标率,C,MONITORING_REQUIRED,园区环境空气质量达标情况,%,,,,M01_NOT_COLLECTED,园区环境空气质量达标情况；单位=%,生态环境部门,MONITORING_EXPORT
NAT-017,C22,地表水环境质量达标率,C,MONITORING_REQUIRED,园区地表水断面达标情况,%,,,,M01_NOT_COLLECTED,园区地表水断面达标情况；单位=%,生态环境部门,MONITORING_EXPORT
NAT-017,C23,地下水质量达标率,C,MONITORING_REQUIRED,地下水监测点位达标情况,%,,,,M01_NOT_COLLECTED,地下水监测点位达标情况；单位=%,生态环境部门,MONITORING_EXPORT
NAT-017,C24,土壤质量达标率,C,MONITORING_REQUIRED,土壤环境质量监测达标情况,%,,,,M01_NOT_COLLECTED,土壤环境质量监测达标情况；单位=%,生态环境部门,MONITORING_EXPORT
NAT-017,C31,单位工业总产值COD排放量,C,MONITORING_REQUIRED,单位工业总产值化学需氧量排放量,t/100m CNY,,,,M01_NOT_COLLECTED,COD排放量；同年度工业总产值；统计边界,生态环境部门,MONITORING_EXPORT
NAT-017,C32,单位工业总产值氨氮排放量,C,MONITORING_REQUIRED,单位工业总产值氨氮排放量,t/100m CNY,,,,M01_NOT_COLLECTED,NH3-N排放量；同年度工业总产值；统计边界,生态环境部门,MONITORING_EXPORT
NAT-017,C33,单位工业总产值SO₂排放量,C,MONITORING_REQUIRED,单位工业总产值二氧化硫排放量,t/100m CNY,,,,M01_NOT_COLLECTED,SO2排放量；同年度工业总产值；统计边界,生态环境部门,MONITORING_EXPORT
NAT-017,C34,单位工业总产值氮氧化物排放量,C,MONITORING_REQUIRED,单位工业总产值NOx排放量,t/100m CNY,,,,M01_NOT_COLLECTED,NOx排放量；同年度工业总产值；统计边界,生态环境部门,MONITORING_EXPORT
NAT-017,C35,单位工业总产值VOCs排放量,C,DEFINITION_PENDING,单位工业总产值挥发性有机物排放量,DEFINITION_PENDING,,,,M06_DEFINITION_UNCLEAR,VOCs排放量；同年度工业总产值；人工锁定定义,生态环境部门,MONITORING_EXPORT
NAT-017,C41,单位工业总产值新鲜取水量,C,MONITORING_REQUIRED,每单位工业产值消耗的新鲜水资源,"m3/10,000 CNY",,,,M01_NOT_COLLECTED,新鲜水取用量；工业增加值；统计年度；统计边界,水务部门,MONITORING_EXPORT
NAT-017,C42,再生水（中水）回用率,C,MONITORING_REQUIRED,再生水利用比例,%,,,,M01_NOT_COLLECTED,再生水实际利用量；园区总用水量；统计年度；统计边界,水务部门,MONITORING_EXPORT
NAT-017,C51,单位工业增加值能耗削减率,C,MONITORING_REQUIRED,单位工业增加值综合能耗下降幅度,"tce/10,000 CNY",,,,M01_NOT_COLLECTED,综合能源消费量；工业增加值；统计年度；统计边界,能源与碳管理部门,MONITORING_EXPORT
NAT-017,C52,绿色电力使用,C,MONITORING_REQUIRED,绿色电力消费比例,"tCO2/10,000 CNY",,,,M01_NOT_COLLECTED,CO2排放量；工业增加值；统计年度；统计边界,能源与碳管理部门,MONITORING_EXPORT
NAT-017,C53,单位工业增加值CO₂排放量削减率,C,MONITORING_REQUIRED,单位工业增加值碳排放下降幅度,%,,,,M01_NOT_COLLECTED,单位工业增加值碳排放下降幅度；单位=%,能源与碳管理部门,OFFICIAL_STATISTICS
NAT-017,C54,绿色工厂示范企业数量,C,PARK_SURVEY_REQUIRED,国家级、省级绿色工厂数量,count,,,,M01_NOT_COLLECTED,国家级、省级绿色工厂数量；单位=个,企业服务部门,OFFICIAL_STATISTICS
NAT-017,C55,示范创建数量,C,PUBLIC_AVAILABLE,国家级、省级绿色园区、绿色供应链等示范创建数量,category,1,2025,S3E-0044,,国家级、省级绿色园区、绿色供应链等示范创建数量；单位=级别,园区综合管理部门,OFFICIAL_RECOGNITION
NAT-017,D11,化工园区智慧化水平,D,MISSING,园区智慧管理平台建设情况，包括安全、环保、能源、应急、封闭化管理、公共服务等智慧化系统建设及运行情况。,ordinal evidence level,,,,M01_NOT_COLLECTED,园区智慧管理平台建设情况，包括安全、环保、能源、应急、封闭化管理、公共服务等智慧化系统建设及运行情况。；单位=等级,智慧园区管理部门,MANAGEMENT_SYSTEM_RECORD
NAT-017,D21,省级及以上认定的智能工厂数量,D,PARK_SURVEY_REQUIRED,园区内获得国家级、省级智能工厂（或智能制造示范工厂）认定的企业数量。,%,,,,M01_NOT_COLLECTED,园区内获得国家级、省级智能工厂（或智能制造示范工厂）认定的企业数量。；单位=个,企业服务部门,OFFICIAL_STATISTICS
NAT-018,A11,规模以上工业企业工业总产值,A,PARK_SURVEY_REQUIRED,园区规模以上工业企业工业总产值（亿元）,100 million CNY,,,,M01_NOT_COLLECTED,园区规模以上工业企业工业总产值（亿元）；单位=亿元,经济运行与统计部门,OFFICIAL_STATISTICS
NAT-018,A12,规模以上工业企业工业总产值增长率,A,PARK_SURVEY_REQUIRED,当年规模以上工业企业工业总产值增长率（%）,CNY/person,,,,M01_NOT_COLLECTED,当年规模以上工业企业工业总产值增长率（%）；单位=%,经济运行与统计部门,OFFICIAL_STATISTICS
NAT-018,A21,规模以上工业企业利润率,A,ENTERPRISE_REQUIRED,利润总额/营业收入×100%,%,,,,M01_NOT_COLLECTED,利润总额/营业收入×100%；单位=%,企业服务部门,AUDITED_ENTERPRISE_DATA
NAT-018,A22,工业增加值增长率,A,PARK_SURVEY_REQUIRED,当年工业增加值增长率（%）,%,,,,M01_NOT_COLLECTED,当年工业增加值增长率（%）；单位=%,经济运行与统计部门,OFFICIAL_STATISTICS
NAT-018,A23,人均产值,A,ENTERPRISE_REQUIRED,工业总产值÷从业人员数量（万元/人）,%,,,,M01_NOT_COLLECTED,工业总产值÷从业人员数量（万元/人）；单位=万元/人,企业服务部门,AUDITED_ENTERPRISE_DATA
NAT-018,A31,亩均投资强度,A,PARK_SURVEY_REQUIRED,固定资产投资÷工业用地面积（万元/亩）,mu,,,,M01_NOT_COLLECTED,固定资产投资÷工业用地面积（万元/亩）；单位=万元/亩,经济运行与统计部门,OFFICIAL_STATISTICS
NAT-018,A32,亩均产值,A,PARK_SURVEY_REQUIRED,工业总产值÷工业用地面积（万元/亩）,"10,000 CNY/mu",,,,M01_NOT_COLLECTED,工业总产值÷工业用地面积（万元/亩）；单位=万元/亩,经济运行与统计部门,OFFICIAL_STATISTICS
NAT-018,A33,亩均税收,A,PARK_SURVEY_REQUIRED,税收收入÷工业用地面积（万元/亩）,%,,,,M01_NOT_COLLECTED,税收收入÷工业用地面积（万元/亩）；单位=万元/亩,经济运行与统计部门,OFFICIAL_STATISTICS
NAT-018,A41,原料内供率,A,ENTERPRISE_REQUIRED,园区内企业原料互供比例,%,,,,M01_NOT_COLLECTED,园区内企业原料互供比例；单位=%,企业服务部门,AUDITED_ENTERPRISE_DATA
NAT-018,B11,研发投入占主营业务收入的比重,B,ENTERPRISE_REQUIRED,园区规模以上工业企业研发经费支出占主营业务收入比例（%）,%,,,,M01_NOT_COLLECTED,园区规模以上工业企业研发经费支出占主营业务收入比例（%）；单位=%,科技创新部门,AUDITED_ENTERPRISE_DATA
NAT-018,B12,优质企业数量,B,PARK_SURVEY_REQUIRED,"国家级制造业单项冠军企业、专精特新""小巨人""企业、高新技术企业等数量",count,,,,M01_NOT_COLLECTED,"国家级制造业单项冠军企业、专精特新""小巨人""企业、高新技术企业等数量；单位=个",企业服务部门,OFFICIAL_STATISTICS
NAT-018,B13,上市公司所属企业数量,B,ENTERPRISE_REQUIRED,园区内上市公司及其控股企业数量,%,,,,M01_NOT_COLLECTED,园区内上市公司及其控股企业数量；单位=个,企业服务部门,AUDITED_ENTERPRISE_DATA
NAT-018,B14,发明专利数,B,ENTERPRISE_REQUIRED,园区企业拥有的有效发明专利数量,count,,,,M01_NOT_COLLECTED,园区企业拥有的有效发明专利数量；单位=个,科技创新部门,AUDITED_ENTERPRISE_DATA
NAT-018,B15,标准制定数,B,ENTERPRISE_REQUIRED,主导或参与制定国际、国家、行业及团体标准数量,count,,,,M01_NOT_COLLECTED,主导或参与制定国际、国家、行业及团体标准数量；单位=项,科技创新部门,AUDITED_ENTERPRISE_DATA
NAT-018,B21,省级及以上研发机构数量,B,PARK_SURVEY_REQUIRED,国家级、省级重点实验室、工程研究中心、企业技术中心等创新平台数量,count,,,,M01_NOT_COLLECTED,国家级、省级重点实验室、工程研究中心、企业技术中心等创新平台数量；单位=个,科技创新部门,OFFICIAL_STATISTICS
NAT-018,B22,产学研用融合平台,B,ENTERPRISE_REQUIRED,与高校、科研院所共建的平台数量,count,,,,M01_NOT_COLLECTED,与高校、科研院所共建的平台数量；单位=个,科技创新部门,AUDITED_ENTERPRISE_DATA
NAT-018,B23,园区级以上中试基地,B,PARK_SURVEY_REQUIRED,已建成并投入运行的中试基地数量,count,,,,M01_NOT_COLLECTED,已建成并投入运行的中试基地数量；单位=是/否,科技创新部门,OFFICIAL_STATISTICS
NAT-018,B31,产学研合作程度,B,DEFINITION_PENDING,园区企业开展产学研合作项目情况,DEFINITION_PENDING,,,,M06_DEFINITION_UNCLEAR,园区企业开展产学研合作项目情况；单位=%,科技创新部门,OFFICIAL_STATISTICS
NAT-018,B32,技术引进,B,DEFINITION_PENDING,企业引进先进技术、成果转化情况,DEFINITION_PENDING,,,,M06_DEFINITION_UNCLEAR,企业引进先进技术、成果转化情况；单位=%,科技创新部门,OFFICIAL_STATISTICS
NAT-018,B41,科技成果转化率,B,ENTERPRISE_REQUIRED,科技成果产业化、转化实施情况,count,,,,M01_NOT_COLLECTED,科技成果产业化、转化实施情况；单位=%,科技创新部门,AUDITED_ENTERPRISE_DATA
NAT-018,B42,产业精细化率,B,MISSING,精细化工及高端化工产品占比,count,,,,M01_NOT_COLLECTED,精细化工及高端化工产品占比；单位=%,企业服务部门,OFFICIAL_STATISTICS
NAT-018,C11,危险化学品从业单位安全生产标准化建设,C,MISSING,园区危险化学品生产、经营、储存等企业安全生产标准化建设情况,—,,,,M01_NOT_COLLECTED,园区危险化学品生产、经营、储存等企业安全生产标准化建设情况；单位=%,应急与安全部门,OFFICIAL_STATISTICS
NAT-018,C12,安全风险等级,C,MISSING,园区整体安全风险等级评估结果,—,,,,M01_NOT_COLLECTED,园区整体安全风险等级评估结果；单位=等级,应急与安全部门,OFFICIAL_STATISTICS
NAT-018,C13,安全生产事故发生等级,C,MISSING,年度生产安全事故情况,—,,,,M01_NOT_COLLECTED,年度生产安全事故情况；单位=等级,应急与安全部门,OFFICIAL_STATISTICS
NAT-018,C21,大气环境质量达标率,C,MONITORING_REQUIRED,园区环境空气质量达标情况,%,,,,M01_NOT_COLLECTED,园区环境空气质量达标情况；单位=%,生态环境部门,MONITORING_EXPORT
NAT-018,C22,地表水环境质量达标率,C,MONITORING_REQUIRED,园区地表水断面达标情况,%,,,,M01_NOT_COLLECTED,园区地表水断面达标情况；单位=%,生态环境部门,MONITORING_EXPORT
NAT-018,C23,地下水质量达标率,C,MONITORING_REQUIRED,地下水监测点位达标情况,%,,,,M01_NOT_COLLECTED,地下水监测点位达标情况；单位=%,生态环境部门,MONITORING_EXPORT
NAT-018,C24,土壤质量达标率,C,MONITORING_REQUIRED,土壤环境质量监测达标情况,%,,,,M01_NOT_COLLECTED,土壤环境质量监测达标情况；单位=%,生态环境部门,MONITORING_EXPORT
NAT-018,C31,单位工业总产值COD排放量,C,MONITORING_REQUIRED,单位工业总产值化学需氧量排放量,t/100m CNY,,,,M01_NOT_COLLECTED,COD排放量；同年度工业总产值；统计边界,生态环境部门,MONITORING_EXPORT
NAT-018,C32,单位工业总产值氨氮排放量,C,MONITORING_REQUIRED,单位工业总产值氨氮排放量,t/100m CNY,,,,M01_NOT_COLLECTED,NH3-N排放量；同年度工业总产值；统计边界,生态环境部门,MONITORING_EXPORT
NAT-018,C33,单位工业总产值SO₂排放量,C,MONITORING_REQUIRED,单位工业总产值二氧化硫排放量,t/100m CNY,,,,M01_NOT_COLLECTED,SO2排放量；同年度工业总产值；统计边界,生态环境部门,MONITORING_EXPORT
NAT-018,C34,单位工业总产值氮氧化物排放量,C,MONITORING_REQUIRED,单位工业总产值NOx排放量,t/100m CNY,,,,M01_NOT_COLLECTED,NOx排放量；同年度工业总产值；统计边界,生态环境部门,MONITORING_EXPORT
NAT-018,C35,单位工业总产值VOCs排放量,C,DEFINITION_PENDING,单位工业总产值挥发性有机物排放量,DEFINITION_PENDING,,,,M06_DEFINITION_UNCLEAR,VOCs排放量；同年度工业总产值；人工锁定定义,生态环境部门,MONITORING_EXPORT
NAT-018,C41,单位工业总产值新鲜取水量,C,MONITORING_REQUIRED,每单位工业产值消耗的新鲜水资源,"m3/10,000 CNY",,,,M01_NOT_COLLECTED,新鲜水取用量；工业增加值；统计年度；统计边界,水务部门,MONITORING_EXPORT
NAT-018,C42,再生水（中水）回用率,C,MONITORING_REQUIRED,再生水利用比例,%,,,,M01_NOT_COLLECTED,再生水实际利用量；园区总用水量；统计年度；统计边界,水务部门,MONITORING_EXPORT
NAT-018,C51,单位工业增加值能耗削减率,C,MONITORING_REQUIRED,单位工业增加值综合能耗下降幅度,"tce/10,000 CNY",,,,M01_NOT_COLLECTED,综合能源消费量；工业增加值；统计年度；统计边界,能源与碳管理部门,MONITORING_EXPORT
NAT-018,C52,绿色电力使用,C,MONITORING_REQUIRED,绿色电力消费比例,"tCO2/10,000 CNY",,,,M01_NOT_COLLECTED,CO2排放量；工业增加值；统计年度；统计边界,能源与碳管理部门,MONITORING_EXPORT
NAT-018,C53,单位工业增加值CO₂排放量削减率,C,MONITORING_REQUIRED,单位工业增加值碳排放下降幅度,%,,,,M01_NOT_COLLECTED,单位工业增加值碳排放下降幅度；单位=%,能源与碳管理部门,OFFICIAL_STATISTICS
NAT-018,C54,绿色工厂示范企业数量,C,PARK_SURVEY_REQUIRED,国家级、省级绿色工厂数量,count,,,,M01_NOT_COLLECTED,国家级、省级绿色工厂数量；单位=个,企业服务部门,OFFICIAL_STATISTICS
NAT-018,C55,示范创建数量,C,PUBLIC_AVAILABLE,国家级、省级绿色园区、绿色供应链等示范创建数量,category,1,2025,S3E-0045,,国家级、省级绿色园区、绿色供应链等示范创建数量；单位=级别,园区综合管理部门,OFFICIAL_RECOGNITION
NAT-018,D11,化工园区智慧化水平,D,MISSING,园区智慧管理平台建设情况，包括安全、环保、能源、应急、封闭化管理、公共服务等智慧化系统建设及运行情况。,ordinal evidence level,,,,M01_NOT_COLLECTED,园区智慧管理平台建设情况，包括安全、环保、能源、应急、封闭化管理、公共服务等智慧化系统建设及运行情况。；单位=等级,智慧园区管理部门,MANAGEMENT_SYSTEM_RECORD
NAT-018,D21,省级及以上认定的智能工厂数量,D,PARK_SURVEY_REQUIRED,园区内获得国家级、省级智能工厂（或智能制造示范工厂）认定的企业数量。,%,,,,M01_NOT_COLLECTED,园区内获得国家级、省级智能工厂（或智能制造示范工厂）认定的企业数量。；单位=个,企业服务部门,OFFICIAL_STATISTICS
NAT-019,A11,规模以上工业企业工业总产值,A,PUBLIC_AVAILABLE,园区规模以上工业企业工业总产值（亿元）,100 million CNY,2115.3,2025,S3E-0013,,园区规模以上工业企业工业总产值（亿元）；单位=亿元,经济运行与统计部门,OFFICIAL_STATISTICS
NAT-019,A12,规模以上工业企业工业总产值增长率,A,PARK_SURVEY_REQUIRED,当年规模以上工业企业工业总产值增长率（%）,CNY/person,,,,M01_NOT_COLLECTED,当年规模以上工业企业工业总产值增长率（%）；单位=%,经济运行与统计部门,OFFICIAL_STATISTICS
NAT-019,A21,规模以上工业企业利润率,A,ENTERPRISE_REQUIRED,利润总额/营业收入×100%,%,,,,M01_NOT_COLLECTED,利润总额/营业收入×100%；单位=%,企业服务部门,AUDITED_ENTERPRISE_DATA
NAT-019,A22,工业增加值增长率,A,PARK_SURVEY_REQUIRED,当年工业增加值增长率（%）,%,,,,M01_NOT_COLLECTED,当年工业增加值增长率（%）；单位=%,经济运行与统计部门,OFFICIAL_STATISTICS
NAT-019,A23,人均产值,A,ENTERPRISE_REQUIRED,工业总产值÷从业人员数量（万元/人）,%,,,,M01_NOT_COLLECTED,工业总产值÷从业人员数量（万元/人）；单位=万元/人,企业服务部门,AUDITED_ENTERPRISE_DATA
NAT-019,A31,亩均投资强度,A,PARK_SURVEY_REQUIRED,固定资产投资÷工业用地面积（万元/亩）,mu,,,,M01_NOT_COLLECTED,固定资产投资÷工业用地面积（万元/亩）；单位=万元/亩,经济运行与统计部门,OFFICIAL_STATISTICS
NAT-019,A32,亩均产值,A,PARK_SURVEY_REQUIRED,工业总产值÷工业用地面积（万元/亩）,"10,000 CNY/mu",,,,M01_NOT_COLLECTED,工业总产值÷工业用地面积（万元/亩）；单位=万元/亩,经济运行与统计部门,OFFICIAL_STATISTICS
NAT-019,A33,亩均税收,A,PARK_SURVEY_REQUIRED,税收收入÷工业用地面积（万元/亩）,%,,,,M01_NOT_COLLECTED,税收收入÷工业用地面积（万元/亩）；单位=万元/亩,经济运行与统计部门,OFFICIAL_STATISTICS
NAT-019,A41,原料内供率,A,PUBLIC_AVAILABLE,园区内企业原料互供比例,%,97,2024,S3E-0014,,园区内企业原料互供比例；单位=%,企业服务部门,AUDITED_ENTERPRISE_DATA
NAT-019,B11,研发投入占主营业务收入的比重,B,ENTERPRISE_REQUIRED,园区规模以上工业企业研发经费支出占主营业务收入比例（%）,%,,,,M01_NOT_COLLECTED,园区规模以上工业企业研发经费支出占主营业务收入比例（%）；单位=%,科技创新部门,AUDITED_ENTERPRISE_DATA
NAT-019,B12,优质企业数量,B,PUBLIC_AVAILABLE,"国家级制造业单项冠军企业、专精特新""小巨人""企业、高新技术企业等数量",count,249,2024,S3E-0015,,"国家级制造业单项冠军企业、专精特新""小巨人""企业、高新技术企业等数量；单位=个",企业服务部门,OFFICIAL_STATISTICS
NAT-019,B13,上市公司所属企业数量,B,ENTERPRISE_REQUIRED,园区内上市公司及其控股企业数量,%,,,,M01_NOT_COLLECTED,园区内上市公司及其控股企业数量；单位=个,企业服务部门,AUDITED_ENTERPRISE_DATA
NAT-019,B14,发明专利数,B,ENTERPRISE_REQUIRED,园区企业拥有的有效发明专利数量,count,,,,M01_NOT_COLLECTED,园区企业拥有的有效发明专利数量；单位=个,科技创新部门,AUDITED_ENTERPRISE_DATA
NAT-019,B15,标准制定数,B,ENTERPRISE_REQUIRED,主导或参与制定国际、国家、行业及团体标准数量,count,,,,M01_NOT_COLLECTED,主导或参与制定国际、国家、行业及团体标准数量；单位=项,科技创新部门,AUDITED_ENTERPRISE_DATA
NAT-019,B21,省级及以上研发机构数量,B,PUBLIC_AVAILABLE,国家级、省级重点实验室、工程研究中心、企业技术中心等创新平台数量,count,105,2024,S3E-0016,,国家级、省级重点实验室、工程研究中心、企业技术中心等创新平台数量；单位=个,科技创新部门,OFFICIAL_STATISTICS
NAT-019,B22,产学研用融合平台,B,ENTERPRISE_REQUIRED,与高校、科研院所共建的平台数量,count,,,,M01_NOT_COLLECTED,与高校、科研院所共建的平台数量；单位=个,科技创新部门,AUDITED_ENTERPRISE_DATA
NAT-019,B23,园区级以上中试基地,B,PARK_SURVEY_REQUIRED,已建成并投入运行的中试基地数量,count,,,,M01_NOT_COLLECTED,已建成并投入运行的中试基地数量；单位=是/否,科技创新部门,OFFICIAL_STATISTICS
NAT-019,B31,产学研合作程度,B,DEFINITION_PENDING,园区企业开展产学研合作项目情况,DEFINITION_PENDING,,,,M06_DEFINITION_UNCLEAR,园区企业开展产学研合作项目情况；单位=%,科技创新部门,OFFICIAL_STATISTICS
NAT-019,B32,技术引进,B,DEFINITION_PENDING,企业引进先进技术、成果转化情况,DEFINITION_PENDING,,,,M06_DEFINITION_UNCLEAR,企业引进先进技术、成果转化情况；单位=%,科技创新部门,OFFICIAL_STATISTICS
NAT-019,B41,科技成果转化率,B,ENTERPRISE_REQUIRED,科技成果产业化、转化实施情况,count,,,,M01_NOT_COLLECTED,科技成果产业化、转化实施情况；单位=%,科技创新部门,AUDITED_ENTERPRISE_DATA
NAT-019,B42,产业精细化率,B,MISSING,精细化工及高端化工产品占比,count,,,,M01_NOT_COLLECTED,精细化工及高端化工产品占比；单位=%,企业服务部门,OFFICIAL_STATISTICS
NAT-019,C11,危险化学品从业单位安全生产标准化建设,C,MISSING,园区危险化学品生产、经营、储存等企业安全生产标准化建设情况,—,,,,M01_NOT_COLLECTED,园区危险化学品生产、经营、储存等企业安全生产标准化建设情况；单位=%,应急与安全部门,OFFICIAL_STATISTICS
NAT-019,C12,安全风险等级,C,MISSING,园区整体安全风险等级评估结果,—,,,,M01_NOT_COLLECTED,园区整体安全风险等级评估结果；单位=等级,应急与安全部门,OFFICIAL_STATISTICS
NAT-019,C13,安全生产事故发生等级,C,MISSING,年度生产安全事故情况,—,,,,M01_NOT_COLLECTED,年度生产安全事故情况；单位=等级,应急与安全部门,OFFICIAL_STATISTICS
NAT-019,C21,大气环境质量达标率,C,MONITORING_REQUIRED,园区环境空气质量达标情况,%,,,,M01_NOT_COLLECTED,园区环境空气质量达标情况；单位=%,生态环境部门,MONITORING_EXPORT
NAT-019,C22,地表水环境质量达标率,C,MONITORING_REQUIRED,园区地表水断面达标情况,%,,,,M01_NOT_COLLECTED,园区地表水断面达标情况；单位=%,生态环境部门,MONITORING_EXPORT
NAT-019,C23,地下水质量达标率,C,MONITORING_REQUIRED,地下水监测点位达标情况,%,,,,M01_NOT_COLLECTED,地下水监测点位达标情况；单位=%,生态环境部门,MONITORING_EXPORT
NAT-019,C24,土壤质量达标率,C,MONITORING_REQUIRED,土壤环境质量监测达标情况,%,,,,M01_NOT_COLLECTED,土壤环境质量监测达标情况；单位=%,生态环境部门,MONITORING_EXPORT
NAT-019,C31,单位工业总产值COD排放量,C,MONITORING_REQUIRED,单位工业总产值化学需氧量排放量,t/100m CNY,,,,M01_NOT_COLLECTED,COD排放量；同年度工业总产值；统计边界,生态环境部门,MONITORING_EXPORT
NAT-019,C32,单位工业总产值氨氮排放量,C,MONITORING_REQUIRED,单位工业总产值氨氮排放量,t/100m CNY,,,,M01_NOT_COLLECTED,NH3-N排放量；同年度工业总产值；统计边界,生态环境部门,MONITORING_EXPORT
NAT-019,C33,单位工业总产值SO₂排放量,C,MONITORING_REQUIRED,单位工业总产值二氧化硫排放量,t/100m CNY,,,,M01_NOT_COLLECTED,SO2排放量；同年度工业总产值；统计边界,生态环境部门,MONITORING_EXPORT
NAT-019,C34,单位工业总产值氮氧化物排放量,C,MONITORING_REQUIRED,单位工业总产值NOx排放量,t/100m CNY,,,,M01_NOT_COLLECTED,NOx排放量；同年度工业总产值；统计边界,生态环境部门,MONITORING_EXPORT
NAT-019,C35,单位工业总产值VOCs排放量,C,DEFINITION_PENDING,单位工业总产值挥发性有机物排放量,DEFINITION_PENDING,,,,M06_DEFINITION_UNCLEAR,VOCs排放量；同年度工业总产值；人工锁定定义,生态环境部门,MONITORING_EXPORT
NAT-019,C41,单位工业总产值新鲜取水量,C,MONITORING_REQUIRED,每单位工业产值消耗的新鲜水资源,"m3/10,000 CNY",,,,M01_NOT_COLLECTED,新鲜水取用量；工业增加值；统计年度；统计边界,水务部门,MONITORING_EXPORT
NAT-019,C42,再生水（中水）回用率,C,MONITORING_REQUIRED,再生水利用比例,%,,,,M01_NOT_COLLECTED,再生水实际利用量；园区总用水量；统计年度；统计边界,水务部门,MONITORING_EXPORT
NAT-019,C51,单位工业增加值能耗削减率,C,MONITORING_REQUIRED,单位工业增加值综合能耗下降幅度,"tce/10,000 CNY",,,,M01_NOT_COLLECTED,综合能源消费量；工业增加值；统计年度；统计边界,能源与碳管理部门,MONITORING_EXPORT
NAT-019,C52,绿色电力使用,C,MONITORING_REQUIRED,绿色电力消费比例,"tCO2/10,000 CNY",,,,M01_NOT_COLLECTED,CO2排放量；工业增加值；统计年度；统计边界,能源与碳管理部门,MONITORING_EXPORT
NAT-019,C53,单位工业增加值CO₂排放量削减率,C,MONITORING_REQUIRED,单位工业增加值碳排放下降幅度,%,,,,M01_NOT_COLLECTED,单位工业增加值碳排放下降幅度；单位=%,能源与碳管理部门,OFFICIAL_STATISTICS
NAT-019,C54,绿色工厂示范企业数量,C,PUBLIC_AVAILABLE,国家级、省级绿色工厂数量,count,7,2024,S3E-0017,,国家级、省级绿色工厂数量；单位=个,企业服务部门,OFFICIAL_STATISTICS
NAT-019,C55,示范创建数量,C,PUBLIC_AVAILABLE,国家级、省级绿色园区、绿色供应链等示范创建数量,category,1,2025,S3E-0046,,国家级、省级绿色园区、绿色供应链等示范创建数量；单位=级别,园区综合管理部门,OFFICIAL_RECOGNITION
NAT-019,D11,化工园区智慧化水平,D,MISSING,园区智慧管理平台建设情况，包括安全、环保、能源、应急、封闭化管理、公共服务等智慧化系统建设及运行情况。,ordinal evidence level,,,,M01_NOT_COLLECTED,园区智慧管理平台建设情况，包括安全、环保、能源、应急、封闭化管理、公共服务等智慧化系统建设及运行情况。；单位=等级,智慧园区管理部门,MANAGEMENT_SYSTEM_RECORD
NAT-019,D21,省级及以上认定的智能工厂数量,D,PUBLIC_AVAILABLE,园区内获得国家级、省级智能工厂（或智能制造示范工厂）认定的企业数量。,%,2,2025,S3E-0018,,园区内获得国家级、省级智能工厂（或智能制造示范工厂）认定的企业数量。；单位=个,企业服务部门,OFFICIAL_STATISTICS
NAT-020,A11,规模以上工业企业工业总产值,A,PARK_SURVEY_REQUIRED,园区规模以上工业企业工业总产值（亿元）,100 million CNY,,,,M01_NOT_COLLECTED,园区规模以上工业企业工业总产值（亿元）；单位=亿元,经济运行与统计部门,OFFICIAL_STATISTICS
NAT-020,A12,规模以上工业企业工业总产值增长率,A,PARK_SURVEY_REQUIRED,当年规模以上工业企业工业总产值增长率（%）,CNY/person,,,,M01_NOT_COLLECTED,当年规模以上工业企业工业总产值增长率（%）；单位=%,经济运行与统计部门,OFFICIAL_STATISTICS
NAT-020,A21,规模以上工业企业利润率,A,ENTERPRISE_REQUIRED,利润总额/营业收入×100%,%,,,,M01_NOT_COLLECTED,利润总额/营业收入×100%；单位=%,企业服务部门,AUDITED_ENTERPRISE_DATA
NAT-020,A22,工业增加值增长率,A,PARK_SURVEY_REQUIRED,当年工业增加值增长率（%）,%,,,,M01_NOT_COLLECTED,当年工业增加值增长率（%）；单位=%,经济运行与统计部门,OFFICIAL_STATISTICS
NAT-020,A23,人均产值,A,ENTERPRISE_REQUIRED,工业总产值÷从业人员数量（万元/人）,%,,,,M01_NOT_COLLECTED,工业总产值÷从业人员数量（万元/人）；单位=万元/人,企业服务部门,AUDITED_ENTERPRISE_DATA
NAT-020,A31,亩均投资强度,A,PARK_SURVEY_REQUIRED,固定资产投资÷工业用地面积（万元/亩）,mu,,,,M01_NOT_COLLECTED,固定资产投资÷工业用地面积（万元/亩）；单位=万元/亩,经济运行与统计部门,OFFICIAL_STATISTICS
NAT-020,A32,亩均产值,A,PARK_SURVEY_REQUIRED,工业总产值÷工业用地面积（万元/亩）,"10,000 CNY/mu",,,,M01_NOT_COLLECTED,工业总产值÷工业用地面积（万元/亩）；单位=万元/亩,经济运行与统计部门,OFFICIAL_STATISTICS
NAT-020,A33,亩均税收,A,PARK_SURVEY_REQUIRED,税收收入÷工业用地面积（万元/亩）,%,,,,M01_NOT_COLLECTED,税收收入÷工业用地面积（万元/亩）；单位=万元/亩,经济运行与统计部门,OFFICIAL_STATISTICS
NAT-020,A41,原料内供率,A,ENTERPRISE_REQUIRED,园区内企业原料互供比例,%,,,,M01_NOT_COLLECTED,园区内企业原料互供比例；单位=%,企业服务部门,AUDITED_ENTERPRISE_DATA
NAT-020,B11,研发投入占主营业务收入的比重,B,ENTERPRISE_REQUIRED,园区规模以上工业企业研发经费支出占主营业务收入比例（%）,%,,,,M01_NOT_COLLECTED,园区规模以上工业企业研发经费支出占主营业务收入比例（%）；单位=%,科技创新部门,AUDITED_ENTERPRISE_DATA
NAT-020,B12,优质企业数量,B,PARK_SURVEY_REQUIRED,"国家级制造业单项冠军企业、专精特新""小巨人""企业、高新技术企业等数量",count,,,,M01_NOT_COLLECTED,"国家级制造业单项冠军企业、专精特新""小巨人""企业、高新技术企业等数量；单位=个",企业服务部门,OFFICIAL_STATISTICS
NAT-020,B13,上市公司所属企业数量,B,ENTERPRISE_REQUIRED,园区内上市公司及其控股企业数量,%,,,,M01_NOT_COLLECTED,园区内上市公司及其控股企业数量；单位=个,企业服务部门,AUDITED_ENTERPRISE_DATA
NAT-020,B14,发明专利数,B,ENTERPRISE_REQUIRED,园区企业拥有的有效发明专利数量,count,,,,M01_NOT_COLLECTED,园区企业拥有的有效发明专利数量；单位=个,科技创新部门,AUDITED_ENTERPRISE_DATA
NAT-020,B15,标准制定数,B,ENTERPRISE_REQUIRED,主导或参与制定国际、国家、行业及团体标准数量,count,,,,M01_NOT_COLLECTED,主导或参与制定国际、国家、行业及团体标准数量；单位=项,科技创新部门,AUDITED_ENTERPRISE_DATA
NAT-020,B21,省级及以上研发机构数量,B,PARK_SURVEY_REQUIRED,国家级、省级重点实验室、工程研究中心、企业技术中心等创新平台数量,count,,,,M01_NOT_COLLECTED,国家级、省级重点实验室、工程研究中心、企业技术中心等创新平台数量；单位=个,科技创新部门,OFFICIAL_STATISTICS
NAT-020,B22,产学研用融合平台,B,ENTERPRISE_REQUIRED,与高校、科研院所共建的平台数量,count,,,,M01_NOT_COLLECTED,与高校、科研院所共建的平台数量；单位=个,科技创新部门,AUDITED_ENTERPRISE_DATA
NAT-020,B23,园区级以上中试基地,B,PARK_SURVEY_REQUIRED,已建成并投入运行的中试基地数量,count,,,,M01_NOT_COLLECTED,已建成并投入运行的中试基地数量；单位=是/否,科技创新部门,OFFICIAL_STATISTICS
NAT-020,B31,产学研合作程度,B,DEFINITION_PENDING,园区企业开展产学研合作项目情况,DEFINITION_PENDING,,,,M06_DEFINITION_UNCLEAR,园区企业开展产学研合作项目情况；单位=%,科技创新部门,OFFICIAL_STATISTICS
NAT-020,B32,技术引进,B,DEFINITION_PENDING,企业引进先进技术、成果转化情况,DEFINITION_PENDING,,,,M06_DEFINITION_UNCLEAR,企业引进先进技术、成果转化情况；单位=%,科技创新部门,OFFICIAL_STATISTICS
NAT-020,B41,科技成果转化率,B,ENTERPRISE_REQUIRED,科技成果产业化、转化实施情况,count,,,,M01_NOT_COLLECTED,科技成果产业化、转化实施情况；单位=%,科技创新部门,AUDITED_ENTERPRISE_DATA
NAT-020,B42,产业精细化率,B,MISSING,精细化工及高端化工产品占比,count,,,,M01_NOT_COLLECTED,精细化工及高端化工产品占比；单位=%,企业服务部门,OFFICIAL_STATISTICS
NAT-020,C11,危险化学品从业单位安全生产标准化建设,C,MISSING,园区危险化学品生产、经营、储存等企业安全生产标准化建设情况,—,,,,M01_NOT_COLLECTED,园区危险化学品生产、经营、储存等企业安全生产标准化建设情况；单位=%,应急与安全部门,OFFICIAL_STATISTICS
NAT-020,C12,安全风险等级,C,MISSING,园区整体安全风险等级评估结果,—,,,,M01_NOT_COLLECTED,园区整体安全风险等级评估结果；单位=等级,应急与安全部门,OFFICIAL_STATISTICS
NAT-020,C13,安全生产事故发生等级,C,MISSING,年度生产安全事故情况,—,,,,M01_NOT_COLLECTED,年度生产安全事故情况；单位=等级,应急与安全部门,OFFICIAL_STATISTICS
NAT-020,C21,大气环境质量达标率,C,MONITORING_REQUIRED,园区环境空气质量达标情况,%,,,,M01_NOT_COLLECTED,园区环境空气质量达标情况；单位=%,生态环境部门,MONITORING_EXPORT
NAT-020,C22,地表水环境质量达标率,C,MONITORING_REQUIRED,园区地表水断面达标情况,%,,,,M01_NOT_COLLECTED,园区地表水断面达标情况；单位=%,生态环境部门,MONITORING_EXPORT
NAT-020,C23,地下水质量达标率,C,MONITORING_REQUIRED,地下水监测点位达标情况,%,,,,M01_NOT_COLLECTED,地下水监测点位达标情况；单位=%,生态环境部门,MONITORING_EXPORT
NAT-020,C24,土壤质量达标率,C,MONITORING_REQUIRED,土壤环境质量监测达标情况,%,,,,M01_NOT_COLLECTED,土壤环境质量监测达标情况；单位=%,生态环境部门,MONITORING_EXPORT
NAT-020,C31,单位工业总产值COD排放量,C,MONITORING_REQUIRED,单位工业总产值化学需氧量排放量,t/100m CNY,,,,M01_NOT_COLLECTED,COD排放量；同年度工业总产值；统计边界,生态环境部门,MONITORING_EXPORT
NAT-020,C32,单位工业总产值氨氮排放量,C,MONITORING_REQUIRED,单位工业总产值氨氮排放量,t/100m CNY,,,,M01_NOT_COLLECTED,NH3-N排放量；同年度工业总产值；统计边界,生态环境部门,MONITORING_EXPORT
NAT-020,C33,单位工业总产值SO₂排放量,C,MONITORING_REQUIRED,单位工业总产值二氧化硫排放量,t/100m CNY,,,,M01_NOT_COLLECTED,SO2排放量；同年度工业总产值；统计边界,生态环境部门,MONITORING_EXPORT
NAT-020,C34,单位工业总产值氮氧化物排放量,C,MONITORING_REQUIRED,单位工业总产值NOx排放量,t/100m CNY,,,,M01_NOT_COLLECTED,NOx排放量；同年度工业总产值；统计边界,生态环境部门,MONITORING_EXPORT
NAT-020,C35,单位工业总产值VOCs排放量,C,DEFINITION_PENDING,单位工业总产值挥发性有机物排放量,DEFINITION_PENDING,,,,M06_DEFINITION_UNCLEAR,VOCs排放量；同年度工业总产值；人工锁定定义,生态环境部门,MONITORING_EXPORT
NAT-020,C41,单位工业总产值新鲜取水量,C,MONITORING_REQUIRED,每单位工业产值消耗的新鲜水资源,"m3/10,000 CNY",,,,M01_NOT_COLLECTED,新鲜水取用量；工业增加值；统计年度；统计边界,水务部门,MONITORING_EXPORT
NAT-020,C42,再生水（中水）回用率,C,MONITORING_REQUIRED,再生水利用比例,%,,,,M01_NOT_COLLECTED,再生水实际利用量；园区总用水量；统计年度；统计边界,水务部门,MONITORING_EXPORT
NAT-020,C51,单位工业增加值能耗削减率,C,MONITORING_REQUIRED,单位工业增加值综合能耗下降幅度,"tce/10,000 CNY",,,,M01_NOT_COLLECTED,综合能源消费量；工业增加值；统计年度；统计边界,能源与碳管理部门,MONITORING_EXPORT
NAT-020,C52,绿色电力使用,C,MONITORING_REQUIRED,绿色电力消费比例,"tCO2/10,000 CNY",,,,M01_NOT_COLLECTED,CO2排放量；工业增加值；统计年度；统计边界,能源与碳管理部门,MONITORING_EXPORT
NAT-020,C53,单位工业增加值CO₂排放量削减率,C,MONITORING_REQUIRED,单位工业增加值碳排放下降幅度,%,,,,M01_NOT_COLLECTED,单位工业增加值碳排放下降幅度；单位=%,能源与碳管理部门,OFFICIAL_STATISTICS
NAT-020,C54,绿色工厂示范企业数量,C,PARK_SURVEY_REQUIRED,国家级、省级绿色工厂数量,count,,,,M01_NOT_COLLECTED,国家级、省级绿色工厂数量；单位=个,企业服务部门,OFFICIAL_STATISTICS
NAT-020,C55,示范创建数量,C,PUBLIC_AVAILABLE,国家级、省级绿色园区、绿色供应链等示范创建数量,category,1,2025,S3E-0047,,国家级、省级绿色园区、绿色供应链等示范创建数量；单位=级别,园区综合管理部门,OFFICIAL_RECOGNITION
NAT-020,D11,化工园区智慧化水平,D,MISSING,园区智慧管理平台建设情况，包括安全、环保、能源、应急、封闭化管理、公共服务等智慧化系统建设及运行情况。,ordinal evidence level,,,,M01_NOT_COLLECTED,园区智慧管理平台建设情况，包括安全、环保、能源、应急、封闭化管理、公共服务等智慧化系统建设及运行情况。；单位=等级,智慧园区管理部门,MANAGEMENT_SYSTEM_RECORD
NAT-020,D21,省级及以上认定的智能工厂数量,D,PARK_SURVEY_REQUIRED,园区内获得国家级、省级智能工厂（或智能制造示范工厂）认定的企业数量。,%,,,,M01_NOT_COLLECTED,园区内获得国家级、省级智能工厂（或智能制造示范工厂）认定的企业数量。；单位=个,企业服务部门,OFFICIAL_STATISTICS
NAT-021,A11,规模以上工业企业工业总产值,A,PARK_SURVEY_REQUIRED,园区规模以上工业企业工业总产值（亿元）,100 million CNY,,,,M01_NOT_COLLECTED,园区规模以上工业企业工业总产值（亿元）；单位=亿元,经济运行与统计部门,OFFICIAL_STATISTICS
NAT-021,A12,规模以上工业企业工业总产值增长率,A,PARK_SURVEY_REQUIRED,当年规模以上工业企业工业总产值增长率（%）,CNY/person,,,,M01_NOT_COLLECTED,当年规模以上工业企业工业总产值增长率（%）；单位=%,经济运行与统计部门,OFFICIAL_STATISTICS
NAT-021,A21,规模以上工业企业利润率,A,ENTERPRISE_REQUIRED,利润总额/营业收入×100%,%,,,,M01_NOT_COLLECTED,利润总额/营业收入×100%；单位=%,企业服务部门,AUDITED_ENTERPRISE_DATA
NAT-021,A22,工业增加值增长率,A,PARK_SURVEY_REQUIRED,当年工业增加值增长率（%）,%,,,,M01_NOT_COLLECTED,当年工业增加值增长率（%）；单位=%,经济运行与统计部门,OFFICIAL_STATISTICS
NAT-021,A23,人均产值,A,ENTERPRISE_REQUIRED,工业总产值÷从业人员数量（万元/人）,%,,,,M01_NOT_COLLECTED,工业总产值÷从业人员数量（万元/人）；单位=万元/人,企业服务部门,AUDITED_ENTERPRISE_DATA
NAT-021,A31,亩均投资强度,A,PARK_SURVEY_REQUIRED,固定资产投资÷工业用地面积（万元/亩）,mu,,,,M01_NOT_COLLECTED,固定资产投资÷工业用地面积（万元/亩）；单位=万元/亩,经济运行与统计部门,OFFICIAL_STATISTICS
NAT-021,A32,亩均产值,A,PARK_SURVEY_REQUIRED,工业总产值÷工业用地面积（万元/亩）,"10,000 CNY/mu",,,,M01_NOT_COLLECTED,工业总产值÷工业用地面积（万元/亩）；单位=万元/亩,经济运行与统计部门,OFFICIAL_STATISTICS
NAT-021,A33,亩均税收,A,PARK_SURVEY_REQUIRED,税收收入÷工业用地面积（万元/亩）,%,,,,M01_NOT_COLLECTED,税收收入÷工业用地面积（万元/亩）；单位=万元/亩,经济运行与统计部门,OFFICIAL_STATISTICS
NAT-021,A41,原料内供率,A,ENTERPRISE_REQUIRED,园区内企业原料互供比例,%,,,,M01_NOT_COLLECTED,园区内企业原料互供比例；单位=%,企业服务部门,AUDITED_ENTERPRISE_DATA
NAT-021,B11,研发投入占主营业务收入的比重,B,ENTERPRISE_REQUIRED,园区规模以上工业企业研发经费支出占主营业务收入比例（%）,%,,,,M01_NOT_COLLECTED,园区规模以上工业企业研发经费支出占主营业务收入比例（%）；单位=%,科技创新部门,AUDITED_ENTERPRISE_DATA
NAT-021,B12,优质企业数量,B,PARK_SURVEY_REQUIRED,"国家级制造业单项冠军企业、专精特新""小巨人""企业、高新技术企业等数量",count,,,,M01_NOT_COLLECTED,"国家级制造业单项冠军企业、专精特新""小巨人""企业、高新技术企业等数量；单位=个",企业服务部门,OFFICIAL_STATISTICS
NAT-021,B13,上市公司所属企业数量,B,ENTERPRISE_REQUIRED,园区内上市公司及其控股企业数量,%,,,,M01_NOT_COLLECTED,园区内上市公司及其控股企业数量；单位=个,企业服务部门,AUDITED_ENTERPRISE_DATA
NAT-021,B14,发明专利数,B,ENTERPRISE_REQUIRED,园区企业拥有的有效发明专利数量,count,,,,M01_NOT_COLLECTED,园区企业拥有的有效发明专利数量；单位=个,科技创新部门,AUDITED_ENTERPRISE_DATA
NAT-021,B15,标准制定数,B,ENTERPRISE_REQUIRED,主导或参与制定国际、国家、行业及团体标准数量,count,,,,M01_NOT_COLLECTED,主导或参与制定国际、国家、行业及团体标准数量；单位=项,科技创新部门,AUDITED_ENTERPRISE_DATA
NAT-021,B21,省级及以上研发机构数量,B,PARK_SURVEY_REQUIRED,国家级、省级重点实验室、工程研究中心、企业技术中心等创新平台数量,count,,,,M01_NOT_COLLECTED,国家级、省级重点实验室、工程研究中心、企业技术中心等创新平台数量；单位=个,科技创新部门,OFFICIAL_STATISTICS
NAT-021,B22,产学研用融合平台,B,ENTERPRISE_REQUIRED,与高校、科研院所共建的平台数量,count,,,,M01_NOT_COLLECTED,与高校、科研院所共建的平台数量；单位=个,科技创新部门,AUDITED_ENTERPRISE_DATA
NAT-021,B23,园区级以上中试基地,B,PARK_SURVEY_REQUIRED,已建成并投入运行的中试基地数量,count,,,,M01_NOT_COLLECTED,已建成并投入运行的中试基地数量；单位=是/否,科技创新部门,OFFICIAL_STATISTICS
NAT-021,B31,产学研合作程度,B,DEFINITION_PENDING,园区企业开展产学研合作项目情况,DEFINITION_PENDING,,,,M06_DEFINITION_UNCLEAR,园区企业开展产学研合作项目情况；单位=%,科技创新部门,OFFICIAL_STATISTICS
NAT-021,B32,技术引进,B,DEFINITION_PENDING,企业引进先进技术、成果转化情况,DEFINITION_PENDING,,,,M06_DEFINITION_UNCLEAR,企业引进先进技术、成果转化情况；单位=%,科技创新部门,OFFICIAL_STATISTICS
NAT-021,B41,科技成果转化率,B,ENTERPRISE_REQUIRED,科技成果产业化、转化实施情况,count,,,,M01_NOT_COLLECTED,科技成果产业化、转化实施情况；单位=%,科技创新部门,AUDITED_ENTERPRISE_DATA
NAT-021,B42,产业精细化率,B,MISSING,精细化工及高端化工产品占比,count,,,,M01_NOT_COLLECTED,精细化工及高端化工产品占比；单位=%,企业服务部门,OFFICIAL_STATISTICS
NAT-021,C11,危险化学品从业单位安全生产标准化建设,C,MISSING,园区危险化学品生产、经营、储存等企业安全生产标准化建设情况,—,,,,M01_NOT_COLLECTED,园区危险化学品生产、经营、储存等企业安全生产标准化建设情况；单位=%,应急与安全部门,OFFICIAL_STATISTICS
NAT-021,C12,安全风险等级,C,MISSING,园区整体安全风险等级评估结果,—,,,,M01_NOT_COLLECTED,园区整体安全风险等级评估结果；单位=等级,应急与安全部门,OFFICIAL_STATISTICS
NAT-021,C13,安全生产事故发生等级,C,MISSING,年度生产安全事故情况,—,,,,M01_NOT_COLLECTED,年度生产安全事故情况；单位=等级,应急与安全部门,OFFICIAL_STATISTICS
NAT-021,C21,大气环境质量达标率,C,MONITORING_REQUIRED,园区环境空气质量达标情况,%,,,,M01_NOT_COLLECTED,园区环境空气质量达标情况；单位=%,生态环境部门,MONITORING_EXPORT
NAT-021,C22,地表水环境质量达标率,C,MONITORING_REQUIRED,园区地表水断面达标情况,%,,,,M01_NOT_COLLECTED,园区地表水断面达标情况；单位=%,生态环境部门,MONITORING_EXPORT
NAT-021,C23,地下水质量达标率,C,MONITORING_REQUIRED,地下水监测点位达标情况,%,,,,M01_NOT_COLLECTED,地下水监测点位达标情况；单位=%,生态环境部门,MONITORING_EXPORT
NAT-021,C24,土壤质量达标率,C,MONITORING_REQUIRED,土壤环境质量监测达标情况,%,,,,M01_NOT_COLLECTED,土壤环境质量监测达标情况；单位=%,生态环境部门,MONITORING_EXPORT
NAT-021,C31,单位工业总产值COD排放量,C,MONITORING_REQUIRED,单位工业总产值化学需氧量排放量,t/100m CNY,,,,M01_NOT_COLLECTED,COD排放量；同年度工业总产值；统计边界,生态环境部门,MONITORING_EXPORT
NAT-021,C32,单位工业总产值氨氮排放量,C,MONITORING_REQUIRED,单位工业总产值氨氮排放量,t/100m CNY,,,,M01_NOT_COLLECTED,NH3-N排放量；同年度工业总产值；统计边界,生态环境部门,MONITORING_EXPORT
NAT-021,C33,单位工业总产值SO₂排放量,C,MONITORING_REQUIRED,单位工业总产值二氧化硫排放量,t/100m CNY,,,,M01_NOT_COLLECTED,SO2排放量；同年度工业总产值；统计边界,生态环境部门,MONITORING_EXPORT
NAT-021,C34,单位工业总产值氮氧化物排放量,C,MONITORING_REQUIRED,单位工业总产值NOx排放量,t/100m CNY,,,,M01_NOT_COLLECTED,NOx排放量；同年度工业总产值；统计边界,生态环境部门,MONITORING_EXPORT
NAT-021,C35,单位工业总产值VOCs排放量,C,DEFINITION_PENDING,单位工业总产值挥发性有机物排放量,DEFINITION_PENDING,,,,M06_DEFINITION_UNCLEAR,VOCs排放量；同年度工业总产值；人工锁定定义,生态环境部门,MONITORING_EXPORT
NAT-021,C41,单位工业总产值新鲜取水量,C,MONITORING_REQUIRED,每单位工业产值消耗的新鲜水资源,"m3/10,000 CNY",,,,M01_NOT_COLLECTED,新鲜水取用量；工业增加值；统计年度；统计边界,水务部门,MONITORING_EXPORT
NAT-021,C42,再生水（中水）回用率,C,MONITORING_REQUIRED,再生水利用比例,%,,,,M01_NOT_COLLECTED,再生水实际利用量；园区总用水量；统计年度；统计边界,水务部门,MONITORING_EXPORT
NAT-021,C51,单位工业增加值能耗削减率,C,MONITORING_REQUIRED,单位工业增加值综合能耗下降幅度,"tce/10,000 CNY",,,,M01_NOT_COLLECTED,综合能源消费量；工业增加值；统计年度；统计边界,能源与碳管理部门,MONITORING_EXPORT
NAT-021,C52,绿色电力使用,C,MONITORING_REQUIRED,绿色电力消费比例,"tCO2/10,000 CNY",,,,M01_NOT_COLLECTED,CO2排放量；工业增加值；统计年度；统计边界,能源与碳管理部门,MONITORING_EXPORT
NAT-021,C53,单位工业增加值CO₂排放量削减率,C,MONITORING_REQUIRED,单位工业增加值碳排放下降幅度,%,,,,M01_NOT_COLLECTED,单位工业增加值碳排放下降幅度；单位=%,能源与碳管理部门,OFFICIAL_STATISTICS
NAT-021,C54,绿色工厂示范企业数量,C,PARK_SURVEY_REQUIRED,国家级、省级绿色工厂数量,count,,,,M01_NOT_COLLECTED,国家级、省级绿色工厂数量；单位=个,企业服务部门,OFFICIAL_STATISTICS
NAT-021,C55,示范创建数量,C,PUBLIC_AVAILABLE,国家级、省级绿色园区、绿色供应链等示范创建数量,category,1,2025,S3E-0048,,国家级、省级绿色园区、绿色供应链等示范创建数量；单位=级别,园区综合管理部门,OFFICIAL_RECOGNITION
NAT-021,D11,化工园区智慧化水平,D,MISSING,园区智慧管理平台建设情况，包括安全、环保、能源、应急、封闭化管理、公共服务等智慧化系统建设及运行情况。,ordinal evidence level,,,,M01_NOT_COLLECTED,园区智慧管理平台建设情况，包括安全、环保、能源、应急、封闭化管理、公共服务等智慧化系统建设及运行情况。；单位=等级,智慧园区管理部门,MANAGEMENT_SYSTEM_RECORD
NAT-021,D21,省级及以上认定的智能工厂数量,D,PARK_SURVEY_REQUIRED,园区内获得国家级、省级智能工厂（或智能制造示范工厂）认定的企业数量。,%,,,,M01_NOT_COLLECTED,园区内获得国家级、省级智能工厂（或智能制造示范工厂）认定的企业数量。；单位=个,企业服务部门,OFFICIAL_STATISTICS
NAT-022,A11,规模以上工业企业工业总产值,A,PARK_SURVEY_REQUIRED,园区规模以上工业企业工业总产值（亿元）,100 million CNY,,,,M01_NOT_COLLECTED,园区规模以上工业企业工业总产值（亿元）；单位=亿元,经济运行与统计部门,OFFICIAL_STATISTICS
NAT-022,A12,规模以上工业企业工业总产值增长率,A,PARK_SURVEY_REQUIRED,当年规模以上工业企业工业总产值增长率（%）,CNY/person,,,,M01_NOT_COLLECTED,当年规模以上工业企业工业总产值增长率（%）；单位=%,经济运行与统计部门,OFFICIAL_STATISTICS
NAT-022,A21,规模以上工业企业利润率,A,ENTERPRISE_REQUIRED,利润总额/营业收入×100%,%,,,,M01_NOT_COLLECTED,利润总额/营业收入×100%；单位=%,企业服务部门,AUDITED_ENTERPRISE_DATA
NAT-022,A22,工业增加值增长率,A,PARK_SURVEY_REQUIRED,当年工业增加值增长率（%）,%,,,,M01_NOT_COLLECTED,当年工业增加值增长率（%）；单位=%,经济运行与统计部门,OFFICIAL_STATISTICS
NAT-022,A23,人均产值,A,ENTERPRISE_REQUIRED,工业总产值÷从业人员数量（万元/人）,%,,,,M01_NOT_COLLECTED,工业总产值÷从业人员数量（万元/人）；单位=万元/人,企业服务部门,AUDITED_ENTERPRISE_DATA
NAT-022,A31,亩均投资强度,A,PARK_SURVEY_REQUIRED,固定资产投资÷工业用地面积（万元/亩）,mu,,,,M01_NOT_COLLECTED,固定资产投资÷工业用地面积（万元/亩）；单位=万元/亩,经济运行与统计部门,OFFICIAL_STATISTICS
NAT-022,A32,亩均产值,A,PARK_SURVEY_REQUIRED,工业总产值÷工业用地面积（万元/亩）,"10,000 CNY/mu",,,,M01_NOT_COLLECTED,工业总产值÷工业用地面积（万元/亩）；单位=万元/亩,经济运行与统计部门,OFFICIAL_STATISTICS
NAT-022,A33,亩均税收,A,PARK_SURVEY_REQUIRED,税收收入÷工业用地面积（万元/亩）,%,,,,M01_NOT_COLLECTED,税收收入÷工业用地面积（万元/亩）；单位=万元/亩,经济运行与统计部门,OFFICIAL_STATISTICS
NAT-022,A41,原料内供率,A,ENTERPRISE_REQUIRED,园区内企业原料互供比例,%,,,,M01_NOT_COLLECTED,园区内企业原料互供比例；单位=%,企业服务部门,AUDITED_ENTERPRISE_DATA
NAT-022,B11,研发投入占主营业务收入的比重,B,ENTERPRISE_REQUIRED,园区规模以上工业企业研发经费支出占主营业务收入比例（%）,%,,,,M01_NOT_COLLECTED,园区规模以上工业企业研发经费支出占主营业务收入比例（%）；单位=%,科技创新部门,AUDITED_ENTERPRISE_DATA
NAT-022,B12,优质企业数量,B,PARK_SURVEY_REQUIRED,"国家级制造业单项冠军企业、专精特新""小巨人""企业、高新技术企业等数量",count,,,,M01_NOT_COLLECTED,"国家级制造业单项冠军企业、专精特新""小巨人""企业、高新技术企业等数量；单位=个",企业服务部门,OFFICIAL_STATISTICS
NAT-022,B13,上市公司所属企业数量,B,ENTERPRISE_REQUIRED,园区内上市公司及其控股企业数量,%,,,,M01_NOT_COLLECTED,园区内上市公司及其控股企业数量；单位=个,企业服务部门,AUDITED_ENTERPRISE_DATA
NAT-022,B14,发明专利数,B,ENTERPRISE_REQUIRED,园区企业拥有的有效发明专利数量,count,,,,M01_NOT_COLLECTED,园区企业拥有的有效发明专利数量；单位=个,科技创新部门,AUDITED_ENTERPRISE_DATA
NAT-022,B15,标准制定数,B,ENTERPRISE_REQUIRED,主导或参与制定国际、国家、行业及团体标准数量,count,,,,M01_NOT_COLLECTED,主导或参与制定国际、国家、行业及团体标准数量；单位=项,科技创新部门,AUDITED_ENTERPRISE_DATA
NAT-022,B21,省级及以上研发机构数量,B,PARK_SURVEY_REQUIRED,国家级、省级重点实验室、工程研究中心、企业技术中心等创新平台数量,count,,,,M01_NOT_COLLECTED,国家级、省级重点实验室、工程研究中心、企业技术中心等创新平台数量；单位=个,科技创新部门,OFFICIAL_STATISTICS
NAT-022,B22,产学研用融合平台,B,ENTERPRISE_REQUIRED,与高校、科研院所共建的平台数量,count,,,,M01_NOT_COLLECTED,与高校、科研院所共建的平台数量；单位=个,科技创新部门,AUDITED_ENTERPRISE_DATA
NAT-022,B23,园区级以上中试基地,B,PARK_SURVEY_REQUIRED,已建成并投入运行的中试基地数量,count,,,,M01_NOT_COLLECTED,已建成并投入运行的中试基地数量；单位=是/否,科技创新部门,OFFICIAL_STATISTICS
NAT-022,B31,产学研合作程度,B,DEFINITION_PENDING,园区企业开展产学研合作项目情况,DEFINITION_PENDING,,,,M06_DEFINITION_UNCLEAR,园区企业开展产学研合作项目情况；单位=%,科技创新部门,OFFICIAL_STATISTICS
NAT-022,B32,技术引进,B,DEFINITION_PENDING,企业引进先进技术、成果转化情况,DEFINITION_PENDING,,,,M06_DEFINITION_UNCLEAR,企业引进先进技术、成果转化情况；单位=%,科技创新部门,OFFICIAL_STATISTICS
NAT-022,B41,科技成果转化率,B,ENTERPRISE_REQUIRED,科技成果产业化、转化实施情况,count,,,,M01_NOT_COLLECTED,科技成果产业化、转化实施情况；单位=%,科技创新部门,AUDITED_ENTERPRISE_DATA
NAT-022,B42,产业精细化率,B,MISSING,精细化工及高端化工产品占比,count,,,,M01_NOT_COLLECTED,精细化工及高端化工产品占比；单位=%,企业服务部门,OFFICIAL_STATISTICS
NAT-022,C11,危险化学品从业单位安全生产标准化建设,C,MISSING,园区危险化学品生产、经营、储存等企业安全生产标准化建设情况,—,,,,M01_NOT_COLLECTED,园区危险化学品生产、经营、储存等企业安全生产标准化建设情况；单位=%,应急与安全部门,OFFICIAL_STATISTICS
NAT-022,C12,安全风险等级,C,MISSING,园区整体安全风险等级评估结果,—,,,,M01_NOT_COLLECTED,园区整体安全风险等级评估结果；单位=等级,应急与安全部门,OFFICIAL_STATISTICS
NAT-022,C13,安全生产事故发生等级,C,MISSING,年度生产安全事故情况,—,,,,M01_NOT_COLLECTED,年度生产安全事故情况；单位=等级,应急与安全部门,OFFICIAL_STATISTICS
NAT-022,C21,大气环境质量达标率,C,MONITORING_REQUIRED,园区环境空气质量达标情况,%,,,,M01_NOT_COLLECTED,园区环境空气质量达标情况；单位=%,生态环境部门,MONITORING_EXPORT
NAT-022,C22,地表水环境质量达标率,C,MONITORING_REQUIRED,园区地表水断面达标情况,%,,,,M01_NOT_COLLECTED,园区地表水断面达标情况；单位=%,生态环境部门,MONITORING_EXPORT
NAT-022,C23,地下水质量达标率,C,MONITORING_REQUIRED,地下水监测点位达标情况,%,,,,M01_NOT_COLLECTED,地下水监测点位达标情况；单位=%,生态环境部门,MONITORING_EXPORT
NAT-022,C24,土壤质量达标率,C,MONITORING_REQUIRED,土壤环境质量监测达标情况,%,,,,M01_NOT_COLLECTED,土壤环境质量监测达标情况；单位=%,生态环境部门,MONITORING_EXPORT
NAT-022,C31,单位工业总产值COD排放量,C,MONITORING_REQUIRED,单位工业总产值化学需氧量排放量,t/100m CNY,,,,M01_NOT_COLLECTED,COD排放量；同年度工业总产值；统计边界,生态环境部门,MONITORING_EXPORT
NAT-022,C32,单位工业总产值氨氮排放量,C,MONITORING_REQUIRED,单位工业总产值氨氮排放量,t/100m CNY,,,,M01_NOT_COLLECTED,NH3-N排放量；同年度工业总产值；统计边界,生态环境部门,MONITORING_EXPORT
NAT-022,C33,单位工业总产值SO₂排放量,C,MONITORING_REQUIRED,单位工业总产值二氧化硫排放量,t/100m CNY,,,,M01_NOT_COLLECTED,SO2排放量；同年度工业总产值；统计边界,生态环境部门,MONITORING_EXPORT
NAT-022,C34,单位工业总产值氮氧化物排放量,C,MONITORING_REQUIRED,单位工业总产值NOx排放量,t/100m CNY,,,,M01_NOT_COLLECTED,NOx排放量；同年度工业总产值；统计边界,生态环境部门,MONITORING_EXPORT
NAT-022,C35,单位工业总产值VOCs排放量,C,DEFINITION_PENDING,单位工业总产值挥发性有机物排放量,DEFINITION_PENDING,,,,M06_DEFINITION_UNCLEAR,VOCs排放量；同年度工业总产值；人工锁定定义,生态环境部门,MONITORING_EXPORT
NAT-022,C41,单位工业总产值新鲜取水量,C,MONITORING_REQUIRED,每单位工业产值消耗的新鲜水资源,"m3/10,000 CNY",,,,M01_NOT_COLLECTED,新鲜水取用量；工业增加值；统计年度；统计边界,水务部门,MONITORING_EXPORT
NAT-022,C42,再生水（中水）回用率,C,MONITORING_REQUIRED,再生水利用比例,%,,,,M01_NOT_COLLECTED,再生水实际利用量；园区总用水量；统计年度；统计边界,水务部门,MONITORING_EXPORT
NAT-022,C51,单位工业增加值能耗削减率,C,MONITORING_REQUIRED,单位工业增加值综合能耗下降幅度,"tce/10,000 CNY",,,,M01_NOT_COLLECTED,综合能源消费量；工业增加值；统计年度；统计边界,能源与碳管理部门,MONITORING_EXPORT
NAT-022,C52,绿色电力使用,C,MONITORING_REQUIRED,绿色电力消费比例,"tCO2/10,000 CNY",,,,M01_NOT_COLLECTED,CO2排放量；工业增加值；统计年度；统计边界,能源与碳管理部门,MONITORING_EXPORT
NAT-022,C53,单位工业增加值CO₂排放量削减率,C,MONITORING_REQUIRED,单位工业增加值碳排放下降幅度,%,,,,M01_NOT_COLLECTED,单位工业增加值碳排放下降幅度；单位=%,能源与碳管理部门,OFFICIAL_STATISTICS
NAT-022,C54,绿色工厂示范企业数量,C,PARK_SURVEY_REQUIRED,国家级、省级绿色工厂数量,count,,,,M01_NOT_COLLECTED,国家级、省级绿色工厂数量；单位=个,企业服务部门,OFFICIAL_STATISTICS
NAT-022,C55,示范创建数量,C,PUBLIC_AVAILABLE,国家级、省级绿色园区、绿色供应链等示范创建数量,category,1,2025,S3E-0049,,国家级、省级绿色园区、绿色供应链等示范创建数量；单位=级别,园区综合管理部门,OFFICIAL_RECOGNITION
NAT-022,D11,化工园区智慧化水平,D,MISSING,园区智慧管理平台建设情况，包括安全、环保、能源、应急、封闭化管理、公共服务等智慧化系统建设及运行情况。,ordinal evidence level,,,,M01_NOT_COLLECTED,园区智慧管理平台建设情况，包括安全、环保、能源、应急、封闭化管理、公共服务等智慧化系统建设及运行情况。；单位=等级,智慧园区管理部门,MANAGEMENT_SYSTEM_RECORD
NAT-022,D21,省级及以上认定的智能工厂数量,D,PARK_SURVEY_REQUIRED,园区内获得国家级、省级智能工厂（或智能制造示范工厂）认定的企业数量。,%,,,,M01_NOT_COLLECTED,园区内获得国家级、省级智能工厂（或智能制造示范工厂）认定的企业数量。；单位=个,企业服务部门,OFFICIAL_STATISTICS
NAT-023,A11,规模以上工业企业工业总产值,A,PARK_SURVEY_REQUIRED,园区规模以上工业企业工业总产值（亿元）,100 million CNY,,,,M01_NOT_COLLECTED,园区规模以上工业企业工业总产值（亿元）；单位=亿元,经济运行与统计部门,OFFICIAL_STATISTICS
NAT-023,A12,规模以上工业企业工业总产值增长率,A,PARK_SURVEY_REQUIRED,当年规模以上工业企业工业总产值增长率（%）,CNY/person,,,,M01_NOT_COLLECTED,当年规模以上工业企业工业总产值增长率（%）；单位=%,经济运行与统计部门,OFFICIAL_STATISTICS
NAT-023,A21,规模以上工业企业利润率,A,ENTERPRISE_REQUIRED,利润总额/营业收入×100%,%,,,,M01_NOT_COLLECTED,利润总额/营业收入×100%；单位=%,企业服务部门,AUDITED_ENTERPRISE_DATA
NAT-023,A22,工业增加值增长率,A,PARK_SURVEY_REQUIRED,当年工业增加值增长率（%）,%,,,,M01_NOT_COLLECTED,当年工业增加值增长率（%）；单位=%,经济运行与统计部门,OFFICIAL_STATISTICS
NAT-023,A23,人均产值,A,ENTERPRISE_REQUIRED,工业总产值÷从业人员数量（万元/人）,%,,,,M01_NOT_COLLECTED,工业总产值÷从业人员数量（万元/人）；单位=万元/人,企业服务部门,AUDITED_ENTERPRISE_DATA
NAT-023,A31,亩均投资强度,A,PARK_SURVEY_REQUIRED,固定资产投资÷工业用地面积（万元/亩）,mu,,,,M01_NOT_COLLECTED,固定资产投资÷工业用地面积（万元/亩）；单位=万元/亩,经济运行与统计部门,OFFICIAL_STATISTICS
NAT-023,A32,亩均产值,A,PARK_SURVEY_REQUIRED,工业总产值÷工业用地面积（万元/亩）,"10,000 CNY/mu",,,,M01_NOT_COLLECTED,工业总产值÷工业用地面积（万元/亩）；单位=万元/亩,经济运行与统计部门,OFFICIAL_STATISTICS
NAT-023,A33,亩均税收,A,PARK_SURVEY_REQUIRED,税收收入÷工业用地面积（万元/亩）,%,,,,M01_NOT_COLLECTED,税收收入÷工业用地面积（万元/亩）；单位=万元/亩,经济运行与统计部门,OFFICIAL_STATISTICS
NAT-023,A41,原料内供率,A,ENTERPRISE_REQUIRED,园区内企业原料互供比例,%,,,,M01_NOT_COLLECTED,园区内企业原料互供比例；单位=%,企业服务部门,AUDITED_ENTERPRISE_DATA
NAT-023,B11,研发投入占主营业务收入的比重,B,ENTERPRISE_REQUIRED,园区规模以上工业企业研发经费支出占主营业务收入比例（%）,%,,,,M01_NOT_COLLECTED,园区规模以上工业企业研发经费支出占主营业务收入比例（%）；单位=%,科技创新部门,AUDITED_ENTERPRISE_DATA
NAT-023,B12,优质企业数量,B,PARK_SURVEY_REQUIRED,"国家级制造业单项冠军企业、专精特新""小巨人""企业、高新技术企业等数量",count,,,,M01_NOT_COLLECTED,"国家级制造业单项冠军企业、专精特新""小巨人""企业、高新技术企业等数量；单位=个",企业服务部门,OFFICIAL_STATISTICS
NAT-023,B13,上市公司所属企业数量,B,ENTERPRISE_REQUIRED,园区内上市公司及其控股企业数量,%,,,,M01_NOT_COLLECTED,园区内上市公司及其控股企业数量；单位=个,企业服务部门,AUDITED_ENTERPRISE_DATA
NAT-023,B14,发明专利数,B,ENTERPRISE_REQUIRED,园区企业拥有的有效发明专利数量,count,,,,M01_NOT_COLLECTED,园区企业拥有的有效发明专利数量；单位=个,科技创新部门,AUDITED_ENTERPRISE_DATA
NAT-023,B15,标准制定数,B,ENTERPRISE_REQUIRED,主导或参与制定国际、国家、行业及团体标准数量,count,,,,M01_NOT_COLLECTED,主导或参与制定国际、国家、行业及团体标准数量；单位=项,科技创新部门,AUDITED_ENTERPRISE_DATA
NAT-023,B21,省级及以上研发机构数量,B,PARK_SURVEY_REQUIRED,国家级、省级重点实验室、工程研究中心、企业技术中心等创新平台数量,count,,,,M01_NOT_COLLECTED,国家级、省级重点实验室、工程研究中心、企业技术中心等创新平台数量；单位=个,科技创新部门,OFFICIAL_STATISTICS
NAT-023,B22,产学研用融合平台,B,ENTERPRISE_REQUIRED,与高校、科研院所共建的平台数量,count,,,,M01_NOT_COLLECTED,与高校、科研院所共建的平台数量；单位=个,科技创新部门,AUDITED_ENTERPRISE_DATA
NAT-023,B23,园区级以上中试基地,B,PARK_SURVEY_REQUIRED,已建成并投入运行的中试基地数量,count,,,,M01_NOT_COLLECTED,已建成并投入运行的中试基地数量；单位=是/否,科技创新部门,OFFICIAL_STATISTICS
NAT-023,B31,产学研合作程度,B,DEFINITION_PENDING,园区企业开展产学研合作项目情况,DEFINITION_PENDING,,,,M06_DEFINITION_UNCLEAR,园区企业开展产学研合作项目情况；单位=%,科技创新部门,OFFICIAL_STATISTICS
NAT-023,B32,技术引进,B,DEFINITION_PENDING,企业引进先进技术、成果转化情况,DEFINITION_PENDING,,,,M06_DEFINITION_UNCLEAR,企业引进先进技术、成果转化情况；单位=%,科技创新部门,OFFICIAL_STATISTICS
NAT-023,B41,科技成果转化率,B,ENTERPRISE_REQUIRED,科技成果产业化、转化实施情况,count,,,,M01_NOT_COLLECTED,科技成果产业化、转化实施情况；单位=%,科技创新部门,AUDITED_ENTERPRISE_DATA
NAT-023,B42,产业精细化率,B,MISSING,精细化工及高端化工产品占比,count,,,,M01_NOT_COLLECTED,精细化工及高端化工产品占比；单位=%,企业服务部门,OFFICIAL_STATISTICS
NAT-023,C11,危险化学品从业单位安全生产标准化建设,C,MISSING,园区危险化学品生产、经营、储存等企业安全生产标准化建设情况,—,,,,M01_NOT_COLLECTED,园区危险化学品生产、经营、储存等企业安全生产标准化建设情况；单位=%,应急与安全部门,OFFICIAL_STATISTICS
NAT-023,C12,安全风险等级,C,MISSING,园区整体安全风险等级评估结果,—,,,,M01_NOT_COLLECTED,园区整体安全风险等级评估结果；单位=等级,应急与安全部门,OFFICIAL_STATISTICS
NAT-023,C13,安全生产事故发生等级,C,MISSING,年度生产安全事故情况,—,,,,M01_NOT_COLLECTED,年度生产安全事故情况；单位=等级,应急与安全部门,OFFICIAL_STATISTICS
NAT-023,C21,大气环境质量达标率,C,MONITORING_REQUIRED,园区环境空气质量达标情况,%,,,,M01_NOT_COLLECTED,园区环境空气质量达标情况；单位=%,生态环境部门,MONITORING_EXPORT
NAT-023,C22,地表水环境质量达标率,C,MONITORING_REQUIRED,园区地表水断面达标情况,%,,,,M01_NOT_COLLECTED,园区地表水断面达标情况；单位=%,生态环境部门,MONITORING_EXPORT
NAT-023,C23,地下水质量达标率,C,MONITORING_REQUIRED,地下水监测点位达标情况,%,,,,M01_NOT_COLLECTED,地下水监测点位达标情况；单位=%,生态环境部门,MONITORING_EXPORT
NAT-023,C24,土壤质量达标率,C,MONITORING_REQUIRED,土壤环境质量监测达标情况,%,,,,M01_NOT_COLLECTED,土壤环境质量监测达标情况；单位=%,生态环境部门,MONITORING_EXPORT
NAT-023,C31,单位工业总产值COD排放量,C,MONITORING_REQUIRED,单位工业总产值化学需氧量排放量,t/100m CNY,,,,M01_NOT_COLLECTED,COD排放量；同年度工业总产值；统计边界,生态环境部门,MONITORING_EXPORT
NAT-023,C32,单位工业总产值氨氮排放量,C,MONITORING_REQUIRED,单位工业总产值氨氮排放量,t/100m CNY,,,,M01_NOT_COLLECTED,NH3-N排放量；同年度工业总产值；统计边界,生态环境部门,MONITORING_EXPORT
NAT-023,C33,单位工业总产值SO₂排放量,C,MONITORING_REQUIRED,单位工业总产值二氧化硫排放量,t/100m CNY,,,,M01_NOT_COLLECTED,SO2排放量；同年度工业总产值；统计边界,生态环境部门,MONITORING_EXPORT
NAT-023,C34,单位工业总产值氮氧化物排放量,C,MONITORING_REQUIRED,单位工业总产值NOx排放量,t/100m CNY,,,,M01_NOT_COLLECTED,NOx排放量；同年度工业总产值；统计边界,生态环境部门,MONITORING_EXPORT
NAT-023,C35,单位工业总产值VOCs排放量,C,DEFINITION_PENDING,单位工业总产值挥发性有机物排放量,DEFINITION_PENDING,,,,M06_DEFINITION_UNCLEAR,VOCs排放量；同年度工业总产值；人工锁定定义,生态环境部门,MONITORING_EXPORT
NAT-023,C41,单位工业总产值新鲜取水量,C,MONITORING_REQUIRED,每单位工业产值消耗的新鲜水资源,"m3/10,000 CNY",,,,M01_NOT_COLLECTED,新鲜水取用量；工业增加值；统计年度；统计边界,水务部门,MONITORING_EXPORT
NAT-023,C42,再生水（中水）回用率,C,MONITORING_REQUIRED,再生水利用比例,%,,,,M01_NOT_COLLECTED,再生水实际利用量；园区总用水量；统计年度；统计边界,水务部门,MONITORING_EXPORT
NAT-023,C51,单位工业增加值能耗削减率,C,MONITORING_REQUIRED,单位工业增加值综合能耗下降幅度,"tce/10,000 CNY",,,,M01_NOT_COLLECTED,综合能源消费量；工业增加值；统计年度；统计边界,能源与碳管理部门,MONITORING_EXPORT
NAT-023,C52,绿色电力使用,C,MONITORING_REQUIRED,绿色电力消费比例,"tCO2/10,000 CNY",,,,M01_NOT_COLLECTED,CO2排放量；工业增加值；统计年度；统计边界,能源与碳管理部门,MONITORING_EXPORT
NAT-023,C53,单位工业增加值CO₂排放量削减率,C,MONITORING_REQUIRED,单位工业增加值碳排放下降幅度,%,,,,M01_NOT_COLLECTED,单位工业增加值碳排放下降幅度；单位=%,能源与碳管理部门,OFFICIAL_STATISTICS
NAT-023,C54,绿色工厂示范企业数量,C,PARK_SURVEY_REQUIRED,国家级、省级绿色工厂数量,count,,,,M01_NOT_COLLECTED,国家级、省级绿色工厂数量；单位=个,企业服务部门,OFFICIAL_STATISTICS
NAT-023,C55,示范创建数量,C,PUBLIC_AVAILABLE,国家级、省级绿色园区、绿色供应链等示范创建数量,category,1,2025,S3E-0050,,国家级、省级绿色园区、绿色供应链等示范创建数量；单位=级别,园区综合管理部门,OFFICIAL_RECOGNITION
NAT-023,D11,化工园区智慧化水平,D,MISSING,园区智慧管理平台建设情况，包括安全、环保、能源、应急、封闭化管理、公共服务等智慧化系统建设及运行情况。,ordinal evidence level,,,,M01_NOT_COLLECTED,园区智慧管理平台建设情况，包括安全、环保、能源、应急、封闭化管理、公共服务等智慧化系统建设及运行情况。；单位=等级,智慧园区管理部门,MANAGEMENT_SYSTEM_RECORD
NAT-023,D21,省级及以上认定的智能工厂数量,D,PARK_SURVEY_REQUIRED,园区内获得国家级、省级智能工厂（或智能制造示范工厂）认定的企业数量。,%,,,,M01_NOT_COLLECTED,园区内获得国家级、省级智能工厂（或智能制造示范工厂）认定的企业数量。；单位=个,企业服务部门,OFFICIAL_STATISTICS
NAT-024,A11,规模以上工业企业工业总产值,A,PARK_SURVEY_REQUIRED,园区规模以上工业企业工业总产值（亿元）,100 million CNY,,,,M01_NOT_COLLECTED,园区规模以上工业企业工业总产值（亿元）；单位=亿元,经济运行与统计部门,OFFICIAL_STATISTICS
NAT-024,A12,规模以上工业企业工业总产值增长率,A,PARK_SURVEY_REQUIRED,当年规模以上工业企业工业总产值增长率（%）,CNY/person,,,,M01_NOT_COLLECTED,当年规模以上工业企业工业总产值增长率（%）；单位=%,经济运行与统计部门,OFFICIAL_STATISTICS
NAT-024,A21,规模以上工业企业利润率,A,ENTERPRISE_REQUIRED,利润总额/营业收入×100%,%,,,,M01_NOT_COLLECTED,利润总额/营业收入×100%；单位=%,企业服务部门,AUDITED_ENTERPRISE_DATA
NAT-024,A22,工业增加值增长率,A,PARK_SURVEY_REQUIRED,当年工业增加值增长率（%）,%,,,,M01_NOT_COLLECTED,当年工业增加值增长率（%）；单位=%,经济运行与统计部门,OFFICIAL_STATISTICS
NAT-024,A23,人均产值,A,ENTERPRISE_REQUIRED,工业总产值÷从业人员数量（万元/人）,%,,,,M01_NOT_COLLECTED,工业总产值÷从业人员数量（万元/人）；单位=万元/人,企业服务部门,AUDITED_ENTERPRISE_DATA
NAT-024,A31,亩均投资强度,A,PARK_SURVEY_REQUIRED,固定资产投资÷工业用地面积（万元/亩）,mu,,,,M01_NOT_COLLECTED,固定资产投资÷工业用地面积（万元/亩）；单位=万元/亩,经济运行与统计部门,OFFICIAL_STATISTICS
NAT-024,A32,亩均产值,A,PARK_SURVEY_REQUIRED,工业总产值÷工业用地面积（万元/亩）,"10,000 CNY/mu",,,,M01_NOT_COLLECTED,工业总产值÷工业用地面积（万元/亩）；单位=万元/亩,经济运行与统计部门,OFFICIAL_STATISTICS
NAT-024,A33,亩均税收,A,PARK_SURVEY_REQUIRED,税收收入÷工业用地面积（万元/亩）,%,,,,M01_NOT_COLLECTED,税收收入÷工业用地面积（万元/亩）；单位=万元/亩,经济运行与统计部门,OFFICIAL_STATISTICS
NAT-024,A41,原料内供率,A,ENTERPRISE_REQUIRED,园区内企业原料互供比例,%,,,,M01_NOT_COLLECTED,园区内企业原料互供比例；单位=%,企业服务部门,AUDITED_ENTERPRISE_DATA
NAT-024,B11,研发投入占主营业务收入的比重,B,ENTERPRISE_REQUIRED,园区规模以上工业企业研发经费支出占主营业务收入比例（%）,%,,,,M01_NOT_COLLECTED,园区规模以上工业企业研发经费支出占主营业务收入比例（%）；单位=%,科技创新部门,AUDITED_ENTERPRISE_DATA
NAT-024,B12,优质企业数量,B,PARK_SURVEY_REQUIRED,"国家级制造业单项冠军企业、专精特新""小巨人""企业、高新技术企业等数量",count,,,,M01_NOT_COLLECTED,"国家级制造业单项冠军企业、专精特新""小巨人""企业、高新技术企业等数量；单位=个",企业服务部门,OFFICIAL_STATISTICS
NAT-024,B13,上市公司所属企业数量,B,ENTERPRISE_REQUIRED,园区内上市公司及其控股企业数量,%,,,,M01_NOT_COLLECTED,园区内上市公司及其控股企业数量；单位=个,企业服务部门,AUDITED_ENTERPRISE_DATA
NAT-024,B14,发明专利数,B,ENTERPRISE_REQUIRED,园区企业拥有的有效发明专利数量,count,,,,M01_NOT_COLLECTED,园区企业拥有的有效发明专利数量；单位=个,科技创新部门,AUDITED_ENTERPRISE_DATA
NAT-024,B15,标准制定数,B,ENTERPRISE_REQUIRED,主导或参与制定国际、国家、行业及团体标准数量,count,,,,M01_NOT_COLLECTED,主导或参与制定国际、国家、行业及团体标准数量；单位=项,科技创新部门,AUDITED_ENTERPRISE_DATA
NAT-024,B21,省级及以上研发机构数量,B,PARK_SURVEY_REQUIRED,国家级、省级重点实验室、工程研究中心、企业技术中心等创新平台数量,count,,,,M01_NOT_COLLECTED,国家级、省级重点实验室、工程研究中心、企业技术中心等创新平台数量；单位=个,科技创新部门,OFFICIAL_STATISTICS
NAT-024,B22,产学研用融合平台,B,ENTERPRISE_REQUIRED,与高校、科研院所共建的平台数量,count,,,,M01_NOT_COLLECTED,与高校、科研院所共建的平台数量；单位=个,科技创新部门,AUDITED_ENTERPRISE_DATA
NAT-024,B23,园区级以上中试基地,B,PARK_SURVEY_REQUIRED,已建成并投入运行的中试基地数量,count,,,,M01_NOT_COLLECTED,已建成并投入运行的中试基地数量；单位=是/否,科技创新部门,OFFICIAL_STATISTICS
NAT-024,B31,产学研合作程度,B,DEFINITION_PENDING,园区企业开展产学研合作项目情况,DEFINITION_PENDING,,,,M06_DEFINITION_UNCLEAR,园区企业开展产学研合作项目情况；单位=%,科技创新部门,OFFICIAL_STATISTICS
NAT-024,B32,技术引进,B,DEFINITION_PENDING,企业引进先进技术、成果转化情况,DEFINITION_PENDING,,,,M06_DEFINITION_UNCLEAR,企业引进先进技术、成果转化情况；单位=%,科技创新部门,OFFICIAL_STATISTICS
NAT-024,B41,科技成果转化率,B,ENTERPRISE_REQUIRED,科技成果产业化、转化实施情况,count,,,,M01_NOT_COLLECTED,科技成果产业化、转化实施情况；单位=%,科技创新部门,AUDITED_ENTERPRISE_DATA
NAT-024,B42,产业精细化率,B,MISSING,精细化工及高端化工产品占比,count,,,,M01_NOT_COLLECTED,精细化工及高端化工产品占比；单位=%,企业服务部门,OFFICIAL_STATISTICS
NAT-024,C11,危险化学品从业单位安全生产标准化建设,C,MISSING,园区危险化学品生产、经营、储存等企业安全生产标准化建设情况,—,,,,M01_NOT_COLLECTED,园区危险化学品生产、经营、储存等企业安全生产标准化建设情况；单位=%,应急与安全部门,OFFICIAL_STATISTICS
NAT-024,C12,安全风险等级,C,MISSING,园区整体安全风险等级评估结果,—,,,,M01_NOT_COLLECTED,园区整体安全风险等级评估结果；单位=等级,应急与安全部门,OFFICIAL_STATISTICS
NAT-024,C13,安全生产事故发生等级,C,MISSING,年度生产安全事故情况,—,,,,M01_NOT_COLLECTED,年度生产安全事故情况；单位=等级,应急与安全部门,OFFICIAL_STATISTICS
NAT-024,C21,大气环境质量达标率,C,MONITORING_REQUIRED,园区环境空气质量达标情况,%,,,,M01_NOT_COLLECTED,园区环境空气质量达标情况；单位=%,生态环境部门,MONITORING_EXPORT
NAT-024,C22,地表水环境质量达标率,C,MONITORING_REQUIRED,园区地表水断面达标情况,%,,,,M01_NOT_COLLECTED,园区地表水断面达标情况；单位=%,生态环境部门,MONITORING_EXPORT
NAT-024,C23,地下水质量达标率,C,MONITORING_REQUIRED,地下水监测点位达标情况,%,,,,M01_NOT_COLLECTED,地下水监测点位达标情况；单位=%,生态环境部门,MONITORING_EXPORT
NAT-024,C24,土壤质量达标率,C,MONITORING_REQUIRED,土壤环境质量监测达标情况,%,,,,M01_NOT_COLLECTED,土壤环境质量监测达标情况；单位=%,生态环境部门,MONITORING_EXPORT
NAT-024,C31,单位工业总产值COD排放量,C,MONITORING_REQUIRED,单位工业总产值化学需氧量排放量,t/100m CNY,,,,M01_NOT_COLLECTED,COD排放量；同年度工业总产值；统计边界,生态环境部门,MONITORING_EXPORT
NAT-024,C32,单位工业总产值氨氮排放量,C,MONITORING_REQUIRED,单位工业总产值氨氮排放量,t/100m CNY,,,,M01_NOT_COLLECTED,NH3-N排放量；同年度工业总产值；统计边界,生态环境部门,MONITORING_EXPORT
NAT-024,C33,单位工业总产值SO₂排放量,C,MONITORING_REQUIRED,单位工业总产值二氧化硫排放量,t/100m CNY,,,,M01_NOT_COLLECTED,SO2排放量；同年度工业总产值；统计边界,生态环境部门,MONITORING_EXPORT
NAT-024,C34,单位工业总产值氮氧化物排放量,C,MONITORING_REQUIRED,单位工业总产值NOx排放量,t/100m CNY,,,,M01_NOT_COLLECTED,NOx排放量；同年度工业总产值；统计边界,生态环境部门,MONITORING_EXPORT
NAT-024,C35,单位工业总产值VOCs排放量,C,DEFINITION_PENDING,单位工业总产值挥发性有机物排放量,DEFINITION_PENDING,,,,M06_DEFINITION_UNCLEAR,VOCs排放量；同年度工业总产值；人工锁定定义,生态环境部门,MONITORING_EXPORT
NAT-024,C41,单位工业总产值新鲜取水量,C,MONITORING_REQUIRED,每单位工业产值消耗的新鲜水资源,"m3/10,000 CNY",,,,M01_NOT_COLLECTED,新鲜水取用量；工业增加值；统计年度；统计边界,水务部门,MONITORING_EXPORT
NAT-024,C42,再生水（中水）回用率,C,MONITORING_REQUIRED,再生水利用比例,%,,,,M01_NOT_COLLECTED,再生水实际利用量；园区总用水量；统计年度；统计边界,水务部门,MONITORING_EXPORT
NAT-024,C51,单位工业增加值能耗削减率,C,MONITORING_REQUIRED,单位工业增加值综合能耗下降幅度,"tce/10,000 CNY",,,,M01_NOT_COLLECTED,综合能源消费量；工业增加值；统计年度；统计边界,能源与碳管理部门,MONITORING_EXPORT
NAT-024,C52,绿色电力使用,C,MONITORING_REQUIRED,绿色电力消费比例,"tCO2/10,000 CNY",,,,M01_NOT_COLLECTED,CO2排放量；工业增加值；统计年度；统计边界,能源与碳管理部门,MONITORING_EXPORT
NAT-024,C53,单位工业增加值CO₂排放量削减率,C,MONITORING_REQUIRED,单位工业增加值碳排放下降幅度,%,,,,M01_NOT_COLLECTED,单位工业增加值碳排放下降幅度；单位=%,能源与碳管理部门,OFFICIAL_STATISTICS
NAT-024,C54,绿色工厂示范企业数量,C,PARK_SURVEY_REQUIRED,国家级、省级绿色工厂数量,count,,,,M01_NOT_COLLECTED,国家级、省级绿色工厂数量；单位=个,企业服务部门,OFFICIAL_STATISTICS
NAT-024,C55,示范创建数量,C,PUBLIC_AVAILABLE,国家级、省级绿色园区、绿色供应链等示范创建数量,category,1,2025,S3E-0051,,国家级、省级绿色园区、绿色供应链等示范创建数量；单位=级别,园区综合管理部门,OFFICIAL_RECOGNITION
NAT-024,D11,化工园区智慧化水平,D,MISSING,园区智慧管理平台建设情况，包括安全、环保、能源、应急、封闭化管理、公共服务等智慧化系统建设及运行情况。,ordinal evidence level,,,,M01_NOT_COLLECTED,园区智慧管理平台建设情况，包括安全、环保、能源、应急、封闭化管理、公共服务等智慧化系统建设及运行情况。；单位=等级,智慧园区管理部门,MANAGEMENT_SYSTEM_RECORD
NAT-024,D21,省级及以上认定的智能工厂数量,D,PARK_SURVEY_REQUIRED,园区内获得国家级、省级智能工厂（或智能制造示范工厂）认定的企业数量。,%,,,,M01_NOT_COLLECTED,园区内获得国家级、省级智能工厂（或智能制造示范工厂）认定的企业数量。；单位=个,企业服务部门,OFFICIAL_STATISTICS
NAT-025,A11,规模以上工业企业工业总产值,A,PUBLIC_AVAILABLE,园区规模以上工业企业工业总产值（亿元）,100 million CNY,788.8,2023,S3E-0001,,园区规模以上工业企业工业总产值（亿元）；单位=亿元,经济运行与统计部门,OFFICIAL_STATISTICS
NAT-025,A12,规模以上工业企业工业总产值增长率,A,PARK_SURVEY_REQUIRED,当年规模以上工业企业工业总产值增长率（%）,CNY/person,,,,M01_NOT_COLLECTED,当年规模以上工业企业工业总产值增长率（%）；单位=%,经济运行与统计部门,OFFICIAL_STATISTICS
NAT-025,A21,规模以上工业企业利润率,A,ENTERPRISE_REQUIRED,利润总额/营业收入×100%,%,,,,M01_NOT_COLLECTED,利润总额/营业收入×100%；单位=%,企业服务部门,AUDITED_ENTERPRISE_DATA
NAT-025,A22,工业增加值增长率,A,PARK_SURVEY_REQUIRED,当年工业增加值增长率（%）,%,,,,M01_NOT_COLLECTED,当年工业增加值增长率（%）；单位=%,经济运行与统计部门,OFFICIAL_STATISTICS
NAT-025,A23,人均产值,A,ENTERPRISE_REQUIRED,工业总产值÷从业人员数量（万元/人）,%,,,,M01_NOT_COLLECTED,工业总产值÷从业人员数量（万元/人）；单位=万元/人,企业服务部门,AUDITED_ENTERPRISE_DATA
NAT-025,A31,亩均投资强度,A,PARK_SURVEY_REQUIRED,固定资产投资÷工业用地面积（万元/亩）,mu,,,,M01_NOT_COLLECTED,固定资产投资÷工业用地面积（万元/亩）；单位=万元/亩,经济运行与统计部门,OFFICIAL_STATISTICS
NAT-025,A32,亩均产值,A,PARK_SURVEY_REQUIRED,工业总产值÷工业用地面积（万元/亩）,"10,000 CNY/mu",,,,M01_NOT_COLLECTED,工业总产值÷工业用地面积（万元/亩）；单位=万元/亩,经济运行与统计部门,OFFICIAL_STATISTICS
NAT-025,A33,亩均税收,A,PARK_SURVEY_REQUIRED,税收收入÷工业用地面积（万元/亩）,%,,,,M01_NOT_COLLECTED,税收收入÷工业用地面积（万元/亩）；单位=万元/亩,经济运行与统计部门,OFFICIAL_STATISTICS
NAT-025,A41,原料内供率,A,ENTERPRISE_REQUIRED,园区内企业原料互供比例,%,,2025,S3E-0002,M01_NOT_COLLECTED,园区内企业原料互供比例；单位=%,企业服务部门,AUDITED_ENTERPRISE_DATA
NAT-025,B11,研发投入占主营业务收入的比重,B,ENTERPRISE_REQUIRED,园区规模以上工业企业研发经费支出占主营业务收入比例（%）,%,,,,M01_NOT_COLLECTED,园区规模以上工业企业研发经费支出占主营业务收入比例（%）；单位=%,科技创新部门,AUDITED_ENTERPRISE_DATA
NAT-025,B12,优质企业数量,B,PARK_SURVEY_REQUIRED,"国家级制造业单项冠军企业、专精特新""小巨人""企业、高新技术企业等数量",count,,,,M01_NOT_COLLECTED,"国家级制造业单项冠军企业、专精特新""小巨人""企业、高新技术企业等数量；单位=个",企业服务部门,OFFICIAL_STATISTICS
NAT-025,B13,上市公司所属企业数量,B,ENTERPRISE_REQUIRED,园区内上市公司及其控股企业数量,%,,,,M01_NOT_COLLECTED,园区内上市公司及其控股企业数量；单位=个,企业服务部门,AUDITED_ENTERPRISE_DATA
NAT-025,B14,发明专利数,B,ENTERPRISE_REQUIRED,园区企业拥有的有效发明专利数量,count,,,,M01_NOT_COLLECTED,园区企业拥有的有效发明专利数量；单位=个,科技创新部门,AUDITED_ENTERPRISE_DATA
NAT-025,B15,标准制定数,B,ENTERPRISE_REQUIRED,主导或参与制定国际、国家、行业及团体标准数量,count,,,,M01_NOT_COLLECTED,主导或参与制定国际、国家、行业及团体标准数量；单位=项,科技创新部门,AUDITED_ENTERPRISE_DATA
NAT-025,B21,省级及以上研发机构数量,B,PARK_SURVEY_REQUIRED,国家级、省级重点实验室、工程研究中心、企业技术中心等创新平台数量,count,,,,M01_NOT_COLLECTED,国家级、省级重点实验室、工程研究中心、企业技术中心等创新平台数量；单位=个,科技创新部门,OFFICIAL_STATISTICS
NAT-025,B22,产学研用融合平台,B,ENTERPRISE_REQUIRED,与高校、科研院所共建的平台数量,count,,,,M01_NOT_COLLECTED,与高校、科研院所共建的平台数量；单位=个,科技创新部门,AUDITED_ENTERPRISE_DATA
NAT-025,B23,园区级以上中试基地,B,PARK_SURVEY_REQUIRED,已建成并投入运行的中试基地数量,count,,,,M01_NOT_COLLECTED,已建成并投入运行的中试基地数量；单位=是/否,科技创新部门,OFFICIAL_STATISTICS
NAT-025,B31,产学研合作程度,B,DEFINITION_PENDING,园区企业开展产学研合作项目情况,DEFINITION_PENDING,,,,M06_DEFINITION_UNCLEAR,园区企业开展产学研合作项目情况；单位=%,科技创新部门,OFFICIAL_STATISTICS
NAT-025,B32,技术引进,B,DEFINITION_PENDING,企业引进先进技术、成果转化情况,DEFINITION_PENDING,,,,M06_DEFINITION_UNCLEAR,企业引进先进技术、成果转化情况；单位=%,科技创新部门,OFFICIAL_STATISTICS
NAT-025,B41,科技成果转化率,B,ENTERPRISE_REQUIRED,科技成果产业化、转化实施情况,count,,,,M01_NOT_COLLECTED,科技成果产业化、转化实施情况；单位=%,科技创新部门,AUDITED_ENTERPRISE_DATA
NAT-025,B42,产业精细化率,B,MISSING,精细化工及高端化工产品占比,count,,2024,S3E-0003,M01_NOT_COLLECTED,精细化工及高端化工产品占比；单位=%,企业服务部门,OFFICIAL_STATISTICS
NAT-025,C11,危险化学品从业单位安全生产标准化建设,C,MISSING,园区危险化学品生产、经营、储存等企业安全生产标准化建设情况,—,,,,M01_NOT_COLLECTED,园区危险化学品生产、经营、储存等企业安全生产标准化建设情况；单位=%,应急与安全部门,OFFICIAL_STATISTICS
NAT-025,C12,安全风险等级,C,MISSING,园区整体安全风险等级评估结果,—,,,,M01_NOT_COLLECTED,园区整体安全风险等级评估结果；单位=等级,应急与安全部门,OFFICIAL_STATISTICS
NAT-025,C13,安全生产事故发生等级,C,MISSING,年度生产安全事故情况,—,,,,M01_NOT_COLLECTED,年度生产安全事故情况；单位=等级,应急与安全部门,OFFICIAL_STATISTICS
NAT-025,C21,大气环境质量达标率,C,MONITORING_REQUIRED,园区环境空气质量达标情况,%,,2024,S3E-0004,M01_NOT_COLLECTED,园区环境空气质量达标情况；单位=%,生态环境部门,MONITORING_EXPORT
NAT-025,C22,地表水环境质量达标率,C,MONITORING_REQUIRED,园区地表水断面达标情况,%,,,,M01_NOT_COLLECTED,园区地表水断面达标情况；单位=%,生态环境部门,MONITORING_EXPORT
NAT-025,C23,地下水质量达标率,C,MONITORING_REQUIRED,地下水监测点位达标情况,%,,,,M01_NOT_COLLECTED,地下水监测点位达标情况；单位=%,生态环境部门,MONITORING_EXPORT
NAT-025,C24,土壤质量达标率,C,MONITORING_REQUIRED,土壤环境质量监测达标情况,%,,,,M01_NOT_COLLECTED,土壤环境质量监测达标情况；单位=%,生态环境部门,MONITORING_EXPORT
NAT-025,C31,单位工业总产值COD排放量,C,MONITORING_REQUIRED,单位工业总产值化学需氧量排放量,t/100m CNY,,,,M01_NOT_COLLECTED,COD排放量；同年度工业总产值；统计边界,生态环境部门,MONITORING_EXPORT
NAT-025,C32,单位工业总产值氨氮排放量,C,MONITORING_REQUIRED,单位工业总产值氨氮排放量,t/100m CNY,,,,M01_NOT_COLLECTED,NH3-N排放量；同年度工业总产值；统计边界,生态环境部门,MONITORING_EXPORT
NAT-025,C33,单位工业总产值SO₂排放量,C,MONITORING_REQUIRED,单位工业总产值二氧化硫排放量,t/100m CNY,,,,M01_NOT_COLLECTED,SO2排放量；同年度工业总产值；统计边界,生态环境部门,MONITORING_EXPORT
NAT-025,C34,单位工业总产值氮氧化物排放量,C,MONITORING_REQUIRED,单位工业总产值NOx排放量,t/100m CNY,,,,M01_NOT_COLLECTED,NOx排放量；同年度工业总产值；统计边界,生态环境部门,MONITORING_EXPORT
NAT-025,C35,单位工业总产值VOCs排放量,C,DEFINITION_PENDING,单位工业总产值挥发性有机物排放量,DEFINITION_PENDING,,,,M06_DEFINITION_UNCLEAR,VOCs排放量；同年度工业总产值；人工锁定定义,生态环境部门,MONITORING_EXPORT
NAT-025,C41,单位工业总产值新鲜取水量,C,MONITORING_REQUIRED,每单位工业产值消耗的新鲜水资源,"m3/10,000 CNY",,,,M01_NOT_COLLECTED,新鲜水取用量；工业增加值；统计年度；统计边界,水务部门,MONITORING_EXPORT
NAT-025,C42,再生水（中水）回用率,C,MONITORING_REQUIRED,再生水利用比例,%,,2025,S3E-0005,M01_NOT_COLLECTED,再生水实际利用量；园区总用水量；统计年度；统计边界,水务部门,MONITORING_EXPORT
NAT-025,C51,单位工业增加值能耗削减率,C,MONITORING_REQUIRED,单位工业增加值综合能耗下降幅度,"tce/10,000 CNY",,,,M01_NOT_COLLECTED,综合能源消费量；工业增加值；统计年度；统计边界,能源与碳管理部门,MONITORING_EXPORT
NAT-025,C52,绿色电力使用,C,MONITORING_REQUIRED,绿色电力消费比例,"tCO2/10,000 CNY",,,,M01_NOT_COLLECTED,CO2排放量；工业增加值；统计年度；统计边界,能源与碳管理部门,MONITORING_EXPORT
NAT-025,C53,单位工业增加值CO₂排放量削减率,C,MONITORING_REQUIRED,单位工业增加值碳排放下降幅度,%,,,,M01_NOT_COLLECTED,单位工业增加值碳排放下降幅度；单位=%,能源与碳管理部门,OFFICIAL_STATISTICS
NAT-025,C54,绿色工厂示范企业数量,C,PUBLIC_AVAILABLE,国家级、省级绿色工厂数量,count,1,2025,S3E-0006,,国家级、省级绿色工厂数量；单位=个,企业服务部门,OFFICIAL_STATISTICS
NAT-025,C55,示范创建数量,C,PUBLIC_AVAILABLE,国家级、省级绿色园区、绿色供应链等示范创建数量,category,2,2025,S3E-0052,,国家级、省级绿色园区、绿色供应链等示范创建数量；单位=级别,园区综合管理部门,OFFICIAL_RECOGNITION
NAT-025,D11,化工园区智慧化水平,D,MISSING,园区智慧管理平台建设情况，包括安全、环保、能源、应急、封闭化管理、公共服务等智慧化系统建设及运行情况。,ordinal evidence level,,2024,S3E-0007,M01_NOT_COLLECTED,园区智慧管理平台建设情况，包括安全、环保、能源、应急、封闭化管理、公共服务等智慧化系统建设及运行情况。；单位=等级,智慧园区管理部门,MANAGEMENT_SYSTEM_RECORD
NAT-025,D21,省级及以上认定的智能工厂数量,D,PARK_SURVEY_REQUIRED,园区内获得国家级、省级智能工厂（或智能制造示范工厂）认定的企业数量。,%,,,,M01_NOT_COLLECTED,园区内获得国家级、省级智能工厂（或智能制造示范工厂）认定的企业数量。；单位=个,企业服务部门,OFFICIAL_STATISTICS
NAT-026,A11,规模以上工业企业工业总产值,A,PARK_SURVEY_REQUIRED,园区规模以上工业企业工业总产值（亿元）,100 million CNY,,,,M01_NOT_COLLECTED,园区规模以上工业企业工业总产值（亿元）；单位=亿元,经济运行与统计部门,OFFICIAL_STATISTICS
NAT-026,A12,规模以上工业企业工业总产值增长率,A,PARK_SURVEY_REQUIRED,当年规模以上工业企业工业总产值增长率（%）,CNY/person,,,,M01_NOT_COLLECTED,当年规模以上工业企业工业总产值增长率（%）；单位=%,经济运行与统计部门,OFFICIAL_STATISTICS
NAT-026,A21,规模以上工业企业利润率,A,ENTERPRISE_REQUIRED,利润总额/营业收入×100%,%,,,,M01_NOT_COLLECTED,利润总额/营业收入×100%；单位=%,企业服务部门,AUDITED_ENTERPRISE_DATA
NAT-026,A22,工业增加值增长率,A,PARK_SURVEY_REQUIRED,当年工业增加值增长率（%）,%,,,,M01_NOT_COLLECTED,当年工业增加值增长率（%）；单位=%,经济运行与统计部门,OFFICIAL_STATISTICS
NAT-026,A23,人均产值,A,ENTERPRISE_REQUIRED,工业总产值÷从业人员数量（万元/人）,%,,,,M01_NOT_COLLECTED,工业总产值÷从业人员数量（万元/人）；单位=万元/人,企业服务部门,AUDITED_ENTERPRISE_DATA
NAT-026,A31,亩均投资强度,A,PARK_SURVEY_REQUIRED,固定资产投资÷工业用地面积（万元/亩）,mu,,,,M01_NOT_COLLECTED,固定资产投资÷工业用地面积（万元/亩）；单位=万元/亩,经济运行与统计部门,OFFICIAL_STATISTICS
NAT-026,A32,亩均产值,A,PARK_SURVEY_REQUIRED,工业总产值÷工业用地面积（万元/亩）,"10,000 CNY/mu",,,,M01_NOT_COLLECTED,工业总产值÷工业用地面积（万元/亩）；单位=万元/亩,经济运行与统计部门,OFFICIAL_STATISTICS
NAT-026,A33,亩均税收,A,PARK_SURVEY_REQUIRED,税收收入÷工业用地面积（万元/亩）,%,,,,M01_NOT_COLLECTED,税收收入÷工业用地面积（万元/亩）；单位=万元/亩,经济运行与统计部门,OFFICIAL_STATISTICS
NAT-026,A41,原料内供率,A,ENTERPRISE_REQUIRED,园区内企业原料互供比例,%,,,,M01_NOT_COLLECTED,园区内企业原料互供比例；单位=%,企业服务部门,AUDITED_ENTERPRISE_DATA
NAT-026,B11,研发投入占主营业务收入的比重,B,ENTERPRISE_REQUIRED,园区规模以上工业企业研发经费支出占主营业务收入比例（%）,%,,,,M01_NOT_COLLECTED,园区规模以上工业企业研发经费支出占主营业务收入比例（%）；单位=%,科技创新部门,AUDITED_ENTERPRISE_DATA
NAT-026,B12,优质企业数量,B,PARK_SURVEY_REQUIRED,"国家级制造业单项冠军企业、专精特新""小巨人""企业、高新技术企业等数量",count,,,,M01_NOT_COLLECTED,"国家级制造业单项冠军企业、专精特新""小巨人""企业、高新技术企业等数量；单位=个",企业服务部门,OFFICIAL_STATISTICS
NAT-026,B13,上市公司所属企业数量,B,ENTERPRISE_REQUIRED,园区内上市公司及其控股企业数量,%,,,,M01_NOT_COLLECTED,园区内上市公司及其控股企业数量；单位=个,企业服务部门,AUDITED_ENTERPRISE_DATA
NAT-026,B14,发明专利数,B,ENTERPRISE_REQUIRED,园区企业拥有的有效发明专利数量,count,,,,M01_NOT_COLLECTED,园区企业拥有的有效发明专利数量；单位=个,科技创新部门,AUDITED_ENTERPRISE_DATA
NAT-026,B15,标准制定数,B,ENTERPRISE_REQUIRED,主导或参与制定国际、国家、行业及团体标准数量,count,,,,M01_NOT_COLLECTED,主导或参与制定国际、国家、行业及团体标准数量；单位=项,科技创新部门,AUDITED_ENTERPRISE_DATA
NAT-026,B21,省级及以上研发机构数量,B,PARK_SURVEY_REQUIRED,国家级、省级重点实验室、工程研究中心、企业技术中心等创新平台数量,count,,,,M01_NOT_COLLECTED,国家级、省级重点实验室、工程研究中心、企业技术中心等创新平台数量；单位=个,科技创新部门,OFFICIAL_STATISTICS
NAT-026,B22,产学研用融合平台,B,ENTERPRISE_REQUIRED,与高校、科研院所共建的平台数量,count,,,,M01_NOT_COLLECTED,与高校、科研院所共建的平台数量；单位=个,科技创新部门,AUDITED_ENTERPRISE_DATA
NAT-026,B23,园区级以上中试基地,B,PARK_SURVEY_REQUIRED,已建成并投入运行的中试基地数量,count,,,,M01_NOT_COLLECTED,已建成并投入运行的中试基地数量；单位=是/否,科技创新部门,OFFICIAL_STATISTICS
NAT-026,B31,产学研合作程度,B,DEFINITION_PENDING,园区企业开展产学研合作项目情况,DEFINITION_PENDING,,,,M06_DEFINITION_UNCLEAR,园区企业开展产学研合作项目情况；单位=%,科技创新部门,OFFICIAL_STATISTICS
NAT-026,B32,技术引进,B,DEFINITION_PENDING,企业引进先进技术、成果转化情况,DEFINITION_PENDING,,,,M06_DEFINITION_UNCLEAR,企业引进先进技术、成果转化情况；单位=%,科技创新部门,OFFICIAL_STATISTICS
NAT-026,B41,科技成果转化率,B,ENTERPRISE_REQUIRED,科技成果产业化、转化实施情况,count,,,,M01_NOT_COLLECTED,科技成果产业化、转化实施情况；单位=%,科技创新部门,AUDITED_ENTERPRISE_DATA
NAT-026,B42,产业精细化率,B,MISSING,精细化工及高端化工产品占比,count,,,,M01_NOT_COLLECTED,精细化工及高端化工产品占比；单位=%,企业服务部门,OFFICIAL_STATISTICS
NAT-026,C11,危险化学品从业单位安全生产标准化建设,C,MISSING,园区危险化学品生产、经营、储存等企业安全生产标准化建设情况,—,,,,M01_NOT_COLLECTED,园区危险化学品生产、经营、储存等企业安全生产标准化建设情况；单位=%,应急与安全部门,OFFICIAL_STATISTICS
NAT-026,C12,安全风险等级,C,MISSING,园区整体安全风险等级评估结果,—,,,,M01_NOT_COLLECTED,园区整体安全风险等级评估结果；单位=等级,应急与安全部门,OFFICIAL_STATISTICS
NAT-026,C13,安全生产事故发生等级,C,MISSING,年度生产安全事故情况,—,,,,M01_NOT_COLLECTED,年度生产安全事故情况；单位=等级,应急与安全部门,OFFICIAL_STATISTICS
NAT-026,C21,大气环境质量达标率,C,MONITORING_REQUIRED,园区环境空气质量达标情况,%,,,,M01_NOT_COLLECTED,园区环境空气质量达标情况；单位=%,生态环境部门,MONITORING_EXPORT
NAT-026,C22,地表水环境质量达标率,C,MONITORING_REQUIRED,园区地表水断面达标情况,%,,,,M01_NOT_COLLECTED,园区地表水断面达标情况；单位=%,生态环境部门,MONITORING_EXPORT
NAT-026,C23,地下水质量达标率,C,MONITORING_REQUIRED,地下水监测点位达标情况,%,,,,M01_NOT_COLLECTED,地下水监测点位达标情况；单位=%,生态环境部门,MONITORING_EXPORT
NAT-026,C24,土壤质量达标率,C,MONITORING_REQUIRED,土壤环境质量监测达标情况,%,,,,M01_NOT_COLLECTED,土壤环境质量监测达标情况；单位=%,生态环境部门,MONITORING_EXPORT
NAT-026,C31,单位工业总产值COD排放量,C,MONITORING_REQUIRED,单位工业总产值化学需氧量排放量,t/100m CNY,,,,M01_NOT_COLLECTED,COD排放量；同年度工业总产值；统计边界,生态环境部门,MONITORING_EXPORT
NAT-026,C32,单位工业总产值氨氮排放量,C,MONITORING_REQUIRED,单位工业总产值氨氮排放量,t/100m CNY,,,,M01_NOT_COLLECTED,NH3-N排放量；同年度工业总产值；统计边界,生态环境部门,MONITORING_EXPORT
NAT-026,C33,单位工业总产值SO₂排放量,C,MONITORING_REQUIRED,单位工业总产值二氧化硫排放量,t/100m CNY,,,,M01_NOT_COLLECTED,SO2排放量；同年度工业总产值；统计边界,生态环境部门,MONITORING_EXPORT
NAT-026,C34,单位工业总产值氮氧化物排放量,C,MONITORING_REQUIRED,单位工业总产值NOx排放量,t/100m CNY,,,,M01_NOT_COLLECTED,NOx排放量；同年度工业总产值；统计边界,生态环境部门,MONITORING_EXPORT
NAT-026,C35,单位工业总产值VOCs排放量,C,DEFINITION_PENDING,单位工业总产值挥发性有机物排放量,DEFINITION_PENDING,,,,M06_DEFINITION_UNCLEAR,VOCs排放量；同年度工业总产值；人工锁定定义,生态环境部门,MONITORING_EXPORT
NAT-026,C41,单位工业总产值新鲜取水量,C,MONITORING_REQUIRED,每单位工业产值消耗的新鲜水资源,"m3/10,000 CNY",,,,M01_NOT_COLLECTED,新鲜水取用量；工业增加值；统计年度；统计边界,水务部门,MONITORING_EXPORT
NAT-026,C42,再生水（中水）回用率,C,MONITORING_REQUIRED,再生水利用比例,%,,,,M01_NOT_COLLECTED,再生水实际利用量；园区总用水量；统计年度；统计边界,水务部门,MONITORING_EXPORT
NAT-026,C51,单位工业增加值能耗削减率,C,MONITORING_REQUIRED,单位工业增加值综合能耗下降幅度,"tce/10,000 CNY",,,,M01_NOT_COLLECTED,综合能源消费量；工业增加值；统计年度；统计边界,能源与碳管理部门,MONITORING_EXPORT
NAT-026,C52,绿色电力使用,C,MONITORING_REQUIRED,绿色电力消费比例,"tCO2/10,000 CNY",,,,M01_NOT_COLLECTED,CO2排放量；工业增加值；统计年度；统计边界,能源与碳管理部门,MONITORING_EXPORT
NAT-026,C53,单位工业增加值CO₂排放量削减率,C,MONITORING_REQUIRED,单位工业增加值碳排放下降幅度,%,,,,M01_NOT_COLLECTED,单位工业增加值碳排放下降幅度；单位=%,能源与碳管理部门,OFFICIAL_STATISTICS
NAT-026,C54,绿色工厂示范企业数量,C,PARK_SURVEY_REQUIRED,国家级、省级绿色工厂数量,count,,,,M01_NOT_COLLECTED,国家级、省级绿色工厂数量；单位=个,企业服务部门,OFFICIAL_STATISTICS
NAT-026,C55,示范创建数量,C,PUBLIC_AVAILABLE,国家级、省级绿色园区、绿色供应链等示范创建数量,category,1,2025,S3E-0053,,国家级、省级绿色园区、绿色供应链等示范创建数量；单位=级别,园区综合管理部门,OFFICIAL_RECOGNITION
NAT-026,D11,化工园区智慧化水平,D,MISSING,园区智慧管理平台建设情况，包括安全、环保、能源、应急、封闭化管理、公共服务等智慧化系统建设及运行情况。,ordinal evidence level,,,,M01_NOT_COLLECTED,园区智慧管理平台建设情况，包括安全、环保、能源、应急、封闭化管理、公共服务等智慧化系统建设及运行情况。；单位=等级,智慧园区管理部门,MANAGEMENT_SYSTEM_RECORD
NAT-026,D21,省级及以上认定的智能工厂数量,D,PARK_SURVEY_REQUIRED,园区内获得国家级、省级智能工厂（或智能制造示范工厂）认定的企业数量。,%,,,,M01_NOT_COLLECTED,园区内获得国家级、省级智能工厂（或智能制造示范工厂）认定的企业数量。；单位=个,企业服务部门,OFFICIAL_STATISTICS
NAT-027,A11,规模以上工业企业工业总产值,A,PARK_SURVEY_REQUIRED,园区规模以上工业企业工业总产值（亿元）,100 million CNY,,,,M01_NOT_COLLECTED,园区规模以上工业企业工业总产值（亿元）；单位=亿元,经济运行与统计部门,OFFICIAL_STATISTICS
NAT-027,A12,规模以上工业企业工业总产值增长率,A,PARK_SURVEY_REQUIRED,当年规模以上工业企业工业总产值增长率（%）,CNY/person,,,,M01_NOT_COLLECTED,当年规模以上工业企业工业总产值增长率（%）；单位=%,经济运行与统计部门,OFFICIAL_STATISTICS
NAT-027,A21,规模以上工业企业利润率,A,ENTERPRISE_REQUIRED,利润总额/营业收入×100%,%,,,,M01_NOT_COLLECTED,利润总额/营业收入×100%；单位=%,企业服务部门,AUDITED_ENTERPRISE_DATA
NAT-027,A22,工业增加值增长率,A,PARK_SURVEY_REQUIRED,当年工业增加值增长率（%）,%,,,,M01_NOT_COLLECTED,当年工业增加值增长率（%）；单位=%,经济运行与统计部门,OFFICIAL_STATISTICS
NAT-027,A23,人均产值,A,ENTERPRISE_REQUIRED,工业总产值÷从业人员数量（万元/人）,%,,,,M01_NOT_COLLECTED,工业总产值÷从业人员数量（万元/人）；单位=万元/人,企业服务部门,AUDITED_ENTERPRISE_DATA
NAT-027,A31,亩均投资强度,A,PARK_SURVEY_REQUIRED,固定资产投资÷工业用地面积（万元/亩）,mu,,,,M01_NOT_COLLECTED,固定资产投资÷工业用地面积（万元/亩）；单位=万元/亩,经济运行与统计部门,OFFICIAL_STATISTICS
NAT-027,A32,亩均产值,A,PARK_SURVEY_REQUIRED,工业总产值÷工业用地面积（万元/亩）,"10,000 CNY/mu",,,,M01_NOT_COLLECTED,工业总产值÷工业用地面积（万元/亩）；单位=万元/亩,经济运行与统计部门,OFFICIAL_STATISTICS
NAT-027,A33,亩均税收,A,PARK_SURVEY_REQUIRED,税收收入÷工业用地面积（万元/亩）,%,,,,M01_NOT_COLLECTED,税收收入÷工业用地面积（万元/亩）；单位=万元/亩,经济运行与统计部门,OFFICIAL_STATISTICS
NAT-027,A41,原料内供率,A,ENTERPRISE_REQUIRED,园区内企业原料互供比例,%,,,,M01_NOT_COLLECTED,园区内企业原料互供比例；单位=%,企业服务部门,AUDITED_ENTERPRISE_DATA
NAT-027,B11,研发投入占主营业务收入的比重,B,ENTERPRISE_REQUIRED,园区规模以上工业企业研发经费支出占主营业务收入比例（%）,%,,,,M01_NOT_COLLECTED,园区规模以上工业企业研发经费支出占主营业务收入比例（%）；单位=%,科技创新部门,AUDITED_ENTERPRISE_DATA
NAT-027,B12,优质企业数量,B,PARK_SURVEY_REQUIRED,"国家级制造业单项冠军企业、专精特新""小巨人""企业、高新技术企业等数量",count,,,,M01_NOT_COLLECTED,"国家级制造业单项冠军企业、专精特新""小巨人""企业、高新技术企业等数量；单位=个",企业服务部门,OFFICIAL_STATISTICS
NAT-027,B13,上市公司所属企业数量,B,ENTERPRISE_REQUIRED,园区内上市公司及其控股企业数量,%,,,,M01_NOT_COLLECTED,园区内上市公司及其控股企业数量；单位=个,企业服务部门,AUDITED_ENTERPRISE_DATA
NAT-027,B14,发明专利数,B,ENTERPRISE_REQUIRED,园区企业拥有的有效发明专利数量,count,,,,M01_NOT_COLLECTED,园区企业拥有的有效发明专利数量；单位=个,科技创新部门,AUDITED_ENTERPRISE_DATA
NAT-027,B15,标准制定数,B,ENTERPRISE_REQUIRED,主导或参与制定国际、国家、行业及团体标准数量,count,,,,M01_NOT_COLLECTED,主导或参与制定国际、国家、行业及团体标准数量；单位=项,科技创新部门,AUDITED_ENTERPRISE_DATA
NAT-027,B21,省级及以上研发机构数量,B,PARK_SURVEY_REQUIRED,国家级、省级重点实验室、工程研究中心、企业技术中心等创新平台数量,count,,,,M01_NOT_COLLECTED,国家级、省级重点实验室、工程研究中心、企业技术中心等创新平台数量；单位=个,科技创新部门,OFFICIAL_STATISTICS
NAT-027,B22,产学研用融合平台,B,ENTERPRISE_REQUIRED,与高校、科研院所共建的平台数量,count,,,,M01_NOT_COLLECTED,与高校、科研院所共建的平台数量；单位=个,科技创新部门,AUDITED_ENTERPRISE_DATA
NAT-027,B23,园区级以上中试基地,B,PARK_SURVEY_REQUIRED,已建成并投入运行的中试基地数量,count,,,,M01_NOT_COLLECTED,已建成并投入运行的中试基地数量；单位=是/否,科技创新部门,OFFICIAL_STATISTICS
NAT-027,B31,产学研合作程度,B,DEFINITION_PENDING,园区企业开展产学研合作项目情况,DEFINITION_PENDING,,,,M06_DEFINITION_UNCLEAR,园区企业开展产学研合作项目情况；单位=%,科技创新部门,OFFICIAL_STATISTICS
NAT-027,B32,技术引进,B,DEFINITION_PENDING,企业引进先进技术、成果转化情况,DEFINITION_PENDING,,,,M06_DEFINITION_UNCLEAR,企业引进先进技术、成果转化情况；单位=%,科技创新部门,OFFICIAL_STATISTICS
NAT-027,B41,科技成果转化率,B,ENTERPRISE_REQUIRED,科技成果产业化、转化实施情况,count,,,,M01_NOT_COLLECTED,科技成果产业化、转化实施情况；单位=%,科技创新部门,AUDITED_ENTERPRISE_DATA
NAT-027,B42,产业精细化率,B,MISSING,精细化工及高端化工产品占比,count,,,,M01_NOT_COLLECTED,精细化工及高端化工产品占比；单位=%,企业服务部门,OFFICIAL_STATISTICS
NAT-027,C11,危险化学品从业单位安全生产标准化建设,C,MISSING,园区危险化学品生产、经营、储存等企业安全生产标准化建设情况,—,,,,M01_NOT_COLLECTED,园区危险化学品生产、经营、储存等企业安全生产标准化建设情况；单位=%,应急与安全部门,OFFICIAL_STATISTICS
NAT-027,C12,安全风险等级,C,MISSING,园区整体安全风险等级评估结果,—,,,,M01_NOT_COLLECTED,园区整体安全风险等级评估结果；单位=等级,应急与安全部门,OFFICIAL_STATISTICS
NAT-027,C13,安全生产事故发生等级,C,MISSING,年度生产安全事故情况,—,,,,M01_NOT_COLLECTED,年度生产安全事故情况；单位=等级,应急与安全部门,OFFICIAL_STATISTICS
NAT-027,C21,大气环境质量达标率,C,MONITORING_REQUIRED,园区环境空气质量达标情况,%,,,,M01_NOT_COLLECTED,园区环境空气质量达标情况；单位=%,生态环境部门,MONITORING_EXPORT
NAT-027,C22,地表水环境质量达标率,C,MONITORING_REQUIRED,园区地表水断面达标情况,%,,,,M01_NOT_COLLECTED,园区地表水断面达标情况；单位=%,生态环境部门,MONITORING_EXPORT
NAT-027,C23,地下水质量达标率,C,MONITORING_REQUIRED,地下水监测点位达标情况,%,,,,M01_NOT_COLLECTED,地下水监测点位达标情况；单位=%,生态环境部门,MONITORING_EXPORT
NAT-027,C24,土壤质量达标率,C,MONITORING_REQUIRED,土壤环境质量监测达标情况,%,,,,M01_NOT_COLLECTED,土壤环境质量监测达标情况；单位=%,生态环境部门,MONITORING_EXPORT
NAT-027,C31,单位工业总产值COD排放量,C,MONITORING_REQUIRED,单位工业总产值化学需氧量排放量,t/100m CNY,,,,M01_NOT_COLLECTED,COD排放量；同年度工业总产值；统计边界,生态环境部门,MONITORING_EXPORT
NAT-027,C32,单位工业总产值氨氮排放量,C,MONITORING_REQUIRED,单位工业总产值氨氮排放量,t/100m CNY,,,,M01_NOT_COLLECTED,NH3-N排放量；同年度工业总产值；统计边界,生态环境部门,MONITORING_EXPORT
NAT-027,C33,单位工业总产值SO₂排放量,C,MONITORING_REQUIRED,单位工业总产值二氧化硫排放量,t/100m CNY,,,,M01_NOT_COLLECTED,SO2排放量；同年度工业总产值；统计边界,生态环境部门,MONITORING_EXPORT
NAT-027,C34,单位工业总产值氮氧化物排放量,C,MONITORING_REQUIRED,单位工业总产值NOx排放量,t/100m CNY,,,,M01_NOT_COLLECTED,NOx排放量；同年度工业总产值；统计边界,生态环境部门,MONITORING_EXPORT
NAT-027,C35,单位工业总产值VOCs排放量,C,DEFINITION_PENDING,单位工业总产值挥发性有机物排放量,DEFINITION_PENDING,,,,M06_DEFINITION_UNCLEAR,VOCs排放量；同年度工业总产值；人工锁定定义,生态环境部门,MONITORING_EXPORT
NAT-027,C41,单位工业总产值新鲜取水量,C,MONITORING_REQUIRED,每单位工业产值消耗的新鲜水资源,"m3/10,000 CNY",,,,M01_NOT_COLLECTED,新鲜水取用量；工业增加值；统计年度；统计边界,水务部门,MONITORING_EXPORT
NAT-027,C42,再生水（中水）回用率,C,MONITORING_REQUIRED,再生水利用比例,%,,,,M01_NOT_COLLECTED,再生水实际利用量；园区总用水量；统计年度；统计边界,水务部门,MONITORING_EXPORT
NAT-027,C51,单位工业增加值能耗削减率,C,MONITORING_REQUIRED,单位工业增加值综合能耗下降幅度,"tce/10,000 CNY",,,,M01_NOT_COLLECTED,综合能源消费量；工业增加值；统计年度；统计边界,能源与碳管理部门,MONITORING_EXPORT
NAT-027,C52,绿色电力使用,C,MONITORING_REQUIRED,绿色电力消费比例,"tCO2/10,000 CNY",,,,M01_NOT_COLLECTED,CO2排放量；工业增加值；统计年度；统计边界,能源与碳管理部门,MONITORING_EXPORT
NAT-027,C53,单位工业增加值CO₂排放量削减率,C,MONITORING_REQUIRED,单位工业增加值碳排放下降幅度,%,,,,M01_NOT_COLLECTED,单位工业增加值碳排放下降幅度；单位=%,能源与碳管理部门,OFFICIAL_STATISTICS
NAT-027,C54,绿色工厂示范企业数量,C,PARK_SURVEY_REQUIRED,国家级、省级绿色工厂数量,count,,,,M01_NOT_COLLECTED,国家级、省级绿色工厂数量；单位=个,企业服务部门,OFFICIAL_STATISTICS
NAT-027,C55,示范创建数量,C,PUBLIC_AVAILABLE,国家级、省级绿色园区、绿色供应链等示范创建数量,category,1,2025,S3E-0054,,国家级、省级绿色园区、绿色供应链等示范创建数量；单位=级别,园区综合管理部门,OFFICIAL_RECOGNITION
NAT-027,D11,化工园区智慧化水平,D,MISSING,园区智慧管理平台建设情况，包括安全、环保、能源、应急、封闭化管理、公共服务等智慧化系统建设及运行情况。,ordinal evidence level,,,,M01_NOT_COLLECTED,园区智慧管理平台建设情况，包括安全、环保、能源、应急、封闭化管理、公共服务等智慧化系统建设及运行情况。；单位=等级,智慧园区管理部门,MANAGEMENT_SYSTEM_RECORD
NAT-027,D21,省级及以上认定的智能工厂数量,D,PARK_SURVEY_REQUIRED,园区内获得国家级、省级智能工厂（或智能制造示范工厂）认定的企业数量。,%,,,,M01_NOT_COLLECTED,园区内获得国家级、省级智能工厂（或智能制造示范工厂）认定的企业数量。；单位=个,企业服务部门,OFFICIAL_STATISTICS
NAT-028,A11,规模以上工业企业工业总产值,A,PARK_SURVEY_REQUIRED,园区规模以上工业企业工业总产值（亿元）,100 million CNY,,,,M01_NOT_COLLECTED,园区规模以上工业企业工业总产值（亿元）；单位=亿元,经济运行与统计部门,OFFICIAL_STATISTICS
NAT-028,A12,规模以上工业企业工业总产值增长率,A,PARK_SURVEY_REQUIRED,当年规模以上工业企业工业总产值增长率（%）,CNY/person,,,,M01_NOT_COLLECTED,当年规模以上工业企业工业总产值增长率（%）；单位=%,经济运行与统计部门,OFFICIAL_STATISTICS
NAT-028,A21,规模以上工业企业利润率,A,ENTERPRISE_REQUIRED,利润总额/营业收入×100%,%,,,,M01_NOT_COLLECTED,利润总额/营业收入×100%；单位=%,企业服务部门,AUDITED_ENTERPRISE_DATA
NAT-028,A22,工业增加值增长率,A,PARK_SURVEY_REQUIRED,当年工业增加值增长率（%）,%,,,,M01_NOT_COLLECTED,当年工业增加值增长率（%）；单位=%,经济运行与统计部门,OFFICIAL_STATISTICS
NAT-028,A23,人均产值,A,ENTERPRISE_REQUIRED,工业总产值÷从业人员数量（万元/人）,%,,,,M01_NOT_COLLECTED,工业总产值÷从业人员数量（万元/人）；单位=万元/人,企业服务部门,AUDITED_ENTERPRISE_DATA
NAT-028,A31,亩均投资强度,A,PARK_SURVEY_REQUIRED,固定资产投资÷工业用地面积（万元/亩）,mu,,,,M01_NOT_COLLECTED,固定资产投资÷工业用地面积（万元/亩）；单位=万元/亩,经济运行与统计部门,OFFICIAL_STATISTICS
NAT-028,A32,亩均产值,A,PARK_SURVEY_REQUIRED,工业总产值÷工业用地面积（万元/亩）,"10,000 CNY/mu",,,,M01_NOT_COLLECTED,工业总产值÷工业用地面积（万元/亩）；单位=万元/亩,经济运行与统计部门,OFFICIAL_STATISTICS
NAT-028,A33,亩均税收,A,PARK_SURVEY_REQUIRED,税收收入÷工业用地面积（万元/亩）,%,,,,M01_NOT_COLLECTED,税收收入÷工业用地面积（万元/亩）；单位=万元/亩,经济运行与统计部门,OFFICIAL_STATISTICS
NAT-028,A41,原料内供率,A,ENTERPRISE_REQUIRED,园区内企业原料互供比例,%,,,,M01_NOT_COLLECTED,园区内企业原料互供比例；单位=%,企业服务部门,AUDITED_ENTERPRISE_DATA
NAT-028,B11,研发投入占主营业务收入的比重,B,ENTERPRISE_REQUIRED,园区规模以上工业企业研发经费支出占主营业务收入比例（%）,%,,,,M01_NOT_COLLECTED,园区规模以上工业企业研发经费支出占主营业务收入比例（%）；单位=%,科技创新部门,AUDITED_ENTERPRISE_DATA
NAT-028,B12,优质企业数量,B,PARK_SURVEY_REQUIRED,"国家级制造业单项冠军企业、专精特新""小巨人""企业、高新技术企业等数量",count,,,,M01_NOT_COLLECTED,"国家级制造业单项冠军企业、专精特新""小巨人""企业、高新技术企业等数量；单位=个",企业服务部门,OFFICIAL_STATISTICS
NAT-028,B13,上市公司所属企业数量,B,ENTERPRISE_REQUIRED,园区内上市公司及其控股企业数量,%,,,,M01_NOT_COLLECTED,园区内上市公司及其控股企业数量；单位=个,企业服务部门,AUDITED_ENTERPRISE_DATA
NAT-028,B14,发明专利数,B,ENTERPRISE_REQUIRED,园区企业拥有的有效发明专利数量,count,,,,M01_NOT_COLLECTED,园区企业拥有的有效发明专利数量；单位=个,科技创新部门,AUDITED_ENTERPRISE_DATA
NAT-028,B15,标准制定数,B,ENTERPRISE_REQUIRED,主导或参与制定国际、国家、行业及团体标准数量,count,,,,M01_NOT_COLLECTED,主导或参与制定国际、国家、行业及团体标准数量；单位=项,科技创新部门,AUDITED_ENTERPRISE_DATA
NAT-028,B21,省级及以上研发机构数量,B,PARK_SURVEY_REQUIRED,国家级、省级重点实验室、工程研究中心、企业技术中心等创新平台数量,count,,,,M01_NOT_COLLECTED,国家级、省级重点实验室、工程研究中心、企业技术中心等创新平台数量；单位=个,科技创新部门,OFFICIAL_STATISTICS
NAT-028,B22,产学研用融合平台,B,ENTERPRISE_REQUIRED,与高校、科研院所共建的平台数量,count,,,,M01_NOT_COLLECTED,与高校、科研院所共建的平台数量；单位=个,科技创新部门,AUDITED_ENTERPRISE_DATA
NAT-028,B23,园区级以上中试基地,B,PARK_SURVEY_REQUIRED,已建成并投入运行的中试基地数量,count,,,,M01_NOT_COLLECTED,已建成并投入运行的中试基地数量；单位=是/否,科技创新部门,OFFICIAL_STATISTICS
NAT-028,B31,产学研合作程度,B,DEFINITION_PENDING,园区企业开展产学研合作项目情况,DEFINITION_PENDING,,,,M06_DEFINITION_UNCLEAR,园区企业开展产学研合作项目情况；单位=%,科技创新部门,OFFICIAL_STATISTICS
NAT-028,B32,技术引进,B,DEFINITION_PENDING,企业引进先进技术、成果转化情况,DEFINITION_PENDING,,,,M06_DEFINITION_UNCLEAR,企业引进先进技术、成果转化情况；单位=%,科技创新部门,OFFICIAL_STATISTICS
NAT-028,B41,科技成果转化率,B,ENTERPRISE_REQUIRED,科技成果产业化、转化实施情况,count,,,,M01_NOT_COLLECTED,科技成果产业化、转化实施情况；单位=%,科技创新部门,AUDITED_ENTERPRISE_DATA
NAT-028,B42,产业精细化率,B,MISSING,精细化工及高端化工产品占比,count,,,,M01_NOT_COLLECTED,精细化工及高端化工产品占比；单位=%,企业服务部门,OFFICIAL_STATISTICS
NAT-028,C11,危险化学品从业单位安全生产标准化建设,C,MISSING,园区危险化学品生产、经营、储存等企业安全生产标准化建设情况,—,,,,M01_NOT_COLLECTED,园区危险化学品生产、经营、储存等企业安全生产标准化建设情况；单位=%,应急与安全部门,OFFICIAL_STATISTICS
NAT-028,C12,安全风险等级,C,MISSING,园区整体安全风险等级评估结果,—,,,,M01_NOT_COLLECTED,园区整体安全风险等级评估结果；单位=等级,应急与安全部门,OFFICIAL_STATISTICS
NAT-028,C13,安全生产事故发生等级,C,MISSING,年度生产安全事故情况,—,,,,M01_NOT_COLLECTED,年度生产安全事故情况；单位=等级,应急与安全部门,OFFICIAL_STATISTICS
NAT-028,C21,大气环境质量达标率,C,MONITORING_REQUIRED,园区环境空气质量达标情况,%,,,,M01_NOT_COLLECTED,园区环境空气质量达标情况；单位=%,生态环境部门,MONITORING_EXPORT
NAT-028,C22,地表水环境质量达标率,C,MONITORING_REQUIRED,园区地表水断面达标情况,%,,,,M01_NOT_COLLECTED,园区地表水断面达标情况；单位=%,生态环境部门,MONITORING_EXPORT
NAT-028,C23,地下水质量达标率,C,MONITORING_REQUIRED,地下水监测点位达标情况,%,,,,M01_NOT_COLLECTED,地下水监测点位达标情况；单位=%,生态环境部门,MONITORING_EXPORT
NAT-028,C24,土壤质量达标率,C,MONITORING_REQUIRED,土壤环境质量监测达标情况,%,,,,M01_NOT_COLLECTED,土壤环境质量监测达标情况；单位=%,生态环境部门,MONITORING_EXPORT
NAT-028,C31,单位工业总产值COD排放量,C,MONITORING_REQUIRED,单位工业总产值化学需氧量排放量,t/100m CNY,,,,M01_NOT_COLLECTED,COD排放量；同年度工业总产值；统计边界,生态环境部门,MONITORING_EXPORT
NAT-028,C32,单位工业总产值氨氮排放量,C,MONITORING_REQUIRED,单位工业总产值氨氮排放量,t/100m CNY,,,,M01_NOT_COLLECTED,NH3-N排放量；同年度工业总产值；统计边界,生态环境部门,MONITORING_EXPORT
NAT-028,C33,单位工业总产值SO₂排放量,C,MONITORING_REQUIRED,单位工业总产值二氧化硫排放量,t/100m CNY,,,,M01_NOT_COLLECTED,SO2排放量；同年度工业总产值；统计边界,生态环境部门,MONITORING_EXPORT
NAT-028,C34,单位工业总产值氮氧化物排放量,C,MONITORING_REQUIRED,单位工业总产值NOx排放量,t/100m CNY,,,,M01_NOT_COLLECTED,NOx排放量；同年度工业总产值；统计边界,生态环境部门,MONITORING_EXPORT
NAT-028,C35,单位工业总产值VOCs排放量,C,DEFINITION_PENDING,单位工业总产值挥发性有机物排放量,DEFINITION_PENDING,,,,M06_DEFINITION_UNCLEAR,VOCs排放量；同年度工业总产值；人工锁定定义,生态环境部门,MONITORING_EXPORT
NAT-028,C41,单位工业总产值新鲜取水量,C,MONITORING_REQUIRED,每单位工业产值消耗的新鲜水资源,"m3/10,000 CNY",,,,M01_NOT_COLLECTED,新鲜水取用量；工业增加值；统计年度；统计边界,水务部门,MONITORING_EXPORT
NAT-028,C42,再生水（中水）回用率,C,MONITORING_REQUIRED,再生水利用比例,%,,,,M01_NOT_COLLECTED,再生水实际利用量；园区总用水量；统计年度；统计边界,水务部门,MONITORING_EXPORT
NAT-028,C51,单位工业增加值能耗削减率,C,MONITORING_REQUIRED,单位工业增加值综合能耗下降幅度,"tce/10,000 CNY",,,,M01_NOT_COLLECTED,综合能源消费量；工业增加值；统计年度；统计边界,能源与碳管理部门,MONITORING_EXPORT
NAT-028,C52,绿色电力使用,C,MONITORING_REQUIRED,绿色电力消费比例,"tCO2/10,000 CNY",,,,M01_NOT_COLLECTED,CO2排放量；工业增加值；统计年度；统计边界,能源与碳管理部门,MONITORING_EXPORT
NAT-028,C53,单位工业增加值CO₂排放量削减率,C,MONITORING_REQUIRED,单位工业增加值碳排放下降幅度,%,,,,M01_NOT_COLLECTED,单位工业增加值碳排放下降幅度；单位=%,能源与碳管理部门,OFFICIAL_STATISTICS
NAT-028,C54,绿色工厂示范企业数量,C,PARK_SURVEY_REQUIRED,国家级、省级绿色工厂数量,count,,,,M01_NOT_COLLECTED,国家级、省级绿色工厂数量；单位=个,企业服务部门,OFFICIAL_STATISTICS
NAT-028,C55,示范创建数量,C,PUBLIC_AVAILABLE,国家级、省级绿色园区、绿色供应链等示范创建数量,category,1,2025,S3E-0055,,国家级、省级绿色园区、绿色供应链等示范创建数量；单位=级别,园区综合管理部门,OFFICIAL_RECOGNITION
NAT-028,D11,化工园区智慧化水平,D,MISSING,园区智慧管理平台建设情况，包括安全、环保、能源、应急、封闭化管理、公共服务等智慧化系统建设及运行情况。,ordinal evidence level,,,,M01_NOT_COLLECTED,园区智慧管理平台建设情况，包括安全、环保、能源、应急、封闭化管理、公共服务等智慧化系统建设及运行情况。；单位=等级,智慧园区管理部门,MANAGEMENT_SYSTEM_RECORD
NAT-028,D21,省级及以上认定的智能工厂数量,D,PARK_SURVEY_REQUIRED,园区内获得国家级、省级智能工厂（或智能制造示范工厂）认定的企业数量。,%,,,,M01_NOT_COLLECTED,园区内获得国家级、省级智能工厂（或智能制造示范工厂）认定的企业数量。；单位=个,企业服务部门,OFFICIAL_STATISTICS
NAT-029,A11,规模以上工业企业工业总产值,A,PARK_SURVEY_REQUIRED,园区规模以上工业企业工业总产值（亿元）,100 million CNY,,,,M01_NOT_COLLECTED,园区规模以上工业企业工业总产值（亿元）；单位=亿元,经济运行与统计部门,OFFICIAL_STATISTICS
NAT-029,A12,规模以上工业企业工业总产值增长率,A,PARK_SURVEY_REQUIRED,当年规模以上工业企业工业总产值增长率（%）,CNY/person,,,,M01_NOT_COLLECTED,当年规模以上工业企业工业总产值增长率（%）；单位=%,经济运行与统计部门,OFFICIAL_STATISTICS
NAT-029,A21,规模以上工业企业利润率,A,ENTERPRISE_REQUIRED,利润总额/营业收入×100%,%,,,,M01_NOT_COLLECTED,利润总额/营业收入×100%；单位=%,企业服务部门,AUDITED_ENTERPRISE_DATA
NAT-029,A22,工业增加值增长率,A,PARK_SURVEY_REQUIRED,当年工业增加值增长率（%）,%,,,,M01_NOT_COLLECTED,当年工业增加值增长率（%）；单位=%,经济运行与统计部门,OFFICIAL_STATISTICS
NAT-029,A23,人均产值,A,ENTERPRISE_REQUIRED,工业总产值÷从业人员数量（万元/人）,%,,,,M01_NOT_COLLECTED,工业总产值÷从业人员数量（万元/人）；单位=万元/人,企业服务部门,AUDITED_ENTERPRISE_DATA
NAT-029,A31,亩均投资强度,A,PARK_SURVEY_REQUIRED,固定资产投资÷工业用地面积（万元/亩）,mu,,,,M01_NOT_COLLECTED,固定资产投资÷工业用地面积（万元/亩）；单位=万元/亩,经济运行与统计部门,OFFICIAL_STATISTICS
NAT-029,A32,亩均产值,A,PARK_SURVEY_REQUIRED,工业总产值÷工业用地面积（万元/亩）,"10,000 CNY/mu",,,,M01_NOT_COLLECTED,工业总产值÷工业用地面积（万元/亩）；单位=万元/亩,经济运行与统计部门,OFFICIAL_STATISTICS
NAT-029,A33,亩均税收,A,PARK_SURVEY_REQUIRED,税收收入÷工业用地面积（万元/亩）,%,,,,M01_NOT_COLLECTED,税收收入÷工业用地面积（万元/亩）；单位=万元/亩,经济运行与统计部门,OFFICIAL_STATISTICS
NAT-029,A41,原料内供率,A,ENTERPRISE_REQUIRED,园区内企业原料互供比例,%,,,,M01_NOT_COLLECTED,园区内企业原料互供比例；单位=%,企业服务部门,AUDITED_ENTERPRISE_DATA
NAT-029,B11,研发投入占主营业务收入的比重,B,ENTERPRISE_REQUIRED,园区规模以上工业企业研发经费支出占主营业务收入比例（%）,%,,,,M01_NOT_COLLECTED,园区规模以上工业企业研发经费支出占主营业务收入比例（%）；单位=%,科技创新部门,AUDITED_ENTERPRISE_DATA
NAT-029,B12,优质企业数量,B,PARK_SURVEY_REQUIRED,"国家级制造业单项冠军企业、专精特新""小巨人""企业、高新技术企业等数量",count,,,,M01_NOT_COLLECTED,"国家级制造业单项冠军企业、专精特新""小巨人""企业、高新技术企业等数量；单位=个",企业服务部门,OFFICIAL_STATISTICS
NAT-029,B13,上市公司所属企业数量,B,ENTERPRISE_REQUIRED,园区内上市公司及其控股企业数量,%,,,,M01_NOT_COLLECTED,园区内上市公司及其控股企业数量；单位=个,企业服务部门,AUDITED_ENTERPRISE_DATA
NAT-029,B14,发明专利数,B,ENTERPRISE_REQUIRED,园区企业拥有的有效发明专利数量,count,,,,M01_NOT_COLLECTED,园区企业拥有的有效发明专利数量；单位=个,科技创新部门,AUDITED_ENTERPRISE_DATA
NAT-029,B15,标准制定数,B,ENTERPRISE_REQUIRED,主导或参与制定国际、国家、行业及团体标准数量,count,,,,M01_NOT_COLLECTED,主导或参与制定国际、国家、行业及团体标准数量；单位=项,科技创新部门,AUDITED_ENTERPRISE_DATA
NAT-029,B21,省级及以上研发机构数量,B,PARK_SURVEY_REQUIRED,国家级、省级重点实验室、工程研究中心、企业技术中心等创新平台数量,count,,,,M01_NOT_COLLECTED,国家级、省级重点实验室、工程研究中心、企业技术中心等创新平台数量；单位=个,科技创新部门,OFFICIAL_STATISTICS
NAT-029,B22,产学研用融合平台,B,ENTERPRISE_REQUIRED,与高校、科研院所共建的平台数量,count,,,,M01_NOT_COLLECTED,与高校、科研院所共建的平台数量；单位=个,科技创新部门,AUDITED_ENTERPRISE_DATA
NAT-029,B23,园区级以上中试基地,B,PARK_SURVEY_REQUIRED,已建成并投入运行的中试基地数量,count,,,,M01_NOT_COLLECTED,已建成并投入运行的中试基地数量；单位=是/否,科技创新部门,OFFICIAL_STATISTICS
NAT-029,B31,产学研合作程度,B,DEFINITION_PENDING,园区企业开展产学研合作项目情况,DEFINITION_PENDING,,,,M06_DEFINITION_UNCLEAR,园区企业开展产学研合作项目情况；单位=%,科技创新部门,OFFICIAL_STATISTICS
NAT-029,B32,技术引进,B,DEFINITION_PENDING,企业引进先进技术、成果转化情况,DEFINITION_PENDING,,,,M06_DEFINITION_UNCLEAR,企业引进先进技术、成果转化情况；单位=%,科技创新部门,OFFICIAL_STATISTICS
NAT-029,B41,科技成果转化率,B,ENTERPRISE_REQUIRED,科技成果产业化、转化实施情况,count,,,,M01_NOT_COLLECTED,科技成果产业化、转化实施情况；单位=%,科技创新部门,AUDITED_ENTERPRISE_DATA
NAT-029,B42,产业精细化率,B,MISSING,精细化工及高端化工产品占比,count,,,,M01_NOT_COLLECTED,精细化工及高端化工产品占比；单位=%,企业服务部门,OFFICIAL_STATISTICS
NAT-029,C11,危险化学品从业单位安全生产标准化建设,C,MISSING,园区危险化学品生产、经营、储存等企业安全生产标准化建设情况,—,,,,M01_NOT_COLLECTED,园区危险化学品生产、经营、储存等企业安全生产标准化建设情况；单位=%,应急与安全部门,OFFICIAL_STATISTICS
NAT-029,C12,安全风险等级,C,MISSING,园区整体安全风险等级评估结果,—,,,,M01_NOT_COLLECTED,园区整体安全风险等级评估结果；单位=等级,应急与安全部门,OFFICIAL_STATISTICS
NAT-029,C13,安全生产事故发生等级,C,MISSING,年度生产安全事故情况,—,,,,M01_NOT_COLLECTED,年度生产安全事故情况；单位=等级,应急与安全部门,OFFICIAL_STATISTICS
NAT-029,C21,大气环境质量达标率,C,MONITORING_REQUIRED,园区环境空气质量达标情况,%,,,,M01_NOT_COLLECTED,园区环境空气质量达标情况；单位=%,生态环境部门,MONITORING_EXPORT
NAT-029,C22,地表水环境质量达标率,C,MONITORING_REQUIRED,园区地表水断面达标情况,%,,,,M01_NOT_COLLECTED,园区地表水断面达标情况；单位=%,生态环境部门,MONITORING_EXPORT
NAT-029,C23,地下水质量达标率,C,MONITORING_REQUIRED,地下水监测点位达标情况,%,,,,M01_NOT_COLLECTED,地下水监测点位达标情况；单位=%,生态环境部门,MONITORING_EXPORT
NAT-029,C24,土壤质量达标率,C,MONITORING_REQUIRED,土壤环境质量监测达标情况,%,,,,M01_NOT_COLLECTED,土壤环境质量监测达标情况；单位=%,生态环境部门,MONITORING_EXPORT
NAT-029,C31,单位工业总产值COD排放量,C,MONITORING_REQUIRED,单位工业总产值化学需氧量排放量,t/100m CNY,,,,M01_NOT_COLLECTED,COD排放量；同年度工业总产值；统计边界,生态环境部门,MONITORING_EXPORT
NAT-029,C32,单位工业总产值氨氮排放量,C,MONITORING_REQUIRED,单位工业总产值氨氮排放量,t/100m CNY,,,,M01_NOT_COLLECTED,NH3-N排放量；同年度工业总产值；统计边界,生态环境部门,MONITORING_EXPORT
NAT-029,C33,单位工业总产值SO₂排放量,C,MONITORING_REQUIRED,单位工业总产值二氧化硫排放量,t/100m CNY,,,,M01_NOT_COLLECTED,SO2排放量；同年度工业总产值；统计边界,生态环境部门,MONITORING_EXPORT
NAT-029,C34,单位工业总产值氮氧化物排放量,C,MONITORING_REQUIRED,单位工业总产值NOx排放量,t/100m CNY,,,,M01_NOT_COLLECTED,NOx排放量；同年度工业总产值；统计边界,生态环境部门,MONITORING_EXPORT
NAT-029,C35,单位工业总产值VOCs排放量,C,DEFINITION_PENDING,单位工业总产值挥发性有机物排放量,DEFINITION_PENDING,,,,M06_DEFINITION_UNCLEAR,VOCs排放量；同年度工业总产值；人工锁定定义,生态环境部门,MONITORING_EXPORT
NAT-029,C41,单位工业总产值新鲜取水量,C,MONITORING_REQUIRED,每单位工业产值消耗的新鲜水资源,"m3/10,000 CNY",,,,M01_NOT_COLLECTED,新鲜水取用量；工业增加值；统计年度；统计边界,水务部门,MONITORING_EXPORT
NAT-029,C42,再生水（中水）回用率,C,MONITORING_REQUIRED,再生水利用比例,%,,,,M01_NOT_COLLECTED,再生水实际利用量；园区总用水量；统计年度；统计边界,水务部门,MONITORING_EXPORT
NAT-029,C51,单位工业增加值能耗削减率,C,MONITORING_REQUIRED,单位工业增加值综合能耗下降幅度,"tce/10,000 CNY",,,,M01_NOT_COLLECTED,综合能源消费量；工业增加值；统计年度；统计边界,能源与碳管理部门,MONITORING_EXPORT
NAT-029,C52,绿色电力使用,C,MONITORING_REQUIRED,绿色电力消费比例,"tCO2/10,000 CNY",,,,M01_NOT_COLLECTED,CO2排放量；工业增加值；统计年度；统计边界,能源与碳管理部门,MONITORING_EXPORT
NAT-029,C53,单位工业增加值CO₂排放量削减率,C,MONITORING_REQUIRED,单位工业增加值碳排放下降幅度,%,,,,M01_NOT_COLLECTED,单位工业增加值碳排放下降幅度；单位=%,能源与碳管理部门,OFFICIAL_STATISTICS
NAT-029,C54,绿色工厂示范企业数量,C,PARK_SURVEY_REQUIRED,国家级、省级绿色工厂数量,count,,,,M01_NOT_COLLECTED,国家级、省级绿色工厂数量；单位=个,企业服务部门,OFFICIAL_STATISTICS
NAT-029,C55,示范创建数量,C,PUBLIC_AVAILABLE,国家级、省级绿色园区、绿色供应链等示范创建数量,category,1,2025,S3E-0056,,国家级、省级绿色园区、绿色供应链等示范创建数量；单位=级别,园区综合管理部门,OFFICIAL_RECOGNITION
NAT-029,D11,化工园区智慧化水平,D,MISSING,园区智慧管理平台建设情况，包括安全、环保、能源、应急、封闭化管理、公共服务等智慧化系统建设及运行情况。,ordinal evidence level,,,,M01_NOT_COLLECTED,园区智慧管理平台建设情况，包括安全、环保、能源、应急、封闭化管理、公共服务等智慧化系统建设及运行情况。；单位=等级,智慧园区管理部门,MANAGEMENT_SYSTEM_RECORD
NAT-029,D21,省级及以上认定的智能工厂数量,D,PARK_SURVEY_REQUIRED,园区内获得国家级、省级智能工厂（或智能制造示范工厂）认定的企业数量。,%,,,,M01_NOT_COLLECTED,园区内获得国家级、省级智能工厂（或智能制造示范工厂）认定的企业数量。；单位=个,企业服务部门,OFFICIAL_STATISTICS
NAT-030,A11,规模以上工业企业工业总产值,A,PARK_SURVEY_REQUIRED,园区规模以上工业企业工业总产值（亿元）,100 million CNY,,,,M01_NOT_COLLECTED,园区规模以上工业企业工业总产值（亿元）；单位=亿元,经济运行与统计部门,OFFICIAL_STATISTICS
NAT-030,A12,规模以上工业企业工业总产值增长率,A,PARK_SURVEY_REQUIRED,当年规模以上工业企业工业总产值增长率（%）,CNY/person,,,,M01_NOT_COLLECTED,当年规模以上工业企业工业总产值增长率（%）；单位=%,经济运行与统计部门,OFFICIAL_STATISTICS
NAT-030,A21,规模以上工业企业利润率,A,ENTERPRISE_REQUIRED,利润总额/营业收入×100%,%,,,,M01_NOT_COLLECTED,利润总额/营业收入×100%；单位=%,企业服务部门,AUDITED_ENTERPRISE_DATA
NAT-030,A22,工业增加值增长率,A,PARK_SURVEY_REQUIRED,当年工业增加值增长率（%）,%,,,,M01_NOT_COLLECTED,当年工业增加值增长率（%）；单位=%,经济运行与统计部门,OFFICIAL_STATISTICS
NAT-030,A23,人均产值,A,ENTERPRISE_REQUIRED,工业总产值÷从业人员数量（万元/人）,%,,,,M01_NOT_COLLECTED,工业总产值÷从业人员数量（万元/人）；单位=万元/人,企业服务部门,AUDITED_ENTERPRISE_DATA
NAT-030,A31,亩均投资强度,A,PARK_SURVEY_REQUIRED,固定资产投资÷工业用地面积（万元/亩）,mu,,,,M01_NOT_COLLECTED,固定资产投资÷工业用地面积（万元/亩）；单位=万元/亩,经济运行与统计部门,OFFICIAL_STATISTICS
NAT-030,A32,亩均产值,A,PARK_SURVEY_REQUIRED,工业总产值÷工业用地面积（万元/亩）,"10,000 CNY/mu",,,,M01_NOT_COLLECTED,工业总产值÷工业用地面积（万元/亩）；单位=万元/亩,经济运行与统计部门,OFFICIAL_STATISTICS
NAT-030,A33,亩均税收,A,PARK_SURVEY_REQUIRED,税收收入÷工业用地面积（万元/亩）,%,,,,M01_NOT_COLLECTED,税收收入÷工业用地面积（万元/亩）；单位=万元/亩,经济运行与统计部门,OFFICIAL_STATISTICS
NAT-030,A41,原料内供率,A,ENTERPRISE_REQUIRED,园区内企业原料互供比例,%,,,,M01_NOT_COLLECTED,园区内企业原料互供比例；单位=%,企业服务部门,AUDITED_ENTERPRISE_DATA
NAT-030,B11,研发投入占主营业务收入的比重,B,ENTERPRISE_REQUIRED,园区规模以上工业企业研发经费支出占主营业务收入比例（%）,%,,,,M01_NOT_COLLECTED,园区规模以上工业企业研发经费支出占主营业务收入比例（%）；单位=%,科技创新部门,AUDITED_ENTERPRISE_DATA
NAT-030,B12,优质企业数量,B,PARK_SURVEY_REQUIRED,"国家级制造业单项冠军企业、专精特新""小巨人""企业、高新技术企业等数量",count,,,,M01_NOT_COLLECTED,"国家级制造业单项冠军企业、专精特新""小巨人""企业、高新技术企业等数量；单位=个",企业服务部门,OFFICIAL_STATISTICS
NAT-030,B13,上市公司所属企业数量,B,ENTERPRISE_REQUIRED,园区内上市公司及其控股企业数量,%,,,,M01_NOT_COLLECTED,园区内上市公司及其控股企业数量；单位=个,企业服务部门,AUDITED_ENTERPRISE_DATA
NAT-030,B14,发明专利数,B,ENTERPRISE_REQUIRED,园区企业拥有的有效发明专利数量,count,,,,M01_NOT_COLLECTED,园区企业拥有的有效发明专利数量；单位=个,科技创新部门,AUDITED_ENTERPRISE_DATA
NAT-030,B15,标准制定数,B,ENTERPRISE_REQUIRED,主导或参与制定国际、国家、行业及团体标准数量,count,,,,M01_NOT_COLLECTED,主导或参与制定国际、国家、行业及团体标准数量；单位=项,科技创新部门,AUDITED_ENTERPRISE_DATA
NAT-030,B21,省级及以上研发机构数量,B,PARK_SURVEY_REQUIRED,国家级、省级重点实验室、工程研究中心、企业技术中心等创新平台数量,count,,,,M01_NOT_COLLECTED,国家级、省级重点实验室、工程研究中心、企业技术中心等创新平台数量；单位=个,科技创新部门,OFFICIAL_STATISTICS
NAT-030,B22,产学研用融合平台,B,ENTERPRISE_REQUIRED,与高校、科研院所共建的平台数量,count,,,,M01_NOT_COLLECTED,与高校、科研院所共建的平台数量；单位=个,科技创新部门,AUDITED_ENTERPRISE_DATA
NAT-030,B23,园区级以上中试基地,B,PARK_SURVEY_REQUIRED,已建成并投入运行的中试基地数量,count,,,,M01_NOT_COLLECTED,已建成并投入运行的中试基地数量；单位=是/否,科技创新部门,OFFICIAL_STATISTICS
NAT-030,B31,产学研合作程度,B,DEFINITION_PENDING,园区企业开展产学研合作项目情况,DEFINITION_PENDING,,,,M06_DEFINITION_UNCLEAR,园区企业开展产学研合作项目情况；单位=%,科技创新部门,OFFICIAL_STATISTICS
NAT-030,B32,技术引进,B,DEFINITION_PENDING,企业引进先进技术、成果转化情况,DEFINITION_PENDING,,,,M06_DEFINITION_UNCLEAR,企业引进先进技术、成果转化情况；单位=%,科技创新部门,OFFICIAL_STATISTICS
NAT-030,B41,科技成果转化率,B,ENTERPRISE_REQUIRED,科技成果产业化、转化实施情况,count,,,,M01_NOT_COLLECTED,科技成果产业化、转化实施情况；单位=%,科技创新部门,AUDITED_ENTERPRISE_DATA
NAT-030,B42,产业精细化率,B,MISSING,精细化工及高端化工产品占比,count,,,,M01_NOT_COLLECTED,精细化工及高端化工产品占比；单位=%,企业服务部门,OFFICIAL_STATISTICS
NAT-030,C11,危险化学品从业单位安全生产标准化建设,C,MISSING,园区危险化学品生产、经营、储存等企业安全生产标准化建设情况,—,,,,M01_NOT_COLLECTED,园区危险化学品生产、经营、储存等企业安全生产标准化建设情况；单位=%,应急与安全部门,OFFICIAL_STATISTICS
NAT-030,C12,安全风险等级,C,MISSING,园区整体安全风险等级评估结果,—,,,,M01_NOT_COLLECTED,园区整体安全风险等级评估结果；单位=等级,应急与安全部门,OFFICIAL_STATISTICS
NAT-030,C13,安全生产事故发生等级,C,MISSING,年度生产安全事故情况,—,,,,M01_NOT_COLLECTED,年度生产安全事故情况；单位=等级,应急与安全部门,OFFICIAL_STATISTICS
NAT-030,C21,大气环境质量达标率,C,MONITORING_REQUIRED,园区环境空气质量达标情况,%,,,,M01_NOT_COLLECTED,园区环境空气质量达标情况；单位=%,生态环境部门,MONITORING_EXPORT
NAT-030,C22,地表水环境质量达标率,C,MONITORING_REQUIRED,园区地表水断面达标情况,%,,,,M01_NOT_COLLECTED,园区地表水断面达标情况；单位=%,生态环境部门,MONITORING_EXPORT
NAT-030,C23,地下水质量达标率,C,MONITORING_REQUIRED,地下水监测点位达标情况,%,,,,M01_NOT_COLLECTED,地下水监测点位达标情况；单位=%,生态环境部门,MONITORING_EXPORT
NAT-030,C24,土壤质量达标率,C,MONITORING_REQUIRED,土壤环境质量监测达标情况,%,,,,M01_NOT_COLLECTED,土壤环境质量监测达标情况；单位=%,生态环境部门,MONITORING_EXPORT
NAT-030,C31,单位工业总产值COD排放量,C,MONITORING_REQUIRED,单位工业总产值化学需氧量排放量,t/100m CNY,,,,M01_NOT_COLLECTED,COD排放量；同年度工业总产值；统计边界,生态环境部门,MONITORING_EXPORT
NAT-030,C32,单位工业总产值氨氮排放量,C,MONITORING_REQUIRED,单位工业总产值氨氮排放量,t/100m CNY,,,,M01_NOT_COLLECTED,NH3-N排放量；同年度工业总产值；统计边界,生态环境部门,MONITORING_EXPORT
NAT-030,C33,单位工业总产值SO₂排放量,C,MONITORING_REQUIRED,单位工业总产值二氧化硫排放量,t/100m CNY,,,,M01_NOT_COLLECTED,SO2排放量；同年度工业总产值；统计边界,生态环境部门,MONITORING_EXPORT
NAT-030,C34,单位工业总产值氮氧化物排放量,C,MONITORING_REQUIRED,单位工业总产值NOx排放量,t/100m CNY,,,,M01_NOT_COLLECTED,NOx排放量；同年度工业总产值；统计边界,生态环境部门,MONITORING_EXPORT
NAT-030,C35,单位工业总产值VOCs排放量,C,DEFINITION_PENDING,单位工业总产值挥发性有机物排放量,DEFINITION_PENDING,,,,M06_DEFINITION_UNCLEAR,VOCs排放量；同年度工业总产值；人工锁定定义,生态环境部门,MONITORING_EXPORT
NAT-030,C41,单位工业总产值新鲜取水量,C,MONITORING_REQUIRED,每单位工业产值消耗的新鲜水资源,"m3/10,000 CNY",,,,M01_NOT_COLLECTED,新鲜水取用量；工业增加值；统计年度；统计边界,水务部门,MONITORING_EXPORT
NAT-030,C42,再生水（中水）回用率,C,MONITORING_REQUIRED,再生水利用比例,%,,,,M01_NOT_COLLECTED,再生水实际利用量；园区总用水量；统计年度；统计边界,水务部门,MONITORING_EXPORT
NAT-030,C51,单位工业增加值能耗削减率,C,MONITORING_REQUIRED,单位工业增加值综合能耗下降幅度,"tce/10,000 CNY",,,,M01_NOT_COLLECTED,综合能源消费量；工业增加值；统计年度；统计边界,能源与碳管理部门,MONITORING_EXPORT
NAT-030,C52,绿色电力使用,C,MONITORING_REQUIRED,绿色电力消费比例,"tCO2/10,000 CNY",,,,M01_NOT_COLLECTED,CO2排放量；工业增加值；统计年度；统计边界,能源与碳管理部门,MONITORING_EXPORT
NAT-030,C53,单位工业增加值CO₂排放量削减率,C,MONITORING_REQUIRED,单位工业增加值碳排放下降幅度,%,,,,M01_NOT_COLLECTED,单位工业增加值碳排放下降幅度；单位=%,能源与碳管理部门,OFFICIAL_STATISTICS
NAT-030,C54,绿色工厂示范企业数量,C,PARK_SURVEY_REQUIRED,国家级、省级绿色工厂数量,count,,,,M01_NOT_COLLECTED,国家级、省级绿色工厂数量；单位=个,企业服务部门,OFFICIAL_STATISTICS
NAT-030,C55,示范创建数量,C,PUBLIC_AVAILABLE,国家级、省级绿色园区、绿色供应链等示范创建数量,category,1,2025,S3E-0057,,国家级、省级绿色园区、绿色供应链等示范创建数量；单位=级别,园区综合管理部门,OFFICIAL_RECOGNITION
NAT-030,D11,化工园区智慧化水平,D,MISSING,园区智慧管理平台建设情况，包括安全、环保、能源、应急、封闭化管理、公共服务等智慧化系统建设及运行情况。,ordinal evidence level,,,,M01_NOT_COLLECTED,园区智慧管理平台建设情况，包括安全、环保、能源、应急、封闭化管理、公共服务等智慧化系统建设及运行情况。；单位=等级,智慧园区管理部门,MANAGEMENT_SYSTEM_RECORD
NAT-030,D21,省级及以上认定的智能工厂数量,D,PARK_SURVEY_REQUIRED,园区内获得国家级、省级智能工厂（或智能制造示范工厂）认定的企业数量。,%,,,,M01_NOT_COLLECTED,园区内获得国家级、省级智能工厂（或智能制造示范工厂）认定的企业数量。；单位=个,企业服务部门,OFFICIAL_STATISTICS
NAT-031,A11,规模以上工业企业工业总产值,A,PARK_SURVEY_REQUIRED,园区规模以上工业企业工业总产值（亿元）,100 million CNY,,,,M01_NOT_COLLECTED,园区规模以上工业企业工业总产值（亿元）；单位=亿元,经济运行与统计部门,OFFICIAL_STATISTICS
NAT-031,A12,规模以上工业企业工业总产值增长率,A,PARK_SURVEY_REQUIRED,当年规模以上工业企业工业总产值增长率（%）,CNY/person,,,,M01_NOT_COLLECTED,当年规模以上工业企业工业总产值增长率（%）；单位=%,经济运行与统计部门,OFFICIAL_STATISTICS
NAT-031,A21,规模以上工业企业利润率,A,ENTERPRISE_REQUIRED,利润总额/营业收入×100%,%,,,,M01_NOT_COLLECTED,利润总额/营业收入×100%；单位=%,企业服务部门,AUDITED_ENTERPRISE_DATA
NAT-031,A22,工业增加值增长率,A,PARK_SURVEY_REQUIRED,当年工业增加值增长率（%）,%,,,,M01_NOT_COLLECTED,当年工业增加值增长率（%）；单位=%,经济运行与统计部门,OFFICIAL_STATISTICS
NAT-031,A23,人均产值,A,ENTERPRISE_REQUIRED,工业总产值÷从业人员数量（万元/人）,%,,,,M01_NOT_COLLECTED,工业总产值÷从业人员数量（万元/人）；单位=万元/人,企业服务部门,AUDITED_ENTERPRISE_DATA
NAT-031,A31,亩均投资强度,A,PARK_SURVEY_REQUIRED,固定资产投资÷工业用地面积（万元/亩）,mu,,,,M01_NOT_COLLECTED,固定资产投资÷工业用地面积（万元/亩）；单位=万元/亩,经济运行与统计部门,OFFICIAL_STATISTICS
NAT-031,A32,亩均产值,A,PARK_SURVEY_REQUIRED,工业总产值÷工业用地面积（万元/亩）,"10,000 CNY/mu",,,,M01_NOT_COLLECTED,工业总产值÷工业用地面积（万元/亩）；单位=万元/亩,经济运行与统计部门,OFFICIAL_STATISTICS
NAT-031,A33,亩均税收,A,PARK_SURVEY_REQUIRED,税收收入÷工业用地面积（万元/亩）,%,,,,M01_NOT_COLLECTED,税收收入÷工业用地面积（万元/亩）；单位=万元/亩,经济运行与统计部门,OFFICIAL_STATISTICS
NAT-031,A41,原料内供率,A,ENTERPRISE_REQUIRED,园区内企业原料互供比例,%,,,,M01_NOT_COLLECTED,园区内企业原料互供比例；单位=%,企业服务部门,AUDITED_ENTERPRISE_DATA
NAT-031,B11,研发投入占主营业务收入的比重,B,ENTERPRISE_REQUIRED,园区规模以上工业企业研发经费支出占主营业务收入比例（%）,%,,,,M01_NOT_COLLECTED,园区规模以上工业企业研发经费支出占主营业务收入比例（%）；单位=%,科技创新部门,AUDITED_ENTERPRISE_DATA
NAT-031,B12,优质企业数量,B,PARK_SURVEY_REQUIRED,"国家级制造业单项冠军企业、专精特新""小巨人""企业、高新技术企业等数量",count,,,,M01_NOT_COLLECTED,"国家级制造业单项冠军企业、专精特新""小巨人""企业、高新技术企业等数量；单位=个",企业服务部门,OFFICIAL_STATISTICS
NAT-031,B13,上市公司所属企业数量,B,ENTERPRISE_REQUIRED,园区内上市公司及其控股企业数量,%,,,,M01_NOT_COLLECTED,园区内上市公司及其控股企业数量；单位=个,企业服务部门,AUDITED_ENTERPRISE_DATA
NAT-031,B14,发明专利数,B,ENTERPRISE_REQUIRED,园区企业拥有的有效发明专利数量,count,,,,M01_NOT_COLLECTED,园区企业拥有的有效发明专利数量；单位=个,科技创新部门,AUDITED_ENTERPRISE_DATA
NAT-031,B15,标准制定数,B,ENTERPRISE_REQUIRED,主导或参与制定国际、国家、行业及团体标准数量,count,,,,M01_NOT_COLLECTED,主导或参与制定国际、国家、行业及团体标准数量；单位=项,科技创新部门,AUDITED_ENTERPRISE_DATA
NAT-031,B21,省级及以上研发机构数量,B,PARK_SURVEY_REQUIRED,国家级、省级重点实验室、工程研究中心、企业技术中心等创新平台数量,count,,,,M01_NOT_COLLECTED,国家级、省级重点实验室、工程研究中心、企业技术中心等创新平台数量；单位=个,科技创新部门,OFFICIAL_STATISTICS
NAT-031,B22,产学研用融合平台,B,ENTERPRISE_REQUIRED,与高校、科研院所共建的平台数量,count,,,,M01_NOT_COLLECTED,与高校、科研院所共建的平台数量；单位=个,科技创新部门,AUDITED_ENTERPRISE_DATA
NAT-031,B23,园区级以上中试基地,B,PARK_SURVEY_REQUIRED,已建成并投入运行的中试基地数量,count,,,,M01_NOT_COLLECTED,已建成并投入运行的中试基地数量；单位=是/否,科技创新部门,OFFICIAL_STATISTICS
NAT-031,B31,产学研合作程度,B,DEFINITION_PENDING,园区企业开展产学研合作项目情况,DEFINITION_PENDING,,,,M06_DEFINITION_UNCLEAR,园区企业开展产学研合作项目情况；单位=%,科技创新部门,OFFICIAL_STATISTICS
NAT-031,B32,技术引进,B,DEFINITION_PENDING,企业引进先进技术、成果转化情况,DEFINITION_PENDING,,,,M06_DEFINITION_UNCLEAR,企业引进先进技术、成果转化情况；单位=%,科技创新部门,OFFICIAL_STATISTICS
NAT-031,B41,科技成果转化率,B,ENTERPRISE_REQUIRED,科技成果产业化、转化实施情况,count,,,,M01_NOT_COLLECTED,科技成果产业化、转化实施情况；单位=%,科技创新部门,AUDITED_ENTERPRISE_DATA
NAT-031,B42,产业精细化率,B,MISSING,精细化工及高端化工产品占比,count,,,,M01_NOT_COLLECTED,精细化工及高端化工产品占比；单位=%,企业服务部门,OFFICIAL_STATISTICS
NAT-031,C11,危险化学品从业单位安全生产标准化建设,C,MISSING,园区危险化学品生产、经营、储存等企业安全生产标准化建设情况,—,,,,M01_NOT_COLLECTED,园区危险化学品生产、经营、储存等企业安全生产标准化建设情况；单位=%,应急与安全部门,OFFICIAL_STATISTICS
NAT-031,C12,安全风险等级,C,MISSING,园区整体安全风险等级评估结果,—,,,,M01_NOT_COLLECTED,园区整体安全风险等级评估结果；单位=等级,应急与安全部门,OFFICIAL_STATISTICS
NAT-031,C13,安全生产事故发生等级,C,MISSING,年度生产安全事故情况,—,,,,M01_NOT_COLLECTED,年度生产安全事故情况；单位=等级,应急与安全部门,OFFICIAL_STATISTICS
NAT-031,C21,大气环境质量达标率,C,MONITORING_REQUIRED,园区环境空气质量达标情况,%,,,,M01_NOT_COLLECTED,园区环境空气质量达标情况；单位=%,生态环境部门,MONITORING_EXPORT
NAT-031,C22,地表水环境质量达标率,C,MONITORING_REQUIRED,园区地表水断面达标情况,%,,,,M01_NOT_COLLECTED,园区地表水断面达标情况；单位=%,生态环境部门,MONITORING_EXPORT
NAT-031,C23,地下水质量达标率,C,MONITORING_REQUIRED,地下水监测点位达标情况,%,,,,M01_NOT_COLLECTED,地下水监测点位达标情况；单位=%,生态环境部门,MONITORING_EXPORT
NAT-031,C24,土壤质量达标率,C,MONITORING_REQUIRED,土壤环境质量监测达标情况,%,,,,M01_NOT_COLLECTED,土壤环境质量监测达标情况；单位=%,生态环境部门,MONITORING_EXPORT
NAT-031,C31,单位工业总产值COD排放量,C,MONITORING_REQUIRED,单位工业总产值化学需氧量排放量,t/100m CNY,,,,M01_NOT_COLLECTED,COD排放量；同年度工业总产值；统计边界,生态环境部门,MONITORING_EXPORT
NAT-031,C32,单位工业总产值氨氮排放量,C,MONITORING_REQUIRED,单位工业总产值氨氮排放量,t/100m CNY,,,,M01_NOT_COLLECTED,NH3-N排放量；同年度工业总产值；统计边界,生态环境部门,MONITORING_EXPORT
NAT-031,C33,单位工业总产值SO₂排放量,C,MONITORING_REQUIRED,单位工业总产值二氧化硫排放量,t/100m CNY,,,,M01_NOT_COLLECTED,SO2排放量；同年度工业总产值；统计边界,生态环境部门,MONITORING_EXPORT
NAT-031,C34,单位工业总产值氮氧化物排放量,C,MONITORING_REQUIRED,单位工业总产值NOx排放量,t/100m CNY,,,,M01_NOT_COLLECTED,NOx排放量；同年度工业总产值；统计边界,生态环境部门,MONITORING_EXPORT
NAT-031,C35,单位工业总产值VOCs排放量,C,DEFINITION_PENDING,单位工业总产值挥发性有机物排放量,DEFINITION_PENDING,,,,M06_DEFINITION_UNCLEAR,VOCs排放量；同年度工业总产值；人工锁定定义,生态环境部门,MONITORING_EXPORT
NAT-031,C41,单位工业总产值新鲜取水量,C,MONITORING_REQUIRED,每单位工业产值消耗的新鲜水资源,"m3/10,000 CNY",,,,M01_NOT_COLLECTED,新鲜水取用量；工业增加值；统计年度；统计边界,水务部门,MONITORING_EXPORT
NAT-031,C42,再生水（中水）回用率,C,MONITORING_REQUIRED,再生水利用比例,%,,,,M01_NOT_COLLECTED,再生水实际利用量；园区总用水量；统计年度；统计边界,水务部门,MONITORING_EXPORT
NAT-031,C51,单位工业增加值能耗削减率,C,MONITORING_REQUIRED,单位工业增加值综合能耗下降幅度,"tce/10,000 CNY",,,,M01_NOT_COLLECTED,综合能源消费量；工业增加值；统计年度；统计边界,能源与碳管理部门,MONITORING_EXPORT
NAT-031,C52,绿色电力使用,C,MONITORING_REQUIRED,绿色电力消费比例,"tCO2/10,000 CNY",,,,M01_NOT_COLLECTED,CO2排放量；工业增加值；统计年度；统计边界,能源与碳管理部门,MONITORING_EXPORT
NAT-031,C53,单位工业增加值CO₂排放量削减率,C,MONITORING_REQUIRED,单位工业增加值碳排放下降幅度,%,,,,M01_NOT_COLLECTED,单位工业增加值碳排放下降幅度；单位=%,能源与碳管理部门,OFFICIAL_STATISTICS
NAT-031,C54,绿色工厂示范企业数量,C,PARK_SURVEY_REQUIRED,国家级、省级绿色工厂数量,count,,,,M01_NOT_COLLECTED,国家级、省级绿色工厂数量；单位=个,企业服务部门,OFFICIAL_STATISTICS
NAT-031,C55,示范创建数量,C,PUBLIC_AVAILABLE,国家级、省级绿色园区、绿色供应链等示范创建数量,category,1,2025,S3E-0058,,国家级、省级绿色园区、绿色供应链等示范创建数量；单位=级别,园区综合管理部门,OFFICIAL_RECOGNITION
NAT-031,D11,化工园区智慧化水平,D,MISSING,园区智慧管理平台建设情况，包括安全、环保、能源、应急、封闭化管理、公共服务等智慧化系统建设及运行情况。,ordinal evidence level,,,,M01_NOT_COLLECTED,园区智慧管理平台建设情况，包括安全、环保、能源、应急、封闭化管理、公共服务等智慧化系统建设及运行情况。；单位=等级,智慧园区管理部门,MANAGEMENT_SYSTEM_RECORD
NAT-031,D21,省级及以上认定的智能工厂数量,D,PARK_SURVEY_REQUIRED,园区内获得国家级、省级智能工厂（或智能制造示范工厂）认定的企业数量。,%,,,,M01_NOT_COLLECTED,园区内获得国家级、省级智能工厂（或智能制造示范工厂）认定的企业数量。；单位=个,企业服务部门,OFFICIAL_STATISTICS
NAT-032,A11,规模以上工业企业工业总产值,A,PARK_SURVEY_REQUIRED,园区规模以上工业企业工业总产值（亿元）,100 million CNY,,,,M01_NOT_COLLECTED,园区规模以上工业企业工业总产值（亿元）；单位=亿元,经济运行与统计部门,OFFICIAL_STATISTICS
NAT-032,A12,规模以上工业企业工业总产值增长率,A,PARK_SURVEY_REQUIRED,当年规模以上工业企业工业总产值增长率（%）,CNY/person,,,,M01_NOT_COLLECTED,当年规模以上工业企业工业总产值增长率（%）；单位=%,经济运行与统计部门,OFFICIAL_STATISTICS
NAT-032,A21,规模以上工业企业利润率,A,ENTERPRISE_REQUIRED,利润总额/营业收入×100%,%,,,,M01_NOT_COLLECTED,利润总额/营业收入×100%；单位=%,企业服务部门,AUDITED_ENTERPRISE_DATA
NAT-032,A22,工业增加值增长率,A,PARK_SURVEY_REQUIRED,当年工业增加值增长率（%）,%,,,,M01_NOT_COLLECTED,当年工业增加值增长率（%）；单位=%,经济运行与统计部门,OFFICIAL_STATISTICS
NAT-032,A23,人均产值,A,ENTERPRISE_REQUIRED,工业总产值÷从业人员数量（万元/人）,%,,,,M01_NOT_COLLECTED,工业总产值÷从业人员数量（万元/人）；单位=万元/人,企业服务部门,AUDITED_ENTERPRISE_DATA
NAT-032,A31,亩均投资强度,A,PARK_SURVEY_REQUIRED,固定资产投资÷工业用地面积（万元/亩）,mu,,,,M01_NOT_COLLECTED,固定资产投资÷工业用地面积（万元/亩）；单位=万元/亩,经济运行与统计部门,OFFICIAL_STATISTICS
NAT-032,A32,亩均产值,A,PARK_SURVEY_REQUIRED,工业总产值÷工业用地面积（万元/亩）,"10,000 CNY/mu",,,,M01_NOT_COLLECTED,工业总产值÷工业用地面积（万元/亩）；单位=万元/亩,经济运行与统计部门,OFFICIAL_STATISTICS
NAT-032,A33,亩均税收,A,PARK_SURVEY_REQUIRED,税收收入÷工业用地面积（万元/亩）,%,,,,M01_NOT_COLLECTED,税收收入÷工业用地面积（万元/亩）；单位=万元/亩,经济运行与统计部门,OFFICIAL_STATISTICS
NAT-032,A41,原料内供率,A,ENTERPRISE_REQUIRED,园区内企业原料互供比例,%,,,,M01_NOT_COLLECTED,园区内企业原料互供比例；单位=%,企业服务部门,AUDITED_ENTERPRISE_DATA
NAT-032,B11,研发投入占主营业务收入的比重,B,ENTERPRISE_REQUIRED,园区规模以上工业企业研发经费支出占主营业务收入比例（%）,%,,,,M01_NOT_COLLECTED,园区规模以上工业企业研发经费支出占主营业务收入比例（%）；单位=%,科技创新部门,AUDITED_ENTERPRISE_DATA
NAT-032,B12,优质企业数量,B,PARK_SURVEY_REQUIRED,"国家级制造业单项冠军企业、专精特新""小巨人""企业、高新技术企业等数量",count,,,,M01_NOT_COLLECTED,"国家级制造业单项冠军企业、专精特新""小巨人""企业、高新技术企业等数量；单位=个",企业服务部门,OFFICIAL_STATISTICS
NAT-032,B13,上市公司所属企业数量,B,ENTERPRISE_REQUIRED,园区内上市公司及其控股企业数量,%,,,,M01_NOT_COLLECTED,园区内上市公司及其控股企业数量；单位=个,企业服务部门,AUDITED_ENTERPRISE_DATA
NAT-032,B14,发明专利数,B,ENTERPRISE_REQUIRED,园区企业拥有的有效发明专利数量,count,,,,M01_NOT_COLLECTED,园区企业拥有的有效发明专利数量；单位=个,科技创新部门,AUDITED_ENTERPRISE_DATA
NAT-032,B15,标准制定数,B,ENTERPRISE_REQUIRED,主导或参与制定国际、国家、行业及团体标准数量,count,,,,M01_NOT_COLLECTED,主导或参与制定国际、国家、行业及团体标准数量；单位=项,科技创新部门,AUDITED_ENTERPRISE_DATA
NAT-032,B21,省级及以上研发机构数量,B,PARK_SURVEY_REQUIRED,国家级、省级重点实验室、工程研究中心、企业技术中心等创新平台数量,count,,,,M01_NOT_COLLECTED,国家级、省级重点实验室、工程研究中心、企业技术中心等创新平台数量；单位=个,科技创新部门,OFFICIAL_STATISTICS
NAT-032,B22,产学研用融合平台,B,ENTERPRISE_REQUIRED,与高校、科研院所共建的平台数量,count,,,,M01_NOT_COLLECTED,与高校、科研院所共建的平台数量；单位=个,科技创新部门,AUDITED_ENTERPRISE_DATA
NAT-032,B23,园区级以上中试基地,B,PARK_SURVEY_REQUIRED,已建成并投入运行的中试基地数量,count,,,,M01_NOT_COLLECTED,已建成并投入运行的中试基地数量；单位=是/否,科技创新部门,OFFICIAL_STATISTICS
NAT-032,B31,产学研合作程度,B,DEFINITION_PENDING,园区企业开展产学研合作项目情况,DEFINITION_PENDING,,,,M06_DEFINITION_UNCLEAR,园区企业开展产学研合作项目情况；单位=%,科技创新部门,OFFICIAL_STATISTICS
NAT-032,B32,技术引进,B,DEFINITION_PENDING,企业引进先进技术、成果转化情况,DEFINITION_PENDING,,,,M06_DEFINITION_UNCLEAR,企业引进先进技术、成果转化情况；单位=%,科技创新部门,OFFICIAL_STATISTICS
NAT-032,B41,科技成果转化率,B,ENTERPRISE_REQUIRED,科技成果产业化、转化实施情况,count,,,,M01_NOT_COLLECTED,科技成果产业化、转化实施情况；单位=%,科技创新部门,AUDITED_ENTERPRISE_DATA
NAT-032,B42,产业精细化率,B,MISSING,精细化工及高端化工产品占比,count,,,,M01_NOT_COLLECTED,精细化工及高端化工产品占比；单位=%,企业服务部门,OFFICIAL_STATISTICS
NAT-032,C11,危险化学品从业单位安全生产标准化建设,C,MISSING,园区危险化学品生产、经营、储存等企业安全生产标准化建设情况,—,,,,M01_NOT_COLLECTED,园区危险化学品生产、经营、储存等企业安全生产标准化建设情况；单位=%,应急与安全部门,OFFICIAL_STATISTICS
NAT-032,C12,安全风险等级,C,MISSING,园区整体安全风险等级评估结果,—,,,,M01_NOT_COLLECTED,园区整体安全风险等级评估结果；单位=等级,应急与安全部门,OFFICIAL_STATISTICS
NAT-032,C13,安全生产事故发生等级,C,MISSING,年度生产安全事故情况,—,,,,M01_NOT_COLLECTED,年度生产安全事故情况；单位=等级,应急与安全部门,OFFICIAL_STATISTICS
NAT-032,C21,大气环境质量达标率,C,MONITORING_REQUIRED,园区环境空气质量达标情况,%,,,,M01_NOT_COLLECTED,园区环境空气质量达标情况；单位=%,生态环境部门,MONITORING_EXPORT
NAT-032,C22,地表水环境质量达标率,C,MONITORING_REQUIRED,园区地表水断面达标情况,%,,,,M01_NOT_COLLECTED,园区地表水断面达标情况；单位=%,生态环境部门,MONITORING_EXPORT
NAT-032,C23,地下水质量达标率,C,MONITORING_REQUIRED,地下水监测点位达标情况,%,,,,M01_NOT_COLLECTED,地下水监测点位达标情况；单位=%,生态环境部门,MONITORING_EXPORT
NAT-032,C24,土壤质量达标率,C,MONITORING_REQUIRED,土壤环境质量监测达标情况,%,,,,M01_NOT_COLLECTED,土壤环境质量监测达标情况；单位=%,生态环境部门,MONITORING_EXPORT
NAT-032,C31,单位工业总产值COD排放量,C,MONITORING_REQUIRED,单位工业总产值化学需氧量排放量,t/100m CNY,,,,M01_NOT_COLLECTED,COD排放量；同年度工业总产值；统计边界,生态环境部门,MONITORING_EXPORT
NAT-032,C32,单位工业总产值氨氮排放量,C,MONITORING_REQUIRED,单位工业总产值氨氮排放量,t/100m CNY,,,,M01_NOT_COLLECTED,NH3-N排放量；同年度工业总产值；统计边界,生态环境部门,MONITORING_EXPORT
NAT-032,C33,单位工业总产值SO₂排放量,C,MONITORING_REQUIRED,单位工业总产值二氧化硫排放量,t/100m CNY,,,,M01_NOT_COLLECTED,SO2排放量；同年度工业总产值；统计边界,生态环境部门,MONITORING_EXPORT
NAT-032,C34,单位工业总产值氮氧化物排放量,C,MONITORING_REQUIRED,单位工业总产值NOx排放量,t/100m CNY,,,,M01_NOT_COLLECTED,NOx排放量；同年度工业总产值；统计边界,生态环境部门,MONITORING_EXPORT
NAT-032,C35,单位工业总产值VOCs排放量,C,DEFINITION_PENDING,单位工业总产值挥发性有机物排放量,DEFINITION_PENDING,,,,M06_DEFINITION_UNCLEAR,VOCs排放量；同年度工业总产值；人工锁定定义,生态环境部门,MONITORING_EXPORT
NAT-032,C41,单位工业总产值新鲜取水量,C,MONITORING_REQUIRED,每单位工业产值消耗的新鲜水资源,"m3/10,000 CNY",,,,M01_NOT_COLLECTED,新鲜水取用量；工业增加值；统计年度；统计边界,水务部门,MONITORING_EXPORT
NAT-032,C42,再生水（中水）回用率,C,MONITORING_REQUIRED,再生水利用比例,%,,,,M01_NOT_COLLECTED,再生水实际利用量；园区总用水量；统计年度；统计边界,水务部门,MONITORING_EXPORT
NAT-032,C51,单位工业增加值能耗削减率,C,MONITORING_REQUIRED,单位工业增加值综合能耗下降幅度,"tce/10,000 CNY",,,,M01_NOT_COLLECTED,综合能源消费量；工业增加值；统计年度；统计边界,能源与碳管理部门,MONITORING_EXPORT
NAT-032,C52,绿色电力使用,C,MONITORING_REQUIRED,绿色电力消费比例,"tCO2/10,000 CNY",,,,M01_NOT_COLLECTED,CO2排放量；工业增加值；统计年度；统计边界,能源与碳管理部门,MONITORING_EXPORT
NAT-032,C53,单位工业增加值CO₂排放量削减率,C,MONITORING_REQUIRED,单位工业增加值碳排放下降幅度,%,,,,M01_NOT_COLLECTED,单位工业增加值碳排放下降幅度；单位=%,能源与碳管理部门,OFFICIAL_STATISTICS
NAT-032,C54,绿色工厂示范企业数量,C,PARK_SURVEY_REQUIRED,国家级、省级绿色工厂数量,count,,,,M01_NOT_COLLECTED,国家级、省级绿色工厂数量；单位=个,企业服务部门,OFFICIAL_STATISTICS
NAT-032,C55,示范创建数量,C,PUBLIC_AVAILABLE,国家级、省级绿色园区、绿色供应链等示范创建数量,category,1,2025,S3E-0059,,国家级、省级绿色园区、绿色供应链等示范创建数量；单位=级别,园区综合管理部门,OFFICIAL_RECOGNITION
NAT-032,D11,化工园区智慧化水平,D,MISSING,园区智慧管理平台建设情况，包括安全、环保、能源、应急、封闭化管理、公共服务等智慧化系统建设及运行情况。,ordinal evidence level,,,,M01_NOT_COLLECTED,园区智慧管理平台建设情况，包括安全、环保、能源、应急、封闭化管理、公共服务等智慧化系统建设及运行情况。；单位=等级,智慧园区管理部门,MANAGEMENT_SYSTEM_RECORD
NAT-032,D21,省级及以上认定的智能工厂数量,D,PARK_SURVEY_REQUIRED,园区内获得国家级、省级智能工厂（或智能制造示范工厂）认定的企业数量。,%,,,,M01_NOT_COLLECTED,园区内获得国家级、省级智能工厂（或智能制造示范工厂）认定的企业数量。；单位=个,企业服务部门,OFFICIAL_STATISTICS
NAT-033,A11,规模以上工业企业工业总产值,A,PARK_SURVEY_REQUIRED,园区规模以上工业企业工业总产值（亿元）,100 million CNY,,,,M01_NOT_COLLECTED,园区规模以上工业企业工业总产值（亿元）；单位=亿元,经济运行与统计部门,OFFICIAL_STATISTICS
NAT-033,A12,规模以上工业企业工业总产值增长率,A,PARK_SURVEY_REQUIRED,当年规模以上工业企业工业总产值增长率（%）,CNY/person,,,,M01_NOT_COLLECTED,当年规模以上工业企业工业总产值增长率（%）；单位=%,经济运行与统计部门,OFFICIAL_STATISTICS
NAT-033,A21,规模以上工业企业利润率,A,ENTERPRISE_REQUIRED,利润总额/营业收入×100%,%,,,,M01_NOT_COLLECTED,利润总额/营业收入×100%；单位=%,企业服务部门,AUDITED_ENTERPRISE_DATA
NAT-033,A22,工业增加值增长率,A,PARK_SURVEY_REQUIRED,当年工业增加值增长率（%）,%,,,,M01_NOT_COLLECTED,当年工业增加值增长率（%）；单位=%,经济运行与统计部门,OFFICIAL_STATISTICS
NAT-033,A23,人均产值,A,ENTERPRISE_REQUIRED,工业总产值÷从业人员数量（万元/人）,%,,,,M01_NOT_COLLECTED,工业总产值÷从业人员数量（万元/人）；单位=万元/人,企业服务部门,AUDITED_ENTERPRISE_DATA
NAT-033,A31,亩均投资强度,A,PARK_SURVEY_REQUIRED,固定资产投资÷工业用地面积（万元/亩）,mu,,,,M01_NOT_COLLECTED,固定资产投资÷工业用地面积（万元/亩）；单位=万元/亩,经济运行与统计部门,OFFICIAL_STATISTICS
NAT-033,A32,亩均产值,A,PARK_SURVEY_REQUIRED,工业总产值÷工业用地面积（万元/亩）,"10,000 CNY/mu",,,,M01_NOT_COLLECTED,工业总产值÷工业用地面积（万元/亩）；单位=万元/亩,经济运行与统计部门,OFFICIAL_STATISTICS
NAT-033,A33,亩均税收,A,PARK_SURVEY_REQUIRED,税收收入÷工业用地面积（万元/亩）,%,,,,M01_NOT_COLLECTED,税收收入÷工业用地面积（万元/亩）；单位=万元/亩,经济运行与统计部门,OFFICIAL_STATISTICS
NAT-033,A41,原料内供率,A,ENTERPRISE_REQUIRED,园区内企业原料互供比例,%,,,,M01_NOT_COLLECTED,园区内企业原料互供比例；单位=%,企业服务部门,AUDITED_ENTERPRISE_DATA
NAT-033,B11,研发投入占主营业务收入的比重,B,ENTERPRISE_REQUIRED,园区规模以上工业企业研发经费支出占主营业务收入比例（%）,%,,,,M01_NOT_COLLECTED,园区规模以上工业企业研发经费支出占主营业务收入比例（%）；单位=%,科技创新部门,AUDITED_ENTERPRISE_DATA
NAT-033,B12,优质企业数量,B,PARK_SURVEY_REQUIRED,"国家级制造业单项冠军企业、专精特新""小巨人""企业、高新技术企业等数量",count,,,,M01_NOT_COLLECTED,"国家级制造业单项冠军企业、专精特新""小巨人""企业、高新技术企业等数量；单位=个",企业服务部门,OFFICIAL_STATISTICS
NAT-033,B13,上市公司所属企业数量,B,ENTERPRISE_REQUIRED,园区内上市公司及其控股企业数量,%,,,,M01_NOT_COLLECTED,园区内上市公司及其控股企业数量；单位=个,企业服务部门,AUDITED_ENTERPRISE_DATA
NAT-033,B14,发明专利数,B,ENTERPRISE_REQUIRED,园区企业拥有的有效发明专利数量,count,,,,M01_NOT_COLLECTED,园区企业拥有的有效发明专利数量；单位=个,科技创新部门,AUDITED_ENTERPRISE_DATA
NAT-033,B15,标准制定数,B,ENTERPRISE_REQUIRED,主导或参与制定国际、国家、行业及团体标准数量,count,,,,M01_NOT_COLLECTED,主导或参与制定国际、国家、行业及团体标准数量；单位=项,科技创新部门,AUDITED_ENTERPRISE_DATA
NAT-033,B21,省级及以上研发机构数量,B,PARK_SURVEY_REQUIRED,国家级、省级重点实验室、工程研究中心、企业技术中心等创新平台数量,count,,,,M01_NOT_COLLECTED,国家级、省级重点实验室、工程研究中心、企业技术中心等创新平台数量；单位=个,科技创新部门,OFFICIAL_STATISTICS
NAT-033,B22,产学研用融合平台,B,ENTERPRISE_REQUIRED,与高校、科研院所共建的平台数量,count,,,,M01_NOT_COLLECTED,与高校、科研院所共建的平台数量；单位=个,科技创新部门,AUDITED_ENTERPRISE_DATA
NAT-033,B23,园区级以上中试基地,B,PARK_SURVEY_REQUIRED,已建成并投入运行的中试基地数量,count,,,,M01_NOT_COLLECTED,已建成并投入运行的中试基地数量；单位=是/否,科技创新部门,OFFICIAL_STATISTICS
NAT-033,B31,产学研合作程度,B,DEFINITION_PENDING,园区企业开展产学研合作项目情况,DEFINITION_PENDING,,,,M06_DEFINITION_UNCLEAR,园区企业开展产学研合作项目情况；单位=%,科技创新部门,OFFICIAL_STATISTICS
NAT-033,B32,技术引进,B,DEFINITION_PENDING,企业引进先进技术、成果转化情况,DEFINITION_PENDING,,,,M06_DEFINITION_UNCLEAR,企业引进先进技术、成果转化情况；单位=%,科技创新部门,OFFICIAL_STATISTICS
NAT-033,B41,科技成果转化率,B,ENTERPRISE_REQUIRED,科技成果产业化、转化实施情况,count,,,,M01_NOT_COLLECTED,科技成果产业化、转化实施情况；单位=%,科技创新部门,AUDITED_ENTERPRISE_DATA
NAT-033,B42,产业精细化率,B,MISSING,精细化工及高端化工产品占比,count,,,,M01_NOT_COLLECTED,精细化工及高端化工产品占比；单位=%,企业服务部门,OFFICIAL_STATISTICS
NAT-033,C11,危险化学品从业单位安全生产标准化建设,C,MISSING,园区危险化学品生产、经营、储存等企业安全生产标准化建设情况,—,,,,M01_NOT_COLLECTED,园区危险化学品生产、经营、储存等企业安全生产标准化建设情况；单位=%,应急与安全部门,OFFICIAL_STATISTICS
NAT-033,C12,安全风险等级,C,MISSING,园区整体安全风险等级评估结果,—,,,,M01_NOT_COLLECTED,园区整体安全风险等级评估结果；单位=等级,应急与安全部门,OFFICIAL_STATISTICS
NAT-033,C13,安全生产事故发生等级,C,MISSING,年度生产安全事故情况,—,,,,M01_NOT_COLLECTED,年度生产安全事故情况；单位=等级,应急与安全部门,OFFICIAL_STATISTICS
NAT-033,C21,大气环境质量达标率,C,MONITORING_REQUIRED,园区环境空气质量达标情况,%,,,,M01_NOT_COLLECTED,园区环境空气质量达标情况；单位=%,生态环境部门,MONITORING_EXPORT
NAT-033,C22,地表水环境质量达标率,C,MONITORING_REQUIRED,园区地表水断面达标情况,%,,,,M01_NOT_COLLECTED,园区地表水断面达标情况；单位=%,生态环境部门,MONITORING_EXPORT
NAT-033,C23,地下水质量达标率,C,MONITORING_REQUIRED,地下水监测点位达标情况,%,,,,M01_NOT_COLLECTED,地下水监测点位达标情况；单位=%,生态环境部门,MONITORING_EXPORT
NAT-033,C24,土壤质量达标率,C,MONITORING_REQUIRED,土壤环境质量监测达标情况,%,,,,M01_NOT_COLLECTED,土壤环境质量监测达标情况；单位=%,生态环境部门,MONITORING_EXPORT
NAT-033,C31,单位工业总产值COD排放量,C,MONITORING_REQUIRED,单位工业总产值化学需氧量排放量,t/100m CNY,,,,M01_NOT_COLLECTED,COD排放量；同年度工业总产值；统计边界,生态环境部门,MONITORING_EXPORT
NAT-033,C32,单位工业总产值氨氮排放量,C,MONITORING_REQUIRED,单位工业总产值氨氮排放量,t/100m CNY,,,,M01_NOT_COLLECTED,NH3-N排放量；同年度工业总产值；统计边界,生态环境部门,MONITORING_EXPORT
NAT-033,C33,单位工业总产值SO₂排放量,C,MONITORING_REQUIRED,单位工业总产值二氧化硫排放量,t/100m CNY,,,,M01_NOT_COLLECTED,SO2排放量；同年度工业总产值；统计边界,生态环境部门,MONITORING_EXPORT
NAT-033,C34,单位工业总产值氮氧化物排放量,C,MONITORING_REQUIRED,单位工业总产值NOx排放量,t/100m CNY,,,,M01_NOT_COLLECTED,NOx排放量；同年度工业总产值；统计边界,生态环境部门,MONITORING_EXPORT
NAT-033,C35,单位工业总产值VOCs排放量,C,DEFINITION_PENDING,单位工业总产值挥发性有机物排放量,DEFINITION_PENDING,,,,M06_DEFINITION_UNCLEAR,VOCs排放量；同年度工业总产值；人工锁定定义,生态环境部门,MONITORING_EXPORT
NAT-033,C41,单位工业总产值新鲜取水量,C,MONITORING_REQUIRED,每单位工业产值消耗的新鲜水资源,"m3/10,000 CNY",,,,M01_NOT_COLLECTED,新鲜水取用量；工业增加值；统计年度；统计边界,水务部门,MONITORING_EXPORT
NAT-033,C42,再生水（中水）回用率,C,MONITORING_REQUIRED,再生水利用比例,%,,,,M01_NOT_COLLECTED,再生水实际利用量；园区总用水量；统计年度；统计边界,水务部门,MONITORING_EXPORT
NAT-033,C51,单位工业增加值能耗削减率,C,MONITORING_REQUIRED,单位工业增加值综合能耗下降幅度,"tce/10,000 CNY",,,,M01_NOT_COLLECTED,综合能源消费量；工业增加值；统计年度；统计边界,能源与碳管理部门,MONITORING_EXPORT
NAT-033,C52,绿色电力使用,C,MONITORING_REQUIRED,绿色电力消费比例,"tCO2/10,000 CNY",,,,M01_NOT_COLLECTED,CO2排放量；工业增加值；统计年度；统计边界,能源与碳管理部门,MONITORING_EXPORT
NAT-033,C53,单位工业增加值CO₂排放量削减率,C,MONITORING_REQUIRED,单位工业增加值碳排放下降幅度,%,,,,M01_NOT_COLLECTED,单位工业增加值碳排放下降幅度；单位=%,能源与碳管理部门,OFFICIAL_STATISTICS
NAT-033,C54,绿色工厂示范企业数量,C,PARK_SURVEY_REQUIRED,国家级、省级绿色工厂数量,count,,,,M01_NOT_COLLECTED,国家级、省级绿色工厂数量；单位=个,企业服务部门,OFFICIAL_STATISTICS
NAT-033,C55,示范创建数量,C,PUBLIC_AVAILABLE,国家级、省级绿色园区、绿色供应链等示范创建数量,category,1,2025,S3E-0060,,国家级、省级绿色园区、绿色供应链等示范创建数量；单位=级别,园区综合管理部门,OFFICIAL_RECOGNITION
NAT-033,D11,化工园区智慧化水平,D,MISSING,园区智慧管理平台建设情况，包括安全、环保、能源、应急、封闭化管理、公共服务等智慧化系统建设及运行情况。,ordinal evidence level,,,,M01_NOT_COLLECTED,园区智慧管理平台建设情况，包括安全、环保、能源、应急、封闭化管理、公共服务等智慧化系统建设及运行情况。；单位=等级,智慧园区管理部门,MANAGEMENT_SYSTEM_RECORD
NAT-033,D21,省级及以上认定的智能工厂数量,D,PARK_SURVEY_REQUIRED,园区内获得国家级、省级智能工厂（或智能制造示范工厂）认定的企业数量。,%,,,,M01_NOT_COLLECTED,园区内获得国家级、省级智能工厂（或智能制造示范工厂）认定的企业数量。；单位=个,企业服务部门,OFFICIAL_STATISTICS
NAT-034,A11,规模以上工业企业工业总产值,A,PARK_SURVEY_REQUIRED,园区规模以上工业企业工业总产值（亿元）,100 million CNY,,,,M01_NOT_COLLECTED,园区规模以上工业企业工业总产值（亿元）；单位=亿元,经济运行与统计部门,OFFICIAL_STATISTICS
NAT-034,A12,规模以上工业企业工业总产值增长率,A,PARK_SURVEY_REQUIRED,当年规模以上工业企业工业总产值增长率（%）,CNY/person,,,,M01_NOT_COLLECTED,当年规模以上工业企业工业总产值增长率（%）；单位=%,经济运行与统计部门,OFFICIAL_STATISTICS
NAT-034,A21,规模以上工业企业利润率,A,ENTERPRISE_REQUIRED,利润总额/营业收入×100%,%,,,,M01_NOT_COLLECTED,利润总额/营业收入×100%；单位=%,企业服务部门,AUDITED_ENTERPRISE_DATA
NAT-034,A22,工业增加值增长率,A,PARK_SURVEY_REQUIRED,当年工业增加值增长率（%）,%,,,,M01_NOT_COLLECTED,当年工业增加值增长率（%）；单位=%,经济运行与统计部门,OFFICIAL_STATISTICS
NAT-034,A23,人均产值,A,ENTERPRISE_REQUIRED,工业总产值÷从业人员数量（万元/人）,%,,,,M01_NOT_COLLECTED,工业总产值÷从业人员数量（万元/人）；单位=万元/人,企业服务部门,AUDITED_ENTERPRISE_DATA
NAT-034,A31,亩均投资强度,A,PARK_SURVEY_REQUIRED,固定资产投资÷工业用地面积（万元/亩）,mu,,,,M01_NOT_COLLECTED,固定资产投资÷工业用地面积（万元/亩）；单位=万元/亩,经济运行与统计部门,OFFICIAL_STATISTICS
NAT-034,A32,亩均产值,A,PARK_SURVEY_REQUIRED,工业总产值÷工业用地面积（万元/亩）,"10,000 CNY/mu",,,,M01_NOT_COLLECTED,工业总产值÷工业用地面积（万元/亩）；单位=万元/亩,经济运行与统计部门,OFFICIAL_STATISTICS
NAT-034,A33,亩均税收,A,PARK_SURVEY_REQUIRED,税收收入÷工业用地面积（万元/亩）,%,,,,M01_NOT_COLLECTED,税收收入÷工业用地面积（万元/亩）；单位=万元/亩,经济运行与统计部门,OFFICIAL_STATISTICS
NAT-034,A41,原料内供率,A,ENTERPRISE_REQUIRED,园区内企业原料互供比例,%,,,,M01_NOT_COLLECTED,园区内企业原料互供比例；单位=%,企业服务部门,AUDITED_ENTERPRISE_DATA
NAT-034,B11,研发投入占主营业务收入的比重,B,ENTERPRISE_REQUIRED,园区规模以上工业企业研发经费支出占主营业务收入比例（%）,%,,,,M01_NOT_COLLECTED,园区规模以上工业企业研发经费支出占主营业务收入比例（%）；单位=%,科技创新部门,AUDITED_ENTERPRISE_DATA
NAT-034,B12,优质企业数量,B,PARK_SURVEY_REQUIRED,"国家级制造业单项冠军企业、专精特新""小巨人""企业、高新技术企业等数量",count,,,,M01_NOT_COLLECTED,"国家级制造业单项冠军企业、专精特新""小巨人""企业、高新技术企业等数量；单位=个",企业服务部门,OFFICIAL_STATISTICS
NAT-034,B13,上市公司所属企业数量,B,ENTERPRISE_REQUIRED,园区内上市公司及其控股企业数量,%,,,,M01_NOT_COLLECTED,园区内上市公司及其控股企业数量；单位=个,企业服务部门,AUDITED_ENTERPRISE_DATA
NAT-034,B14,发明专利数,B,ENTERPRISE_REQUIRED,园区企业拥有的有效发明专利数量,count,,,,M01_NOT_COLLECTED,园区企业拥有的有效发明专利数量；单位=个,科技创新部门,AUDITED_ENTERPRISE_DATA
NAT-034,B15,标准制定数,B,ENTERPRISE_REQUIRED,主导或参与制定国际、国家、行业及团体标准数量,count,,,,M01_NOT_COLLECTED,主导或参与制定国际、国家、行业及团体标准数量；单位=项,科技创新部门,AUDITED_ENTERPRISE_DATA
NAT-034,B21,省级及以上研发机构数量,B,PARK_SURVEY_REQUIRED,国家级、省级重点实验室、工程研究中心、企业技术中心等创新平台数量,count,,,,M01_NOT_COLLECTED,国家级、省级重点实验室、工程研究中心、企业技术中心等创新平台数量；单位=个,科技创新部门,OFFICIAL_STATISTICS
NAT-034,B22,产学研用融合平台,B,ENTERPRISE_REQUIRED,与高校、科研院所共建的平台数量,count,,,,M01_NOT_COLLECTED,与高校、科研院所共建的平台数量；单位=个,科技创新部门,AUDITED_ENTERPRISE_DATA
NAT-034,B23,园区级以上中试基地,B,PARK_SURVEY_REQUIRED,已建成并投入运行的中试基地数量,count,,,,M01_NOT_COLLECTED,已建成并投入运行的中试基地数量；单位=是/否,科技创新部门,OFFICIAL_STATISTICS
NAT-034,B31,产学研合作程度,B,DEFINITION_PENDING,园区企业开展产学研合作项目情况,DEFINITION_PENDING,,,,M06_DEFINITION_UNCLEAR,园区企业开展产学研合作项目情况；单位=%,科技创新部门,OFFICIAL_STATISTICS
NAT-034,B32,技术引进,B,DEFINITION_PENDING,企业引进先进技术、成果转化情况,DEFINITION_PENDING,,,,M06_DEFINITION_UNCLEAR,企业引进先进技术、成果转化情况；单位=%,科技创新部门,OFFICIAL_STATISTICS
NAT-034,B41,科技成果转化率,B,ENTERPRISE_REQUIRED,科技成果产业化、转化实施情况,count,,,,M01_NOT_COLLECTED,科技成果产业化、转化实施情况；单位=%,科技创新部门,AUDITED_ENTERPRISE_DATA
NAT-034,B42,产业精细化率,B,MISSING,精细化工及高端化工产品占比,count,,,,M01_NOT_COLLECTED,精细化工及高端化工产品占比；单位=%,企业服务部门,OFFICIAL_STATISTICS
NAT-034,C11,危险化学品从业单位安全生产标准化建设,C,MISSING,园区危险化学品生产、经营、储存等企业安全生产标准化建设情况,—,,,,M01_NOT_COLLECTED,园区危险化学品生产、经营、储存等企业安全生产标准化建设情况；单位=%,应急与安全部门,OFFICIAL_STATISTICS
NAT-034,C12,安全风险等级,C,MISSING,园区整体安全风险等级评估结果,—,,,,M01_NOT_COLLECTED,园区整体安全风险等级评估结果；单位=等级,应急与安全部门,OFFICIAL_STATISTICS
NAT-034,C13,安全生产事故发生等级,C,MISSING,年度生产安全事故情况,—,,,,M01_NOT_COLLECTED,年度生产安全事故情况；单位=等级,应急与安全部门,OFFICIAL_STATISTICS
NAT-034,C21,大气环境质量达标率,C,MONITORING_REQUIRED,园区环境空气质量达标情况,%,,,,M01_NOT_COLLECTED,园区环境空气质量达标情况；单位=%,生态环境部门,MONITORING_EXPORT
NAT-034,C22,地表水环境质量达标率,C,MONITORING_REQUIRED,园区地表水断面达标情况,%,,,,M01_NOT_COLLECTED,园区地表水断面达标情况；单位=%,生态环境部门,MONITORING_EXPORT
NAT-034,C23,地下水质量达标率,C,MONITORING_REQUIRED,地下水监测点位达标情况,%,,,,M01_NOT_COLLECTED,地下水监测点位达标情况；单位=%,生态环境部门,MONITORING_EXPORT
NAT-034,C24,土壤质量达标率,C,MONITORING_REQUIRED,土壤环境质量监测达标情况,%,,,,M01_NOT_COLLECTED,土壤环境质量监测达标情况；单位=%,生态环境部门,MONITORING_EXPORT
NAT-034,C31,单位工业总产值COD排放量,C,MONITORING_REQUIRED,单位工业总产值化学需氧量排放量,t/100m CNY,,,,M01_NOT_COLLECTED,COD排放量；同年度工业总产值；统计边界,生态环境部门,MONITORING_EXPORT
NAT-034,C32,单位工业总产值氨氮排放量,C,MONITORING_REQUIRED,单位工业总产值氨氮排放量,t/100m CNY,,,,M01_NOT_COLLECTED,NH3-N排放量；同年度工业总产值；统计边界,生态环境部门,MONITORING_EXPORT
NAT-034,C33,单位工业总产值SO₂排放量,C,MONITORING_REQUIRED,单位工业总产值二氧化硫排放量,t/100m CNY,,,,M01_NOT_COLLECTED,SO2排放量；同年度工业总产值；统计边界,生态环境部门,MONITORING_EXPORT
NAT-034,C34,单位工业总产值氮氧化物排放量,C,MONITORING_REQUIRED,单位工业总产值NOx排放量,t/100m CNY,,,,M01_NOT_COLLECTED,NOx排放量；同年度工业总产值；统计边界,生态环境部门,MONITORING_EXPORT
NAT-034,C35,单位工业总产值VOCs排放量,C,DEFINITION_PENDING,单位工业总产值挥发性有机物排放量,DEFINITION_PENDING,,,,M06_DEFINITION_UNCLEAR,VOCs排放量；同年度工业总产值；人工锁定定义,生态环境部门,MONITORING_EXPORT
NAT-034,C41,单位工业总产值新鲜取水量,C,MONITORING_REQUIRED,每单位工业产值消耗的新鲜水资源,"m3/10,000 CNY",,,,M01_NOT_COLLECTED,新鲜水取用量；工业增加值；统计年度；统计边界,水务部门,MONITORING_EXPORT
NAT-034,C42,再生水（中水）回用率,C,MONITORING_REQUIRED,再生水利用比例,%,,,,M01_NOT_COLLECTED,再生水实际利用量；园区总用水量；统计年度；统计边界,水务部门,MONITORING_EXPORT
NAT-034,C51,单位工业增加值能耗削减率,C,MONITORING_REQUIRED,单位工业增加值综合能耗下降幅度,"tce/10,000 CNY",,,,M01_NOT_COLLECTED,综合能源消费量；工业增加值；统计年度；统计边界,能源与碳管理部门,MONITORING_EXPORT
NAT-034,C52,绿色电力使用,C,MONITORING_REQUIRED,绿色电力消费比例,"tCO2/10,000 CNY",,,,M01_NOT_COLLECTED,CO2排放量；工业增加值；统计年度；统计边界,能源与碳管理部门,MONITORING_EXPORT
NAT-034,C53,单位工业增加值CO₂排放量削减率,C,MONITORING_REQUIRED,单位工业增加值碳排放下降幅度,%,,,,M01_NOT_COLLECTED,单位工业增加值碳排放下降幅度；单位=%,能源与碳管理部门,OFFICIAL_STATISTICS
NAT-034,C54,绿色工厂示范企业数量,C,PARK_SURVEY_REQUIRED,国家级、省级绿色工厂数量,count,,,,M01_NOT_COLLECTED,国家级、省级绿色工厂数量；单位=个,企业服务部门,OFFICIAL_STATISTICS
NAT-034,C55,示范创建数量,C,PUBLIC_AVAILABLE,国家级、省级绿色园区、绿色供应链等示范创建数量,category,1,2025,S3E-0061,,国家级、省级绿色园区、绿色供应链等示范创建数量；单位=级别,园区综合管理部门,OFFICIAL_RECOGNITION
NAT-034,D11,化工园区智慧化水平,D,MISSING,园区智慧管理平台建设情况，包括安全、环保、能源、应急、封闭化管理、公共服务等智慧化系统建设及运行情况。,ordinal evidence level,,,,M01_NOT_COLLECTED,园区智慧管理平台建设情况，包括安全、环保、能源、应急、封闭化管理、公共服务等智慧化系统建设及运行情况。；单位=等级,智慧园区管理部门,MANAGEMENT_SYSTEM_RECORD
NAT-034,D21,省级及以上认定的智能工厂数量,D,PARK_SURVEY_REQUIRED,园区内获得国家级、省级智能工厂（或智能制造示范工厂）认定的企业数量。,%,,,,M01_NOT_COLLECTED,园区内获得国家级、省级智能工厂（或智能制造示范工厂）认定的企业数量。；单位=个,企业服务部门,OFFICIAL_STATISTICS
NAT-035,A11,规模以上工业企业工业总产值,A,PARK_SURVEY_REQUIRED,园区规模以上工业企业工业总产值（亿元）,100 million CNY,,,,M01_NOT_COLLECTED,园区规模以上工业企业工业总产值（亿元）；单位=亿元,经济运行与统计部门,OFFICIAL_STATISTICS
NAT-035,A12,规模以上工业企业工业总产值增长率,A,PARK_SURVEY_REQUIRED,当年规模以上工业企业工业总产值增长率（%）,CNY/person,,,,M01_NOT_COLLECTED,当年规模以上工业企业工业总产值增长率（%）；单位=%,经济运行与统计部门,OFFICIAL_STATISTICS
NAT-035,A21,规模以上工业企业利润率,A,ENTERPRISE_REQUIRED,利润总额/营业收入×100%,%,,,,M01_NOT_COLLECTED,利润总额/营业收入×100%；单位=%,企业服务部门,AUDITED_ENTERPRISE_DATA
NAT-035,A22,工业增加值增长率,A,PARK_SURVEY_REQUIRED,当年工业增加值增长率（%）,%,,,,M01_NOT_COLLECTED,当年工业增加值增长率（%）；单位=%,经济运行与统计部门,OFFICIAL_STATISTICS
NAT-035,A23,人均产值,A,ENTERPRISE_REQUIRED,工业总产值÷从业人员数量（万元/人）,%,,,,M01_NOT_COLLECTED,工业总产值÷从业人员数量（万元/人）；单位=万元/人,企业服务部门,AUDITED_ENTERPRISE_DATA
NAT-035,A31,亩均投资强度,A,PARK_SURVEY_REQUIRED,固定资产投资÷工业用地面积（万元/亩）,mu,,,,M01_NOT_COLLECTED,固定资产投资÷工业用地面积（万元/亩）；单位=万元/亩,经济运行与统计部门,OFFICIAL_STATISTICS
NAT-035,A32,亩均产值,A,PARK_SURVEY_REQUIRED,工业总产值÷工业用地面积（万元/亩）,"10,000 CNY/mu",,,,M01_NOT_COLLECTED,工业总产值÷工业用地面积（万元/亩）；单位=万元/亩,经济运行与统计部门,OFFICIAL_STATISTICS
NAT-035,A33,亩均税收,A,PARK_SURVEY_REQUIRED,税收收入÷工业用地面积（万元/亩）,%,,,,M01_NOT_COLLECTED,税收收入÷工业用地面积（万元/亩）；单位=万元/亩,经济运行与统计部门,OFFICIAL_STATISTICS
NAT-035,A41,原料内供率,A,ENTERPRISE_REQUIRED,园区内企业原料互供比例,%,,,,M01_NOT_COLLECTED,园区内企业原料互供比例；单位=%,企业服务部门,AUDITED_ENTERPRISE_DATA
NAT-035,B11,研发投入占主营业务收入的比重,B,ENTERPRISE_REQUIRED,园区规模以上工业企业研发经费支出占主营业务收入比例（%）,%,,,,M01_NOT_COLLECTED,园区规模以上工业企业研发经费支出占主营业务收入比例（%）；单位=%,科技创新部门,AUDITED_ENTERPRISE_DATA
NAT-035,B12,优质企业数量,B,PARK_SURVEY_REQUIRED,"国家级制造业单项冠军企业、专精特新""小巨人""企业、高新技术企业等数量",count,,,,M01_NOT_COLLECTED,"国家级制造业单项冠军企业、专精特新""小巨人""企业、高新技术企业等数量；单位=个",企业服务部门,OFFICIAL_STATISTICS
NAT-035,B13,上市公司所属企业数量,B,ENTERPRISE_REQUIRED,园区内上市公司及其控股企业数量,%,,,,M01_NOT_COLLECTED,园区内上市公司及其控股企业数量；单位=个,企业服务部门,AUDITED_ENTERPRISE_DATA
NAT-035,B14,发明专利数,B,ENTERPRISE_REQUIRED,园区企业拥有的有效发明专利数量,count,,,,M01_NOT_COLLECTED,园区企业拥有的有效发明专利数量；单位=个,科技创新部门,AUDITED_ENTERPRISE_DATA
NAT-035,B15,标准制定数,B,ENTERPRISE_REQUIRED,主导或参与制定国际、国家、行业及团体标准数量,count,,,,M01_NOT_COLLECTED,主导或参与制定国际、国家、行业及团体标准数量；单位=项,科技创新部门,AUDITED_ENTERPRISE_DATA
NAT-035,B21,省级及以上研发机构数量,B,PARK_SURVEY_REQUIRED,国家级、省级重点实验室、工程研究中心、企业技术中心等创新平台数量,count,,,,M01_NOT_COLLECTED,国家级、省级重点实验室、工程研究中心、企业技术中心等创新平台数量；单位=个,科技创新部门,OFFICIAL_STATISTICS
NAT-035,B22,产学研用融合平台,B,ENTERPRISE_REQUIRED,与高校、科研院所共建的平台数量,count,,,,M01_NOT_COLLECTED,与高校、科研院所共建的平台数量；单位=个,科技创新部门,AUDITED_ENTERPRISE_DATA
NAT-035,B23,园区级以上中试基地,B,PARK_SURVEY_REQUIRED,已建成并投入运行的中试基地数量,count,,,,M01_NOT_COLLECTED,已建成并投入运行的中试基地数量；单位=是/否,科技创新部门,OFFICIAL_STATISTICS
NAT-035,B31,产学研合作程度,B,DEFINITION_PENDING,园区企业开展产学研合作项目情况,DEFINITION_PENDING,,,,M06_DEFINITION_UNCLEAR,园区企业开展产学研合作项目情况；单位=%,科技创新部门,OFFICIAL_STATISTICS
NAT-035,B32,技术引进,B,DEFINITION_PENDING,企业引进先进技术、成果转化情况,DEFINITION_PENDING,,,,M06_DEFINITION_UNCLEAR,企业引进先进技术、成果转化情况；单位=%,科技创新部门,OFFICIAL_STATISTICS
NAT-035,B41,科技成果转化率,B,ENTERPRISE_REQUIRED,科技成果产业化、转化实施情况,count,,,,M01_NOT_COLLECTED,科技成果产业化、转化实施情况；单位=%,科技创新部门,AUDITED_ENTERPRISE_DATA
NAT-035,B42,产业精细化率,B,MISSING,精细化工及高端化工产品占比,count,,,,M01_NOT_COLLECTED,精细化工及高端化工产品占比；单位=%,企业服务部门,OFFICIAL_STATISTICS
NAT-035,C11,危险化学品从业单位安全生产标准化建设,C,MISSING,园区危险化学品生产、经营、储存等企业安全生产标准化建设情况,—,,,,M01_NOT_COLLECTED,园区危险化学品生产、经营、储存等企业安全生产标准化建设情况；单位=%,应急与安全部门,OFFICIAL_STATISTICS
NAT-035,C12,安全风险等级,C,MISSING,园区整体安全风险等级评估结果,—,,,,M01_NOT_COLLECTED,园区整体安全风险等级评估结果；单位=等级,应急与安全部门,OFFICIAL_STATISTICS
NAT-035,C13,安全生产事故发生等级,C,MISSING,年度生产安全事故情况,—,,,,M01_NOT_COLLECTED,年度生产安全事故情况；单位=等级,应急与安全部门,OFFICIAL_STATISTICS
NAT-035,C21,大气环境质量达标率,C,MONITORING_REQUIRED,园区环境空气质量达标情况,%,,,,M01_NOT_COLLECTED,园区环境空气质量达标情况；单位=%,生态环境部门,MONITORING_EXPORT
NAT-035,C22,地表水环境质量达标率,C,MONITORING_REQUIRED,园区地表水断面达标情况,%,,,,M01_NOT_COLLECTED,园区地表水断面达标情况；单位=%,生态环境部门,MONITORING_EXPORT
NAT-035,C23,地下水质量达标率,C,MONITORING_REQUIRED,地下水监测点位达标情况,%,,,,M01_NOT_COLLECTED,地下水监测点位达标情况；单位=%,生态环境部门,MONITORING_EXPORT
NAT-035,C24,土壤质量达标率,C,MONITORING_REQUIRED,土壤环境质量监测达标情况,%,,,,M01_NOT_COLLECTED,土壤环境质量监测达标情况；单位=%,生态环境部门,MONITORING_EXPORT
NAT-035,C31,单位工业总产值COD排放量,C,MONITORING_REQUIRED,单位工业总产值化学需氧量排放量,t/100m CNY,,,,M01_NOT_COLLECTED,COD排放量；同年度工业总产值；统计边界,生态环境部门,MONITORING_EXPORT
NAT-035,C32,单位工业总产值氨氮排放量,C,MONITORING_REQUIRED,单位工业总产值氨氮排放量,t/100m CNY,,,,M01_NOT_COLLECTED,NH3-N排放量；同年度工业总产值；统计边界,生态环境部门,MONITORING_EXPORT
NAT-035,C33,单位工业总产值SO₂排放量,C,MONITORING_REQUIRED,单位工业总产值二氧化硫排放量,t/100m CNY,,,,M01_NOT_COLLECTED,SO2排放量；同年度工业总产值；统计边界,生态环境部门,MONITORING_EXPORT
NAT-035,C34,单位工业总产值氮氧化物排放量,C,MONITORING_REQUIRED,单位工业总产值NOx排放量,t/100m CNY,,,,M01_NOT_COLLECTED,NOx排放量；同年度工业总产值；统计边界,生态环境部门,MONITORING_EXPORT
NAT-035,C35,单位工业总产值VOCs排放量,C,DEFINITION_PENDING,单位工业总产值挥发性有机物排放量,DEFINITION_PENDING,,,,M06_DEFINITION_UNCLEAR,VOCs排放量；同年度工业总产值；人工锁定定义,生态环境部门,MONITORING_EXPORT
NAT-035,C41,单位工业总产值新鲜取水量,C,MONITORING_REQUIRED,每单位工业产值消耗的新鲜水资源,"m3/10,000 CNY",,,,M01_NOT_COLLECTED,新鲜水取用量；工业增加值；统计年度；统计边界,水务部门,MONITORING_EXPORT
NAT-035,C42,再生水（中水）回用率,C,MONITORING_REQUIRED,再生水利用比例,%,,,,M01_NOT_COLLECTED,再生水实际利用量；园区总用水量；统计年度；统计边界,水务部门,MONITORING_EXPORT
NAT-035,C51,单位工业增加值能耗削减率,C,MONITORING_REQUIRED,单位工业增加值综合能耗下降幅度,"tce/10,000 CNY",,,,M01_NOT_COLLECTED,综合能源消费量；工业增加值；统计年度；统计边界,能源与碳管理部门,MONITORING_EXPORT
NAT-035,C52,绿色电力使用,C,MONITORING_REQUIRED,绿色电力消费比例,"tCO2/10,000 CNY",,,,M01_NOT_COLLECTED,CO2排放量；工业增加值；统计年度；统计边界,能源与碳管理部门,MONITORING_EXPORT
NAT-035,C53,单位工业增加值CO₂排放量削减率,C,MONITORING_REQUIRED,单位工业增加值碳排放下降幅度,%,,,,M01_NOT_COLLECTED,单位工业增加值碳排放下降幅度；单位=%,能源与碳管理部门,OFFICIAL_STATISTICS
NAT-035,C54,绿色工厂示范企业数量,C,PARK_SURVEY_REQUIRED,国家级、省级绿色工厂数量,count,,,,M01_NOT_COLLECTED,国家级、省级绿色工厂数量；单位=个,企业服务部门,OFFICIAL_STATISTICS
NAT-035,C55,示范创建数量,C,PUBLIC_AVAILABLE,国家级、省级绿色园区、绿色供应链等示范创建数量,category,1,2025,S3E-0062,,国家级、省级绿色园区、绿色供应链等示范创建数量；单位=级别,园区综合管理部门,OFFICIAL_RECOGNITION
NAT-035,D11,化工园区智慧化水平,D,MISSING,园区智慧管理平台建设情况，包括安全、环保、能源、应急、封闭化管理、公共服务等智慧化系统建设及运行情况。,ordinal evidence level,,,,M01_NOT_COLLECTED,园区智慧管理平台建设情况，包括安全、环保、能源、应急、封闭化管理、公共服务等智慧化系统建设及运行情况。；单位=等级,智慧园区管理部门,MANAGEMENT_SYSTEM_RECORD
NAT-035,D21,省级及以上认定的智能工厂数量,D,PARK_SURVEY_REQUIRED,园区内获得国家级、省级智能工厂（或智能制造示范工厂）认定的企业数量。,%,,,,M01_NOT_COLLECTED,园区内获得国家级、省级智能工厂（或智能制造示范工厂）认定的企业数量。；单位=个,企业服务部门,OFFICIAL_STATISTICS
NAT-036,A11,规模以上工业企业工业总产值,A,PARK_SURVEY_REQUIRED,园区规模以上工业企业工业总产值（亿元）,100 million CNY,,,,M01_NOT_COLLECTED,园区规模以上工业企业工业总产值（亿元）；单位=亿元,经济运行与统计部门,OFFICIAL_STATISTICS
NAT-036,A12,规模以上工业企业工业总产值增长率,A,PARK_SURVEY_REQUIRED,当年规模以上工业企业工业总产值增长率（%）,CNY/person,,,,M01_NOT_COLLECTED,当年规模以上工业企业工业总产值增长率（%）；单位=%,经济运行与统计部门,OFFICIAL_STATISTICS
NAT-036,A21,规模以上工业企业利润率,A,ENTERPRISE_REQUIRED,利润总额/营业收入×100%,%,,,,M01_NOT_COLLECTED,利润总额/营业收入×100%；单位=%,企业服务部门,AUDITED_ENTERPRISE_DATA
NAT-036,A22,工业增加值增长率,A,PARK_SURVEY_REQUIRED,当年工业增加值增长率（%）,%,,,,M01_NOT_COLLECTED,当年工业增加值增长率（%）；单位=%,经济运行与统计部门,OFFICIAL_STATISTICS
NAT-036,A23,人均产值,A,ENTERPRISE_REQUIRED,工业总产值÷从业人员数量（万元/人）,%,,,,M01_NOT_COLLECTED,工业总产值÷从业人员数量（万元/人）；单位=万元/人,企业服务部门,AUDITED_ENTERPRISE_DATA
NAT-036,A31,亩均投资强度,A,PARK_SURVEY_REQUIRED,固定资产投资÷工业用地面积（万元/亩）,mu,,,,M01_NOT_COLLECTED,固定资产投资÷工业用地面积（万元/亩）；单位=万元/亩,经济运行与统计部门,OFFICIAL_STATISTICS
NAT-036,A32,亩均产值,A,PARK_SURVEY_REQUIRED,工业总产值÷工业用地面积（万元/亩）,"10,000 CNY/mu",,,,M01_NOT_COLLECTED,工业总产值÷工业用地面积（万元/亩）；单位=万元/亩,经济运行与统计部门,OFFICIAL_STATISTICS
NAT-036,A33,亩均税收,A,PARK_SURVEY_REQUIRED,税收收入÷工业用地面积（万元/亩）,%,,,,M01_NOT_COLLECTED,税收收入÷工业用地面积（万元/亩）；单位=万元/亩,经济运行与统计部门,OFFICIAL_STATISTICS
NAT-036,A41,原料内供率,A,ENTERPRISE_REQUIRED,园区内企业原料互供比例,%,,,,M01_NOT_COLLECTED,园区内企业原料互供比例；单位=%,企业服务部门,AUDITED_ENTERPRISE_DATA
NAT-036,B11,研发投入占主营业务收入的比重,B,ENTERPRISE_REQUIRED,园区规模以上工业企业研发经费支出占主营业务收入比例（%）,%,,,,M01_NOT_COLLECTED,园区规模以上工业企业研发经费支出占主营业务收入比例（%）；单位=%,科技创新部门,AUDITED_ENTERPRISE_DATA
NAT-036,B12,优质企业数量,B,PARK_SURVEY_REQUIRED,"国家级制造业单项冠军企业、专精特新""小巨人""企业、高新技术企业等数量",count,,,,M01_NOT_COLLECTED,"国家级制造业单项冠军企业、专精特新""小巨人""企业、高新技术企业等数量；单位=个",企业服务部门,OFFICIAL_STATISTICS
NAT-036,B13,上市公司所属企业数量,B,ENTERPRISE_REQUIRED,园区内上市公司及其控股企业数量,%,,,,M01_NOT_COLLECTED,园区内上市公司及其控股企业数量；单位=个,企业服务部门,AUDITED_ENTERPRISE_DATA
NAT-036,B14,发明专利数,B,ENTERPRISE_REQUIRED,园区企业拥有的有效发明专利数量,count,,,,M01_NOT_COLLECTED,园区企业拥有的有效发明专利数量；单位=个,科技创新部门,AUDITED_ENTERPRISE_DATA
NAT-036,B15,标准制定数,B,ENTERPRISE_REQUIRED,主导或参与制定国际、国家、行业及团体标准数量,count,,,,M01_NOT_COLLECTED,主导或参与制定国际、国家、行业及团体标准数量；单位=项,科技创新部门,AUDITED_ENTERPRISE_DATA
NAT-036,B21,省级及以上研发机构数量,B,PARK_SURVEY_REQUIRED,国家级、省级重点实验室、工程研究中心、企业技术中心等创新平台数量,count,,,,M01_NOT_COLLECTED,国家级、省级重点实验室、工程研究中心、企业技术中心等创新平台数量；单位=个,科技创新部门,OFFICIAL_STATISTICS
NAT-036,B22,产学研用融合平台,B,ENTERPRISE_REQUIRED,与高校、科研院所共建的平台数量,count,,,,M01_NOT_COLLECTED,与高校、科研院所共建的平台数量；单位=个,科技创新部门,AUDITED_ENTERPRISE_DATA
NAT-036,B23,园区级以上中试基地,B,PARK_SURVEY_REQUIRED,已建成并投入运行的中试基地数量,count,,,,M01_NOT_COLLECTED,已建成并投入运行的中试基地数量；单位=是/否,科技创新部门,OFFICIAL_STATISTICS
NAT-036,B31,产学研合作程度,B,DEFINITION_PENDING,园区企业开展产学研合作项目情况,DEFINITION_PENDING,,,,M06_DEFINITION_UNCLEAR,园区企业开展产学研合作项目情况；单位=%,科技创新部门,OFFICIAL_STATISTICS
NAT-036,B32,技术引进,B,DEFINITION_PENDING,企业引进先进技术、成果转化情况,DEFINITION_PENDING,,,,M06_DEFINITION_UNCLEAR,企业引进先进技术、成果转化情况；单位=%,科技创新部门,OFFICIAL_STATISTICS
NAT-036,B41,科技成果转化率,B,ENTERPRISE_REQUIRED,科技成果产业化、转化实施情况,count,,,,M01_NOT_COLLECTED,科技成果产业化、转化实施情况；单位=%,科技创新部门,AUDITED_ENTERPRISE_DATA
NAT-036,B42,产业精细化率,B,MISSING,精细化工及高端化工产品占比,count,,,,M01_NOT_COLLECTED,精细化工及高端化工产品占比；单位=%,企业服务部门,OFFICIAL_STATISTICS
NAT-036,C11,危险化学品从业单位安全生产标准化建设,C,MISSING,园区危险化学品生产、经营、储存等企业安全生产标准化建设情况,—,,,,M01_NOT_COLLECTED,园区危险化学品生产、经营、储存等企业安全生产标准化建设情况；单位=%,应急与安全部门,OFFICIAL_STATISTICS
NAT-036,C12,安全风险等级,C,MISSING,园区整体安全风险等级评估结果,—,,,,M01_NOT_COLLECTED,园区整体安全风险等级评估结果；单位=等级,应急与安全部门,OFFICIAL_STATISTICS
NAT-036,C13,安全生产事故发生等级,C,MISSING,年度生产安全事故情况,—,,,,M01_NOT_COLLECTED,年度生产安全事故情况；单位=等级,应急与安全部门,OFFICIAL_STATISTICS
NAT-036,C21,大气环境质量达标率,C,MONITORING_REQUIRED,园区环境空气质量达标情况,%,,,,M01_NOT_COLLECTED,园区环境空气质量达标情况；单位=%,生态环境部门,MONITORING_EXPORT
NAT-036,C22,地表水环境质量达标率,C,MONITORING_REQUIRED,园区地表水断面达标情况,%,,,,M01_NOT_COLLECTED,园区地表水断面达标情况；单位=%,生态环境部门,MONITORING_EXPORT
NAT-036,C23,地下水质量达标率,C,MONITORING_REQUIRED,地下水监测点位达标情况,%,,,,M01_NOT_COLLECTED,地下水监测点位达标情况；单位=%,生态环境部门,MONITORING_EXPORT
NAT-036,C24,土壤质量达标率,C,MONITORING_REQUIRED,土壤环境质量监测达标情况,%,,,,M01_NOT_COLLECTED,土壤环境质量监测达标情况；单位=%,生态环境部门,MONITORING_EXPORT
NAT-036,C31,单位工业总产值COD排放量,C,MONITORING_REQUIRED,单位工业总产值化学需氧量排放量,t/100m CNY,,,,M01_NOT_COLLECTED,COD排放量；同年度工业总产值；统计边界,生态环境部门,MONITORING_EXPORT
NAT-036,C32,单位工业总产值氨氮排放量,C,MONITORING_REQUIRED,单位工业总产值氨氮排放量,t/100m CNY,,,,M01_NOT_COLLECTED,NH3-N排放量；同年度工业总产值；统计边界,生态环境部门,MONITORING_EXPORT
NAT-036,C33,单位工业总产值SO₂排放量,C,MONITORING_REQUIRED,单位工业总产值二氧化硫排放量,t/100m CNY,,,,M01_NOT_COLLECTED,SO2排放量；同年度工业总产值；统计边界,生态环境部门,MONITORING_EXPORT
NAT-036,C34,单位工业总产值氮氧化物排放量,C,MONITORING_REQUIRED,单位工业总产值NOx排放量,t/100m CNY,,,,M01_NOT_COLLECTED,NOx排放量；同年度工业总产值；统计边界,生态环境部门,MONITORING_EXPORT
NAT-036,C35,单位工业总产值VOCs排放量,C,DEFINITION_PENDING,单位工业总产值挥发性有机物排放量,DEFINITION_PENDING,,,,M06_DEFINITION_UNCLEAR,VOCs排放量；同年度工业总产值；人工锁定定义,生态环境部门,MONITORING_EXPORT
NAT-036,C41,单位工业总产值新鲜取水量,C,MONITORING_REQUIRED,每单位工业产值消耗的新鲜水资源,"m3/10,000 CNY",,,,M01_NOT_COLLECTED,新鲜水取用量；工业增加值；统计年度；统计边界,水务部门,MONITORING_EXPORT
NAT-036,C42,再生水（中水）回用率,C,MONITORING_REQUIRED,再生水利用比例,%,,,,M01_NOT_COLLECTED,再生水实际利用量；园区总用水量；统计年度；统计边界,水务部门,MONITORING_EXPORT
NAT-036,C51,单位工业增加值能耗削减率,C,MONITORING_REQUIRED,单位工业增加值综合能耗下降幅度,"tce/10,000 CNY",,,,M01_NOT_COLLECTED,综合能源消费量；工业增加值；统计年度；统计边界,能源与碳管理部门,MONITORING_EXPORT
NAT-036,C52,绿色电力使用,C,MONITORING_REQUIRED,绿色电力消费比例,"tCO2/10,000 CNY",,,,M01_NOT_COLLECTED,CO2排放量；工业增加值；统计年度；统计边界,能源与碳管理部门,MONITORING_EXPORT
NAT-036,C53,单位工业增加值CO₂排放量削减率,C,MONITORING_REQUIRED,单位工业增加值碳排放下降幅度,%,,,,M01_NOT_COLLECTED,单位工业增加值碳排放下降幅度；单位=%,能源与碳管理部门,OFFICIAL_STATISTICS
NAT-036,C54,绿色工厂示范企业数量,C,PARK_SURVEY_REQUIRED,国家级、省级绿色工厂数量,count,,,,M01_NOT_COLLECTED,国家级、省级绿色工厂数量；单位=个,企业服务部门,OFFICIAL_STATISTICS
NAT-036,C55,示范创建数量,C,PUBLIC_AVAILABLE,国家级、省级绿色园区、绿色供应链等示范创建数量,category,1,2025,S3E-0063,,国家级、省级绿色园区、绿色供应链等示范创建数量；单位=级别,园区综合管理部门,OFFICIAL_RECOGNITION
NAT-036,D11,化工园区智慧化水平,D,MISSING,园区智慧管理平台建设情况，包括安全、环保、能源、应急、封闭化管理、公共服务等智慧化系统建设及运行情况。,ordinal evidence level,,,,M01_NOT_COLLECTED,园区智慧管理平台建设情况，包括安全、环保、能源、应急、封闭化管理、公共服务等智慧化系统建设及运行情况。；单位=等级,智慧园区管理部门,MANAGEMENT_SYSTEM_RECORD
NAT-036,D21,省级及以上认定的智能工厂数量,D,PARK_SURVEY_REQUIRED,园区内获得国家级、省级智能工厂（或智能制造示范工厂）认定的企业数量。,%,,,,M01_NOT_COLLECTED,园区内获得国家级、省级智能工厂（或智能制造示范工厂）认定的企业数量。；单位=个,企业服务部门,OFFICIAL_STATISTICS
NAT-037,A11,规模以上工业企业工业总产值,A,PARK_SURVEY_REQUIRED,园区规模以上工业企业工业总产值（亿元）,100 million CNY,,,,M01_NOT_COLLECTED,园区规模以上工业企业工业总产值（亿元）；单位=亿元,经济运行与统计部门,OFFICIAL_STATISTICS
NAT-037,A12,规模以上工业企业工业总产值增长率,A,PARK_SURVEY_REQUIRED,当年规模以上工业企业工业总产值增长率（%）,CNY/person,,,,M01_NOT_COLLECTED,当年规模以上工业企业工业总产值增长率（%）；单位=%,经济运行与统计部门,OFFICIAL_STATISTICS
NAT-037,A21,规模以上工业企业利润率,A,ENTERPRISE_REQUIRED,利润总额/营业收入×100%,%,,,,M01_NOT_COLLECTED,利润总额/营业收入×100%；单位=%,企业服务部门,AUDITED_ENTERPRISE_DATA
NAT-037,A22,工业增加值增长率,A,PARK_SURVEY_REQUIRED,当年工业增加值增长率（%）,%,,,,M01_NOT_COLLECTED,当年工业增加值增长率（%）；单位=%,经济运行与统计部门,OFFICIAL_STATISTICS
NAT-037,A23,人均产值,A,ENTERPRISE_REQUIRED,工业总产值÷从业人员数量（万元/人）,%,,,,M01_NOT_COLLECTED,工业总产值÷从业人员数量（万元/人）；单位=万元/人,企业服务部门,AUDITED_ENTERPRISE_DATA
NAT-037,A31,亩均投资强度,A,PARK_SURVEY_REQUIRED,固定资产投资÷工业用地面积（万元/亩）,mu,,,,M01_NOT_COLLECTED,固定资产投资÷工业用地面积（万元/亩）；单位=万元/亩,经济运行与统计部门,OFFICIAL_STATISTICS
NAT-037,A32,亩均产值,A,PARK_SURVEY_REQUIRED,工业总产值÷工业用地面积（万元/亩）,"10,000 CNY/mu",,,,M01_NOT_COLLECTED,工业总产值÷工业用地面积（万元/亩）；单位=万元/亩,经济运行与统计部门,OFFICIAL_STATISTICS
NAT-037,A33,亩均税收,A,PARK_SURVEY_REQUIRED,税收收入÷工业用地面积（万元/亩）,%,,,,M01_NOT_COLLECTED,税收收入÷工业用地面积（万元/亩）；单位=万元/亩,经济运行与统计部门,OFFICIAL_STATISTICS
NAT-037,A41,原料内供率,A,ENTERPRISE_REQUIRED,园区内企业原料互供比例,%,,,,M01_NOT_COLLECTED,园区内企业原料互供比例；单位=%,企业服务部门,AUDITED_ENTERPRISE_DATA
NAT-037,B11,研发投入占主营业务收入的比重,B,ENTERPRISE_REQUIRED,园区规模以上工业企业研发经费支出占主营业务收入比例（%）,%,,,,M01_NOT_COLLECTED,园区规模以上工业企业研发经费支出占主营业务收入比例（%）；单位=%,科技创新部门,AUDITED_ENTERPRISE_DATA
NAT-037,B12,优质企业数量,B,PARK_SURVEY_REQUIRED,"国家级制造业单项冠军企业、专精特新""小巨人""企业、高新技术企业等数量",count,,,,M01_NOT_COLLECTED,"国家级制造业单项冠军企业、专精特新""小巨人""企业、高新技术企业等数量；单位=个",企业服务部门,OFFICIAL_STATISTICS
NAT-037,B13,上市公司所属企业数量,B,ENTERPRISE_REQUIRED,园区内上市公司及其控股企业数量,%,,,,M01_NOT_COLLECTED,园区内上市公司及其控股企业数量；单位=个,企业服务部门,AUDITED_ENTERPRISE_DATA
NAT-037,B14,发明专利数,B,ENTERPRISE_REQUIRED,园区企业拥有的有效发明专利数量,count,,,,M01_NOT_COLLECTED,园区企业拥有的有效发明专利数量；单位=个,科技创新部门,AUDITED_ENTERPRISE_DATA
NAT-037,B15,标准制定数,B,ENTERPRISE_REQUIRED,主导或参与制定国际、国家、行业及团体标准数量,count,,,,M01_NOT_COLLECTED,主导或参与制定国际、国家、行业及团体标准数量；单位=项,科技创新部门,AUDITED_ENTERPRISE_DATA
NAT-037,B21,省级及以上研发机构数量,B,PARK_SURVEY_REQUIRED,国家级、省级重点实验室、工程研究中心、企业技术中心等创新平台数量,count,,,,M01_NOT_COLLECTED,国家级、省级重点实验室、工程研究中心、企业技术中心等创新平台数量；单位=个,科技创新部门,OFFICIAL_STATISTICS
NAT-037,B22,产学研用融合平台,B,ENTERPRISE_REQUIRED,与高校、科研院所共建的平台数量,count,,,,M01_NOT_COLLECTED,与高校、科研院所共建的平台数量；单位=个,科技创新部门,AUDITED_ENTERPRISE_DATA
NAT-037,B23,园区级以上中试基地,B,PARK_SURVEY_REQUIRED,已建成并投入运行的中试基地数量,count,,,,M01_NOT_COLLECTED,已建成并投入运行的中试基地数量；单位=是/否,科技创新部门,OFFICIAL_STATISTICS
NAT-037,B31,产学研合作程度,B,DEFINITION_PENDING,园区企业开展产学研合作项目情况,DEFINITION_PENDING,,,,M06_DEFINITION_UNCLEAR,园区企业开展产学研合作项目情况；单位=%,科技创新部门,OFFICIAL_STATISTICS
NAT-037,B32,技术引进,B,DEFINITION_PENDING,企业引进先进技术、成果转化情况,DEFINITION_PENDING,,,,M06_DEFINITION_UNCLEAR,企业引进先进技术、成果转化情况；单位=%,科技创新部门,OFFICIAL_STATISTICS
NAT-037,B41,科技成果转化率,B,ENTERPRISE_REQUIRED,科技成果产业化、转化实施情况,count,,,,M01_NOT_COLLECTED,科技成果产业化、转化实施情况；单位=%,科技创新部门,AUDITED_ENTERPRISE_DATA
NAT-037,B42,产业精细化率,B,MISSING,精细化工及高端化工产品占比,count,,,,M01_NOT_COLLECTED,精细化工及高端化工产品占比；单位=%,企业服务部门,OFFICIAL_STATISTICS
NAT-037,C11,危险化学品从业单位安全生产标准化建设,C,MISSING,园区危险化学品生产、经营、储存等企业安全生产标准化建设情况,—,,,,M01_NOT_COLLECTED,园区危险化学品生产、经营、储存等企业安全生产标准化建设情况；单位=%,应急与安全部门,OFFICIAL_STATISTICS
NAT-037,C12,安全风险等级,C,MISSING,园区整体安全风险等级评估结果,—,,,,M01_NOT_COLLECTED,园区整体安全风险等级评估结果；单位=等级,应急与安全部门,OFFICIAL_STATISTICS
NAT-037,C13,安全生产事故发生等级,C,MISSING,年度生产安全事故情况,—,,,,M01_NOT_COLLECTED,年度生产安全事故情况；单位=等级,应急与安全部门,OFFICIAL_STATISTICS
NAT-037,C21,大气环境质量达标率,C,MONITORING_REQUIRED,园区环境空气质量达标情况,%,,,,M01_NOT_COLLECTED,园区环境空气质量达标情况；单位=%,生态环境部门,MONITORING_EXPORT
NAT-037,C22,地表水环境质量达标率,C,MONITORING_REQUIRED,园区地表水断面达标情况,%,,,,M01_NOT_COLLECTED,园区地表水断面达标情况；单位=%,生态环境部门,MONITORING_EXPORT
NAT-037,C23,地下水质量达标率,C,MONITORING_REQUIRED,地下水监测点位达标情况,%,,,,M01_NOT_COLLECTED,地下水监测点位达标情况；单位=%,生态环境部门,MONITORING_EXPORT
NAT-037,C24,土壤质量达标率,C,MONITORING_REQUIRED,土壤环境质量监测达标情况,%,,,,M01_NOT_COLLECTED,土壤环境质量监测达标情况；单位=%,生态环境部门,MONITORING_EXPORT
NAT-037,C31,单位工业总产值COD排放量,C,MONITORING_REQUIRED,单位工业总产值化学需氧量排放量,t/100m CNY,,,,M01_NOT_COLLECTED,COD排放量；同年度工业总产值；统计边界,生态环境部门,MONITORING_EXPORT
NAT-037,C32,单位工业总产值氨氮排放量,C,MONITORING_REQUIRED,单位工业总产值氨氮排放量,t/100m CNY,,,,M01_NOT_COLLECTED,NH3-N排放量；同年度工业总产值；统计边界,生态环境部门,MONITORING_EXPORT
NAT-037,C33,单位工业总产值SO₂排放量,C,MONITORING_REQUIRED,单位工业总产值二氧化硫排放量,t/100m CNY,,,,M01_NOT_COLLECTED,SO2排放量；同年度工业总产值；统计边界,生态环境部门,MONITORING_EXPORT
NAT-037,C34,单位工业总产值氮氧化物排放量,C,MONITORING_REQUIRED,单位工业总产值NOx排放量,t/100m CNY,,,,M01_NOT_COLLECTED,NOx排放量；同年度工业总产值；统计边界,生态环境部门,MONITORING_EXPORT
NAT-037,C35,单位工业总产值VOCs排放量,C,DEFINITION_PENDING,单位工业总产值挥发性有机物排放量,DEFINITION_PENDING,,,,M06_DEFINITION_UNCLEAR,VOCs排放量；同年度工业总产值；人工锁定定义,生态环境部门,MONITORING_EXPORT
NAT-037,C41,单位工业总产值新鲜取水量,C,MONITORING_REQUIRED,每单位工业产值消耗的新鲜水资源,"m3/10,000 CNY",,,,M01_NOT_COLLECTED,新鲜水取用量；工业增加值；统计年度；统计边界,水务部门,MONITORING_EXPORT
NAT-037,C42,再生水（中水）回用率,C,MONITORING_REQUIRED,再生水利用比例,%,,,,M01_NOT_COLLECTED,再生水实际利用量；园区总用水量；统计年度；统计边界,水务部门,MONITORING_EXPORT
NAT-037,C51,单位工业增加值能耗削减率,C,MONITORING_REQUIRED,单位工业增加值综合能耗下降幅度,"tce/10,000 CNY",,,,M01_NOT_COLLECTED,综合能源消费量；工业增加值；统计年度；统计边界,能源与碳管理部门,MONITORING_EXPORT
NAT-037,C52,绿色电力使用,C,MONITORING_REQUIRED,绿色电力消费比例,"tCO2/10,000 CNY",,,,M01_NOT_COLLECTED,CO2排放量；工业增加值；统计年度；统计边界,能源与碳管理部门,MONITORING_EXPORT
NAT-037,C53,单位工业增加值CO₂排放量削减率,C,MONITORING_REQUIRED,单位工业增加值碳排放下降幅度,%,,,,M01_NOT_COLLECTED,单位工业增加值碳排放下降幅度；单位=%,能源与碳管理部门,OFFICIAL_STATISTICS
NAT-037,C54,绿色工厂示范企业数量,C,PARK_SURVEY_REQUIRED,国家级、省级绿色工厂数量,count,,,,M01_NOT_COLLECTED,国家级、省级绿色工厂数量；单位=个,企业服务部门,OFFICIAL_STATISTICS
NAT-037,C55,示范创建数量,C,PUBLIC_AVAILABLE,国家级、省级绿色园区、绿色供应链等示范创建数量,category,1,2025,S3E-0064,,国家级、省级绿色园区、绿色供应链等示范创建数量；单位=级别,园区综合管理部门,OFFICIAL_RECOGNITION
NAT-037,D11,化工园区智慧化水平,D,MISSING,园区智慧管理平台建设情况，包括安全、环保、能源、应急、封闭化管理、公共服务等智慧化系统建设及运行情况。,ordinal evidence level,,,,M01_NOT_COLLECTED,园区智慧管理平台建设情况，包括安全、环保、能源、应急、封闭化管理、公共服务等智慧化系统建设及运行情况。；单位=等级,智慧园区管理部门,MANAGEMENT_SYSTEM_RECORD
NAT-037,D21,省级及以上认定的智能工厂数量,D,PARK_SURVEY_REQUIRED,园区内获得国家级、省级智能工厂（或智能制造示范工厂）认定的企业数量。,%,,,,M01_NOT_COLLECTED,园区内获得国家级、省级智能工厂（或智能制造示范工厂）认定的企业数量。；单位=个,企业服务部门,OFFICIAL_STATISTICS
NAT-038,A11,规模以上工业企业工业总产值,A,PARK_SURVEY_REQUIRED,园区规模以上工业企业工业总产值（亿元）,100 million CNY,,,,M01_NOT_COLLECTED,园区规模以上工业企业工业总产值（亿元）；单位=亿元,经济运行与统计部门,OFFICIAL_STATISTICS
NAT-038,A12,规模以上工业企业工业总产值增长率,A,PARK_SURVEY_REQUIRED,当年规模以上工业企业工业总产值增长率（%）,CNY/person,,,,M01_NOT_COLLECTED,当年规模以上工业企业工业总产值增长率（%）；单位=%,经济运行与统计部门,OFFICIAL_STATISTICS
NAT-038,A21,规模以上工业企业利润率,A,ENTERPRISE_REQUIRED,利润总额/营业收入×100%,%,,,,M01_NOT_COLLECTED,利润总额/营业收入×100%；单位=%,企业服务部门,AUDITED_ENTERPRISE_DATA
NAT-038,A22,工业增加值增长率,A,PARK_SURVEY_REQUIRED,当年工业增加值增长率（%）,%,,,,M01_NOT_COLLECTED,当年工业增加值增长率（%）；单位=%,经济运行与统计部门,OFFICIAL_STATISTICS
NAT-038,A23,人均产值,A,ENTERPRISE_REQUIRED,工业总产值÷从业人员数量（万元/人）,%,,,,M01_NOT_COLLECTED,工业总产值÷从业人员数量（万元/人）；单位=万元/人,企业服务部门,AUDITED_ENTERPRISE_DATA
NAT-038,A31,亩均投资强度,A,PARK_SURVEY_REQUIRED,固定资产投资÷工业用地面积（万元/亩）,mu,,,,M01_NOT_COLLECTED,固定资产投资÷工业用地面积（万元/亩）；单位=万元/亩,经济运行与统计部门,OFFICIAL_STATISTICS
NAT-038,A32,亩均产值,A,PARK_SURVEY_REQUIRED,工业总产值÷工业用地面积（万元/亩）,"10,000 CNY/mu",,,,M01_NOT_COLLECTED,工业总产值÷工业用地面积（万元/亩）；单位=万元/亩,经济运行与统计部门,OFFICIAL_STATISTICS
NAT-038,A33,亩均税收,A,PARK_SURVEY_REQUIRED,税收收入÷工业用地面积（万元/亩）,%,,,,M01_NOT_COLLECTED,税收收入÷工业用地面积（万元/亩）；单位=万元/亩,经济运行与统计部门,OFFICIAL_STATISTICS
NAT-038,A41,原料内供率,A,ENTERPRISE_REQUIRED,园区内企业原料互供比例,%,,,,M01_NOT_COLLECTED,园区内企业原料互供比例；单位=%,企业服务部门,AUDITED_ENTERPRISE_DATA
NAT-038,B11,研发投入占主营业务收入的比重,B,ENTERPRISE_REQUIRED,园区规模以上工业企业研发经费支出占主营业务收入比例（%）,%,,,,M01_NOT_COLLECTED,园区规模以上工业企业研发经费支出占主营业务收入比例（%）；单位=%,科技创新部门,AUDITED_ENTERPRISE_DATA
NAT-038,B12,优质企业数量,B,PARK_SURVEY_REQUIRED,"国家级制造业单项冠军企业、专精特新""小巨人""企业、高新技术企业等数量",count,,,,M01_NOT_COLLECTED,"国家级制造业单项冠军企业、专精特新""小巨人""企业、高新技术企业等数量；单位=个",企业服务部门,OFFICIAL_STATISTICS
NAT-038,B13,上市公司所属企业数量,B,ENTERPRISE_REQUIRED,园区内上市公司及其控股企业数量,%,,,,M01_NOT_COLLECTED,园区内上市公司及其控股企业数量；单位=个,企业服务部门,AUDITED_ENTERPRISE_DATA
NAT-038,B14,发明专利数,B,ENTERPRISE_REQUIRED,园区企业拥有的有效发明专利数量,count,,,,M01_NOT_COLLECTED,园区企业拥有的有效发明专利数量；单位=个,科技创新部门,AUDITED_ENTERPRISE_DATA
NAT-038,B15,标准制定数,B,ENTERPRISE_REQUIRED,主导或参与制定国际、国家、行业及团体标准数量,count,,,,M01_NOT_COLLECTED,主导或参与制定国际、国家、行业及团体标准数量；单位=项,科技创新部门,AUDITED_ENTERPRISE_DATA
NAT-038,B21,省级及以上研发机构数量,B,PARK_SURVEY_REQUIRED,国家级、省级重点实验室、工程研究中心、企业技术中心等创新平台数量,count,,,,M01_NOT_COLLECTED,国家级、省级重点实验室、工程研究中心、企业技术中心等创新平台数量；单位=个,科技创新部门,OFFICIAL_STATISTICS
NAT-038,B22,产学研用融合平台,B,ENTERPRISE_REQUIRED,与高校、科研院所共建的平台数量,count,,,,M01_NOT_COLLECTED,与高校、科研院所共建的平台数量；单位=个,科技创新部门,AUDITED_ENTERPRISE_DATA
NAT-038,B23,园区级以上中试基地,B,PARK_SURVEY_REQUIRED,已建成并投入运行的中试基地数量,count,,,,M01_NOT_COLLECTED,已建成并投入运行的中试基地数量；单位=是/否,科技创新部门,OFFICIAL_STATISTICS
NAT-038,B31,产学研合作程度,B,DEFINITION_PENDING,园区企业开展产学研合作项目情况,DEFINITION_PENDING,,,,M06_DEFINITION_UNCLEAR,园区企业开展产学研合作项目情况；单位=%,科技创新部门,OFFICIAL_STATISTICS
NAT-038,B32,技术引进,B,DEFINITION_PENDING,企业引进先进技术、成果转化情况,DEFINITION_PENDING,,,,M06_DEFINITION_UNCLEAR,企业引进先进技术、成果转化情况；单位=%,科技创新部门,OFFICIAL_STATISTICS
NAT-038,B41,科技成果转化率,B,ENTERPRISE_REQUIRED,科技成果产业化、转化实施情况,count,,,,M01_NOT_COLLECTED,科技成果产业化、转化实施情况；单位=%,科技创新部门,AUDITED_ENTERPRISE_DATA
NAT-038,B42,产业精细化率,B,MISSING,精细化工及高端化工产品占比,count,,,,M01_NOT_COLLECTED,精细化工及高端化工产品占比；单位=%,企业服务部门,OFFICIAL_STATISTICS
NAT-038,C11,危险化学品从业单位安全生产标准化建设,C,MISSING,园区危险化学品生产、经营、储存等企业安全生产标准化建设情况,—,,,,M01_NOT_COLLECTED,园区危险化学品生产、经营、储存等企业安全生产标准化建设情况；单位=%,应急与安全部门,OFFICIAL_STATISTICS
NAT-038,C12,安全风险等级,C,MISSING,园区整体安全风险等级评估结果,—,,,,M01_NOT_COLLECTED,园区整体安全风险等级评估结果；单位=等级,应急与安全部门,OFFICIAL_STATISTICS
NAT-038,C13,安全生产事故发生等级,C,MISSING,年度生产安全事故情况,—,,,,M01_NOT_COLLECTED,年度生产安全事故情况；单位=等级,应急与安全部门,OFFICIAL_STATISTICS
NAT-038,C21,大气环境质量达标率,C,MONITORING_REQUIRED,园区环境空气质量达标情况,%,,,,M01_NOT_COLLECTED,园区环境空气质量达标情况；单位=%,生态环境部门,MONITORING_EXPORT
NAT-038,C22,地表水环境质量达标率,C,MONITORING_REQUIRED,园区地表水断面达标情况,%,,,,M01_NOT_COLLECTED,园区地表水断面达标情况；单位=%,生态环境部门,MONITORING_EXPORT
NAT-038,C23,地下水质量达标率,C,MONITORING_REQUIRED,地下水监测点位达标情况,%,,,,M01_NOT_COLLECTED,地下水监测点位达标情况；单位=%,生态环境部门,MONITORING_EXPORT
NAT-038,C24,土壤质量达标率,C,MONITORING_REQUIRED,土壤环境质量监测达标情况,%,,,,M01_NOT_COLLECTED,土壤环境质量监测达标情况；单位=%,生态环境部门,MONITORING_EXPORT
NAT-038,C31,单位工业总产值COD排放量,C,MONITORING_REQUIRED,单位工业总产值化学需氧量排放量,t/100m CNY,,,,M01_NOT_COLLECTED,COD排放量；同年度工业总产值；统计边界,生态环境部门,MONITORING_EXPORT
NAT-038,C32,单位工业总产值氨氮排放量,C,MONITORING_REQUIRED,单位工业总产值氨氮排放量,t/100m CNY,,,,M01_NOT_COLLECTED,NH3-N排放量；同年度工业总产值；统计边界,生态环境部门,MONITORING_EXPORT
NAT-038,C33,单位工业总产值SO₂排放量,C,MONITORING_REQUIRED,单位工业总产值二氧化硫排放量,t/100m CNY,,,,M01_NOT_COLLECTED,SO2排放量；同年度工业总产值；统计边界,生态环境部门,MONITORING_EXPORT
NAT-038,C34,单位工业总产值氮氧化物排放量,C,MONITORING_REQUIRED,单位工业总产值NOx排放量,t/100m CNY,,,,M01_NOT_COLLECTED,NOx排放量；同年度工业总产值；统计边界,生态环境部门,MONITORING_EXPORT
NAT-038,C35,单位工业总产值VOCs排放量,C,DEFINITION_PENDING,单位工业总产值挥发性有机物排放量,DEFINITION_PENDING,,,,M06_DEFINITION_UNCLEAR,VOCs排放量；同年度工业总产值；人工锁定定义,生态环境部门,MONITORING_EXPORT
NAT-038,C41,单位工业总产值新鲜取水量,C,MONITORING_REQUIRED,每单位工业产值消耗的新鲜水资源,"m3/10,000 CNY",,,,M01_NOT_COLLECTED,新鲜水取用量；工业增加值；统计年度；统计边界,水务部门,MONITORING_EXPORT
NAT-038,C42,再生水（中水）回用率,C,MONITORING_REQUIRED,再生水利用比例,%,,,,M01_NOT_COLLECTED,再生水实际利用量；园区总用水量；统计年度；统计边界,水务部门,MONITORING_EXPORT
NAT-038,C51,单位工业增加值能耗削减率,C,MONITORING_REQUIRED,单位工业增加值综合能耗下降幅度,"tce/10,000 CNY",,,,M01_NOT_COLLECTED,综合能源消费量；工业增加值；统计年度；统计边界,能源与碳管理部门,MONITORING_EXPORT
NAT-038,C52,绿色电力使用,C,MONITORING_REQUIRED,绿色电力消费比例,"tCO2/10,000 CNY",,,,M01_NOT_COLLECTED,CO2排放量；工业增加值；统计年度；统计边界,能源与碳管理部门,MONITORING_EXPORT
NAT-038,C53,单位工业增加值CO₂排放量削减率,C,MONITORING_REQUIRED,单位工业增加值碳排放下降幅度,%,,,,M01_NOT_COLLECTED,单位工业增加值碳排放下降幅度；单位=%,能源与碳管理部门,OFFICIAL_STATISTICS
NAT-038,C54,绿色工厂示范企业数量,C,PARK_SURVEY_REQUIRED,国家级、省级绿色工厂数量,count,,,,M01_NOT_COLLECTED,国家级、省级绿色工厂数量；单位=个,企业服务部门,OFFICIAL_STATISTICS
NAT-038,C55,示范创建数量,C,PUBLIC_AVAILABLE,国家级、省级绿色园区、绿色供应链等示范创建数量,category,1,2025,S3E-0065,,国家级、省级绿色园区、绿色供应链等示范创建数量；单位=级别,园区综合管理部门,OFFICIAL_RECOGNITION
NAT-038,D11,化工园区智慧化水平,D,MISSING,园区智慧管理平台建设情况，包括安全、环保、能源、应急、封闭化管理、公共服务等智慧化系统建设及运行情况。,ordinal evidence level,,,,M01_NOT_COLLECTED,园区智慧管理平台建设情况，包括安全、环保、能源、应急、封闭化管理、公共服务等智慧化系统建设及运行情况。；单位=等级,智慧园区管理部门,MANAGEMENT_SYSTEM_RECORD
NAT-038,D21,省级及以上认定的智能工厂数量,D,PARK_SURVEY_REQUIRED,园区内获得国家级、省级智能工厂（或智能制造示范工厂）认定的企业数量。,%,,,,M01_NOT_COLLECTED,园区内获得国家级、省级智能工厂（或智能制造示范工厂）认定的企业数量。；单位=个,企业服务部门,OFFICIAL_STATISTICS
NAT-039,A11,规模以上工业企业工业总产值,A,PARK_SURVEY_REQUIRED,园区规模以上工业企业工业总产值（亿元）,100 million CNY,,,,M01_NOT_COLLECTED,园区规模以上工业企业工业总产值（亿元）；单位=亿元,经济运行与统计部门,OFFICIAL_STATISTICS
NAT-039,A12,规模以上工业企业工业总产值增长率,A,PARK_SURVEY_REQUIRED,当年规模以上工业企业工业总产值增长率（%）,CNY/person,,,,M01_NOT_COLLECTED,当年规模以上工业企业工业总产值增长率（%）；单位=%,经济运行与统计部门,OFFICIAL_STATISTICS
NAT-039,A21,规模以上工业企业利润率,A,ENTERPRISE_REQUIRED,利润总额/营业收入×100%,%,,,,M01_NOT_COLLECTED,利润总额/营业收入×100%；单位=%,企业服务部门,AUDITED_ENTERPRISE_DATA
NAT-039,A22,工业增加值增长率,A,PARK_SURVEY_REQUIRED,当年工业增加值增长率（%）,%,,,,M01_NOT_COLLECTED,当年工业增加值增长率（%）；单位=%,经济运行与统计部门,OFFICIAL_STATISTICS
NAT-039,A23,人均产值,A,ENTERPRISE_REQUIRED,工业总产值÷从业人员数量（万元/人）,%,,,,M01_NOT_COLLECTED,工业总产值÷从业人员数量（万元/人）；单位=万元/人,企业服务部门,AUDITED_ENTERPRISE_DATA
NAT-039,A31,亩均投资强度,A,PARK_SURVEY_REQUIRED,固定资产投资÷工业用地面积（万元/亩）,mu,,,,M01_NOT_COLLECTED,固定资产投资÷工业用地面积（万元/亩）；单位=万元/亩,经济运行与统计部门,OFFICIAL_STATISTICS
NAT-039,A32,亩均产值,A,PARK_SURVEY_REQUIRED,工业总产值÷工业用地面积（万元/亩）,"10,000 CNY/mu",,,,M01_NOT_COLLECTED,工业总产值÷工业用地面积（万元/亩）；单位=万元/亩,经济运行与统计部门,OFFICIAL_STATISTICS
NAT-039,A33,亩均税收,A,PARK_SURVEY_REQUIRED,税收收入÷工业用地面积（万元/亩）,%,,,,M01_NOT_COLLECTED,税收收入÷工业用地面积（万元/亩）；单位=万元/亩,经济运行与统计部门,OFFICIAL_STATISTICS
NAT-039,A41,原料内供率,A,ENTERPRISE_REQUIRED,园区内企业原料互供比例,%,,,,M01_NOT_COLLECTED,园区内企业原料互供比例；单位=%,企业服务部门,AUDITED_ENTERPRISE_DATA
NAT-039,B11,研发投入占主营业务收入的比重,B,ENTERPRISE_REQUIRED,园区规模以上工业企业研发经费支出占主营业务收入比例（%）,%,,,,M01_NOT_COLLECTED,园区规模以上工业企业研发经费支出占主营业务收入比例（%）；单位=%,科技创新部门,AUDITED_ENTERPRISE_DATA
NAT-039,B12,优质企业数量,B,PARK_SURVEY_REQUIRED,"国家级制造业单项冠军企业、专精特新""小巨人""企业、高新技术企业等数量",count,,,,M01_NOT_COLLECTED,"国家级制造业单项冠军企业、专精特新""小巨人""企业、高新技术企业等数量；单位=个",企业服务部门,OFFICIAL_STATISTICS
NAT-039,B13,上市公司所属企业数量,B,ENTERPRISE_REQUIRED,园区内上市公司及其控股企业数量,%,,,,M01_NOT_COLLECTED,园区内上市公司及其控股企业数量；单位=个,企业服务部门,AUDITED_ENTERPRISE_DATA
NAT-039,B14,发明专利数,B,ENTERPRISE_REQUIRED,园区企业拥有的有效发明专利数量,count,,,,M01_NOT_COLLECTED,园区企业拥有的有效发明专利数量；单位=个,科技创新部门,AUDITED_ENTERPRISE_DATA
NAT-039,B15,标准制定数,B,ENTERPRISE_REQUIRED,主导或参与制定国际、国家、行业及团体标准数量,count,,,,M01_NOT_COLLECTED,主导或参与制定国际、国家、行业及团体标准数量；单位=项,科技创新部门,AUDITED_ENTERPRISE_DATA
NAT-039,B21,省级及以上研发机构数量,B,PARK_SURVEY_REQUIRED,国家级、省级重点实验室、工程研究中心、企业技术中心等创新平台数量,count,,,,M01_NOT_COLLECTED,国家级、省级重点实验室、工程研究中心、企业技术中心等创新平台数量；单位=个,科技创新部门,OFFICIAL_STATISTICS
NAT-039,B22,产学研用融合平台,B,ENTERPRISE_REQUIRED,与高校、科研院所共建的平台数量,count,,,,M01_NOT_COLLECTED,与高校、科研院所共建的平台数量；单位=个,科技创新部门,AUDITED_ENTERPRISE_DATA
NAT-039,B23,园区级以上中试基地,B,PARK_SURVEY_REQUIRED,已建成并投入运行的中试基地数量,count,,,,M01_NOT_COLLECTED,已建成并投入运行的中试基地数量；单位=是/否,科技创新部门,OFFICIAL_STATISTICS
NAT-039,B31,产学研合作程度,B,DEFINITION_PENDING,园区企业开展产学研合作项目情况,DEFINITION_PENDING,,,,M06_DEFINITION_UNCLEAR,园区企业开展产学研合作项目情况；单位=%,科技创新部门,OFFICIAL_STATISTICS
NAT-039,B32,技术引进,B,DEFINITION_PENDING,企业引进先进技术、成果转化情况,DEFINITION_PENDING,,,,M06_DEFINITION_UNCLEAR,企业引进先进技术、成果转化情况；单位=%,科技创新部门,OFFICIAL_STATISTICS
NAT-039,B41,科技成果转化率,B,ENTERPRISE_REQUIRED,科技成果产业化、转化实施情况,count,,,,M01_NOT_COLLECTED,科技成果产业化、转化实施情况；单位=%,科技创新部门,AUDITED_ENTERPRISE_DATA
NAT-039,B42,产业精细化率,B,MISSING,精细化工及高端化工产品占比,count,,,,M01_NOT_COLLECTED,精细化工及高端化工产品占比；单位=%,企业服务部门,OFFICIAL_STATISTICS
NAT-039,C11,危险化学品从业单位安全生产标准化建设,C,MISSING,园区危险化学品生产、经营、储存等企业安全生产标准化建设情况,—,,,,M01_NOT_COLLECTED,园区危险化学品生产、经营、储存等企业安全生产标准化建设情况；单位=%,应急与安全部门,OFFICIAL_STATISTICS
NAT-039,C12,安全风险等级,C,MISSING,园区整体安全风险等级评估结果,—,,,,M01_NOT_COLLECTED,园区整体安全风险等级评估结果；单位=等级,应急与安全部门,OFFICIAL_STATISTICS
NAT-039,C13,安全生产事故发生等级,C,MISSING,年度生产安全事故情况,—,,,,M01_NOT_COLLECTED,年度生产安全事故情况；单位=等级,应急与安全部门,OFFICIAL_STATISTICS
NAT-039,C21,大气环境质量达标率,C,MONITORING_REQUIRED,园区环境空气质量达标情况,%,,,,M01_NOT_COLLECTED,园区环境空气质量达标情况；单位=%,生态环境部门,MONITORING_EXPORT
NAT-039,C22,地表水环境质量达标率,C,MONITORING_REQUIRED,园区地表水断面达标情况,%,,,,M01_NOT_COLLECTED,园区地表水断面达标情况；单位=%,生态环境部门,MONITORING_EXPORT
NAT-039,C23,地下水质量达标率,C,MONITORING_REQUIRED,地下水监测点位达标情况,%,,,,M01_NOT_COLLECTED,地下水监测点位达标情况；单位=%,生态环境部门,MONITORING_EXPORT
NAT-039,C24,土壤质量达标率,C,MONITORING_REQUIRED,土壤环境质量监测达标情况,%,,,,M01_NOT_COLLECTED,土壤环境质量监测达标情况；单位=%,生态环境部门,MONITORING_EXPORT
NAT-039,C31,单位工业总产值COD排放量,C,MONITORING_REQUIRED,单位工业总产值化学需氧量排放量,t/100m CNY,,,,M01_NOT_COLLECTED,COD排放量；同年度工业总产值；统计边界,生态环境部门,MONITORING_EXPORT
NAT-039,C32,单位工业总产值氨氮排放量,C,MONITORING_REQUIRED,单位工业总产值氨氮排放量,t/100m CNY,,,,M01_NOT_COLLECTED,NH3-N排放量；同年度工业总产值；统计边界,生态环境部门,MONITORING_EXPORT
NAT-039,C33,单位工业总产值SO₂排放量,C,MONITORING_REQUIRED,单位工业总产值二氧化硫排放量,t/100m CNY,,,,M01_NOT_COLLECTED,SO2排放量；同年度工业总产值；统计边界,生态环境部门,MONITORING_EXPORT
NAT-039,C34,单位工业总产值氮氧化物排放量,C,MONITORING_REQUIRED,单位工业总产值NOx排放量,t/100m CNY,,,,M01_NOT_COLLECTED,NOx排放量；同年度工业总产值；统计边界,生态环境部门,MONITORING_EXPORT
NAT-039,C35,单位工业总产值VOCs排放量,C,DEFINITION_PENDING,单位工业总产值挥发性有机物排放量,DEFINITION_PENDING,,,,M06_DEFINITION_UNCLEAR,VOCs排放量；同年度工业总产值；人工锁定定义,生态环境部门,MONITORING_EXPORT
NAT-039,C41,单位工业总产值新鲜取水量,C,MONITORING_REQUIRED,每单位工业产值消耗的新鲜水资源,"m3/10,000 CNY",,,,M01_NOT_COLLECTED,新鲜水取用量；工业增加值；统计年度；统计边界,水务部门,MONITORING_EXPORT
NAT-039,C42,再生水（中水）回用率,C,MONITORING_REQUIRED,再生水利用比例,%,,,,M01_NOT_COLLECTED,再生水实际利用量；园区总用水量；统计年度；统计边界,水务部门,MONITORING_EXPORT
NAT-039,C51,单位工业增加值能耗削减率,C,MONITORING_REQUIRED,单位工业增加值综合能耗下降幅度,"tce/10,000 CNY",,,,M01_NOT_COLLECTED,综合能源消费量；工业增加值；统计年度；统计边界,能源与碳管理部门,MONITORING_EXPORT
NAT-039,C52,绿色电力使用,C,MONITORING_REQUIRED,绿色电力消费比例,"tCO2/10,000 CNY",,,,M01_NOT_COLLECTED,CO2排放量；工业增加值；统计年度；统计边界,能源与碳管理部门,MONITORING_EXPORT
NAT-039,C53,单位工业增加值CO₂排放量削减率,C,MONITORING_REQUIRED,单位工业增加值碳排放下降幅度,%,,,,M01_NOT_COLLECTED,单位工业增加值碳排放下降幅度；单位=%,能源与碳管理部门,OFFICIAL_STATISTICS
NAT-039,C54,绿色工厂示范企业数量,C,PARK_SURVEY_REQUIRED,国家级、省级绿色工厂数量,count,,,,M01_NOT_COLLECTED,国家级、省级绿色工厂数量；单位=个,企业服务部门,OFFICIAL_STATISTICS
NAT-039,C55,示范创建数量,C,PUBLIC_AVAILABLE,国家级、省级绿色园区、绿色供应链等示范创建数量,category,1,2025,S3E-0066,,国家级、省级绿色园区、绿色供应链等示范创建数量；单位=级别,园区综合管理部门,OFFICIAL_RECOGNITION
NAT-039,D11,化工园区智慧化水平,D,MISSING,园区智慧管理平台建设情况，包括安全、环保、能源、应急、封闭化管理、公共服务等智慧化系统建设及运行情况。,ordinal evidence level,,,,M01_NOT_COLLECTED,园区智慧管理平台建设情况，包括安全、环保、能源、应急、封闭化管理、公共服务等智慧化系统建设及运行情况。；单位=等级,智慧园区管理部门,MANAGEMENT_SYSTEM_RECORD
NAT-039,D21,省级及以上认定的智能工厂数量,D,PARK_SURVEY_REQUIRED,园区内获得国家级、省级智能工厂（或智能制造示范工厂）认定的企业数量。,%,,,,M01_NOT_COLLECTED,园区内获得国家级、省级智能工厂（或智能制造示范工厂）认定的企业数量。；单位=个,企业服务部门,OFFICIAL_STATISTICS
NAT-040,A11,规模以上工业企业工业总产值,A,PARK_SURVEY_REQUIRED,园区规模以上工业企业工业总产值（亿元）,100 million CNY,,,,M01_NOT_COLLECTED,园区规模以上工业企业工业总产值（亿元）；单位=亿元,经济运行与统计部门,OFFICIAL_STATISTICS
NAT-040,A12,规模以上工业企业工业总产值增长率,A,PARK_SURVEY_REQUIRED,当年规模以上工业企业工业总产值增长率（%）,CNY/person,,,,M01_NOT_COLLECTED,当年规模以上工业企业工业总产值增长率（%）；单位=%,经济运行与统计部门,OFFICIAL_STATISTICS
NAT-040,A21,规模以上工业企业利润率,A,ENTERPRISE_REQUIRED,利润总额/营业收入×100%,%,,,,M01_NOT_COLLECTED,利润总额/营业收入×100%；单位=%,企业服务部门,AUDITED_ENTERPRISE_DATA
NAT-040,A22,工业增加值增长率,A,PARK_SURVEY_REQUIRED,当年工业增加值增长率（%）,%,,,,M01_NOT_COLLECTED,当年工业增加值增长率（%）；单位=%,经济运行与统计部门,OFFICIAL_STATISTICS
NAT-040,A23,人均产值,A,ENTERPRISE_REQUIRED,工业总产值÷从业人员数量（万元/人）,%,,,,M01_NOT_COLLECTED,工业总产值÷从业人员数量（万元/人）；单位=万元/人,企业服务部门,AUDITED_ENTERPRISE_DATA
NAT-040,A31,亩均投资强度,A,PARK_SURVEY_REQUIRED,固定资产投资÷工业用地面积（万元/亩）,mu,,,,M01_NOT_COLLECTED,固定资产投资÷工业用地面积（万元/亩）；单位=万元/亩,经济运行与统计部门,OFFICIAL_STATISTICS
NAT-040,A32,亩均产值,A,PARK_SURVEY_REQUIRED,工业总产值÷工业用地面积（万元/亩）,"10,000 CNY/mu",,,,M01_NOT_COLLECTED,工业总产值÷工业用地面积（万元/亩）；单位=万元/亩,经济运行与统计部门,OFFICIAL_STATISTICS
NAT-040,A33,亩均税收,A,PARK_SURVEY_REQUIRED,税收收入÷工业用地面积（万元/亩）,%,,,,M01_NOT_COLLECTED,税收收入÷工业用地面积（万元/亩）；单位=万元/亩,经济运行与统计部门,OFFICIAL_STATISTICS
NAT-040,A41,原料内供率,A,ENTERPRISE_REQUIRED,园区内企业原料互供比例,%,,,,M01_NOT_COLLECTED,园区内企业原料互供比例；单位=%,企业服务部门,AUDITED_ENTERPRISE_DATA
NAT-040,B11,研发投入占主营业务收入的比重,B,ENTERPRISE_REQUIRED,园区规模以上工业企业研发经费支出占主营业务收入比例（%）,%,,,,M01_NOT_COLLECTED,园区规模以上工业企业研发经费支出占主营业务收入比例（%）；单位=%,科技创新部门,AUDITED_ENTERPRISE_DATA
NAT-040,B12,优质企业数量,B,PARK_SURVEY_REQUIRED,"国家级制造业单项冠军企业、专精特新""小巨人""企业、高新技术企业等数量",count,,,,M01_NOT_COLLECTED,"国家级制造业单项冠军企业、专精特新""小巨人""企业、高新技术企业等数量；单位=个",企业服务部门,OFFICIAL_STATISTICS
NAT-040,B13,上市公司所属企业数量,B,ENTERPRISE_REQUIRED,园区内上市公司及其控股企业数量,%,,,,M01_NOT_COLLECTED,园区内上市公司及其控股企业数量；单位=个,企业服务部门,AUDITED_ENTERPRISE_DATA
NAT-040,B14,发明专利数,B,ENTERPRISE_REQUIRED,园区企业拥有的有效发明专利数量,count,,,,M01_NOT_COLLECTED,园区企业拥有的有效发明专利数量；单位=个,科技创新部门,AUDITED_ENTERPRISE_DATA
NAT-040,B15,标准制定数,B,ENTERPRISE_REQUIRED,主导或参与制定国际、国家、行业及团体标准数量,count,,,,M01_NOT_COLLECTED,主导或参与制定国际、国家、行业及团体标准数量；单位=项,科技创新部门,AUDITED_ENTERPRISE_DATA
NAT-040,B21,省级及以上研发机构数量,B,PARK_SURVEY_REQUIRED,国家级、省级重点实验室、工程研究中心、企业技术中心等创新平台数量,count,,,,M01_NOT_COLLECTED,国家级、省级重点实验室、工程研究中心、企业技术中心等创新平台数量；单位=个,科技创新部门,OFFICIAL_STATISTICS
NAT-040,B22,产学研用融合平台,B,ENTERPRISE_REQUIRED,与高校、科研院所共建的平台数量,count,,,,M01_NOT_COLLECTED,与高校、科研院所共建的平台数量；单位=个,科技创新部门,AUDITED_ENTERPRISE_DATA
NAT-040,B23,园区级以上中试基地,B,PARK_SURVEY_REQUIRED,已建成并投入运行的中试基地数量,count,,,,M01_NOT_COLLECTED,已建成并投入运行的中试基地数量；单位=是/否,科技创新部门,OFFICIAL_STATISTICS
NAT-040,B31,产学研合作程度,B,DEFINITION_PENDING,园区企业开展产学研合作项目情况,DEFINITION_PENDING,,,,M06_DEFINITION_UNCLEAR,园区企业开展产学研合作项目情况；单位=%,科技创新部门,OFFICIAL_STATISTICS
NAT-040,B32,技术引进,B,DEFINITION_PENDING,企业引进先进技术、成果转化情况,DEFINITION_PENDING,,,,M06_DEFINITION_UNCLEAR,企业引进先进技术、成果转化情况；单位=%,科技创新部门,OFFICIAL_STATISTICS
NAT-040,B41,科技成果转化率,B,ENTERPRISE_REQUIRED,科技成果产业化、转化实施情况,count,,,,M01_NOT_COLLECTED,科技成果产业化、转化实施情况；单位=%,科技创新部门,AUDITED_ENTERPRISE_DATA
NAT-040,B42,产业精细化率,B,MISSING,精细化工及高端化工产品占比,count,,,,M01_NOT_COLLECTED,精细化工及高端化工产品占比；单位=%,企业服务部门,OFFICIAL_STATISTICS
NAT-040,C11,危险化学品从业单位安全生产标准化建设,C,MISSING,园区危险化学品生产、经营、储存等企业安全生产标准化建设情况,—,,,,M01_NOT_COLLECTED,园区危险化学品生产、经营、储存等企业安全生产标准化建设情况；单位=%,应急与安全部门,OFFICIAL_STATISTICS
NAT-040,C12,安全风险等级,C,MISSING,园区整体安全风险等级评估结果,—,,,,M01_NOT_COLLECTED,园区整体安全风险等级评估结果；单位=等级,应急与安全部门,OFFICIAL_STATISTICS
NAT-040,C13,安全生产事故发生等级,C,MISSING,年度生产安全事故情况,—,,,,M01_NOT_COLLECTED,年度生产安全事故情况；单位=等级,应急与安全部门,OFFICIAL_STATISTICS
NAT-040,C21,大气环境质量达标率,C,MONITORING_REQUIRED,园区环境空气质量达标情况,%,,,,M01_NOT_COLLECTED,园区环境空气质量达标情况；单位=%,生态环境部门,MONITORING_EXPORT
NAT-040,C22,地表水环境质量达标率,C,MONITORING_REQUIRED,园区地表水断面达标情况,%,,,,M01_NOT_COLLECTED,园区地表水断面达标情况；单位=%,生态环境部门,MONITORING_EXPORT
NAT-040,C23,地下水质量达标率,C,MONITORING_REQUIRED,地下水监测点位达标情况,%,,,,M01_NOT_COLLECTED,地下水监测点位达标情况；单位=%,生态环境部门,MONITORING_EXPORT
NAT-040,C24,土壤质量达标率,C,MONITORING_REQUIRED,土壤环境质量监测达标情况,%,,,,M01_NOT_COLLECTED,土壤环境质量监测达标情况；单位=%,生态环境部门,MONITORING_EXPORT
NAT-040,C31,单位工业总产值COD排放量,C,MONITORING_REQUIRED,单位工业总产值化学需氧量排放量,t/100m CNY,,,,M01_NOT_COLLECTED,COD排放量；同年度工业总产值；统计边界,生态环境部门,MONITORING_EXPORT
NAT-040,C32,单位工业总产值氨氮排放量,C,MONITORING_REQUIRED,单位工业总产值氨氮排放量,t/100m CNY,,,,M01_NOT_COLLECTED,NH3-N排放量；同年度工业总产值；统计边界,生态环境部门,MONITORING_EXPORT
NAT-040,C33,单位工业总产值SO₂排放量,C,MONITORING_REQUIRED,单位工业总产值二氧化硫排放量,t/100m CNY,,,,M01_NOT_COLLECTED,SO2排放量；同年度工业总产值；统计边界,生态环境部门,MONITORING_EXPORT
NAT-040,C34,单位工业总产值氮氧化物排放量,C,MONITORING_REQUIRED,单位工业总产值NOx排放量,t/100m CNY,,,,M01_NOT_COLLECTED,NOx排放量；同年度工业总产值；统计边界,生态环境部门,MONITORING_EXPORT
NAT-040,C35,单位工业总产值VOCs排放量,C,DEFINITION_PENDING,单位工业总产值挥发性有机物排放量,DEFINITION_PENDING,,,,M06_DEFINITION_UNCLEAR,VOCs排放量；同年度工业总产值；人工锁定定义,生态环境部门,MONITORING_EXPORT
NAT-040,C41,单位工业总产值新鲜取水量,C,MONITORING_REQUIRED,每单位工业产值消耗的新鲜水资源,"m3/10,000 CNY",,,,M01_NOT_COLLECTED,新鲜水取用量；工业增加值；统计年度；统计边界,水务部门,MONITORING_EXPORT
NAT-040,C42,再生水（中水）回用率,C,MONITORING_REQUIRED,再生水利用比例,%,,,,M01_NOT_COLLECTED,再生水实际利用量；园区总用水量；统计年度；统计边界,水务部门,MONITORING_EXPORT
NAT-040,C51,单位工业增加值能耗削减率,C,MONITORING_REQUIRED,单位工业增加值综合能耗下降幅度,"tce/10,000 CNY",,,,M01_NOT_COLLECTED,综合能源消费量；工业增加值；统计年度；统计边界,能源与碳管理部门,MONITORING_EXPORT
NAT-040,C52,绿色电力使用,C,MONITORING_REQUIRED,绿色电力消费比例,"tCO2/10,000 CNY",,,,M01_NOT_COLLECTED,CO2排放量；工业增加值；统计年度；统计边界,能源与碳管理部门,MONITORING_EXPORT
NAT-040,C53,单位工业增加值CO₂排放量削减率,C,MONITORING_REQUIRED,单位工业增加值碳排放下降幅度,%,,,,M01_NOT_COLLECTED,单位工业增加值碳排放下降幅度；单位=%,能源与碳管理部门,OFFICIAL_STATISTICS
NAT-040,C54,绿色工厂示范企业数量,C,PARK_SURVEY_REQUIRED,国家级、省级绿色工厂数量,count,,,,M01_NOT_COLLECTED,国家级、省级绿色工厂数量；单位=个,企业服务部门,OFFICIAL_STATISTICS
NAT-040,C55,示范创建数量,C,PUBLIC_AVAILABLE,国家级、省级绿色园区、绿色供应链等示范创建数量,category,1,2025,S3E-0067,,国家级、省级绿色园区、绿色供应链等示范创建数量；单位=级别,园区综合管理部门,OFFICIAL_RECOGNITION
NAT-040,D11,化工园区智慧化水平,D,MISSING,园区智慧管理平台建设情况，包括安全、环保、能源、应急、封闭化管理、公共服务等智慧化系统建设及运行情况。,ordinal evidence level,,,,M01_NOT_COLLECTED,园区智慧管理平台建设情况，包括安全、环保、能源、应急、封闭化管理、公共服务等智慧化系统建设及运行情况。；单位=等级,智慧园区管理部门,MANAGEMENT_SYSTEM_RECORD
NAT-040,D21,省级及以上认定的智能工厂数量,D,PARK_SURVEY_REQUIRED,园区内获得国家级、省级智能工厂（或智能制造示范工厂）认定的企业数量。,%,,,,M01_NOT_COLLECTED,园区内获得国家级、省级智能工厂（或智能制造示范工厂）认定的企业数量。；单位=个,企业服务部门,OFFICIAL_STATISTICS
NAT-041,A11,规模以上工业企业工业总产值,A,PARK_SURVEY_REQUIRED,园区规模以上工业企业工业总产值（亿元）,100 million CNY,,,,M01_NOT_COLLECTED,园区规模以上工业企业工业总产值（亿元）；单位=亿元,经济运行与统计部门,OFFICIAL_STATISTICS
NAT-041,A12,规模以上工业企业工业总产值增长率,A,PARK_SURVEY_REQUIRED,当年规模以上工业企业工业总产值增长率（%）,CNY/person,,,,M01_NOT_COLLECTED,当年规模以上工业企业工业总产值增长率（%）；单位=%,经济运行与统计部门,OFFICIAL_STATISTICS
NAT-041,A21,规模以上工业企业利润率,A,ENTERPRISE_REQUIRED,利润总额/营业收入×100%,%,,,,M01_NOT_COLLECTED,利润总额/营业收入×100%；单位=%,企业服务部门,AUDITED_ENTERPRISE_DATA
NAT-041,A22,工业增加值增长率,A,PARK_SURVEY_REQUIRED,当年工业增加值增长率（%）,%,,,,M01_NOT_COLLECTED,当年工业增加值增长率（%）；单位=%,经济运行与统计部门,OFFICIAL_STATISTICS
NAT-041,A23,人均产值,A,ENTERPRISE_REQUIRED,工业总产值÷从业人员数量（万元/人）,%,,,,M01_NOT_COLLECTED,工业总产值÷从业人员数量（万元/人）；单位=万元/人,企业服务部门,AUDITED_ENTERPRISE_DATA
NAT-041,A31,亩均投资强度,A,PARK_SURVEY_REQUIRED,固定资产投资÷工业用地面积（万元/亩）,mu,,,,M01_NOT_COLLECTED,固定资产投资÷工业用地面积（万元/亩）；单位=万元/亩,经济运行与统计部门,OFFICIAL_STATISTICS
NAT-041,A32,亩均产值,A,PARK_SURVEY_REQUIRED,工业总产值÷工业用地面积（万元/亩）,"10,000 CNY/mu",,,,M01_NOT_COLLECTED,工业总产值÷工业用地面积（万元/亩）；单位=万元/亩,经济运行与统计部门,OFFICIAL_STATISTICS
NAT-041,A33,亩均税收,A,PARK_SURVEY_REQUIRED,税收收入÷工业用地面积（万元/亩）,%,,,,M01_NOT_COLLECTED,税收收入÷工业用地面积（万元/亩）；单位=万元/亩,经济运行与统计部门,OFFICIAL_STATISTICS
NAT-041,A41,原料内供率,A,ENTERPRISE_REQUIRED,园区内企业原料互供比例,%,,,,M01_NOT_COLLECTED,园区内企业原料互供比例；单位=%,企业服务部门,AUDITED_ENTERPRISE_DATA
NAT-041,B11,研发投入占主营业务收入的比重,B,ENTERPRISE_REQUIRED,园区规模以上工业企业研发经费支出占主营业务收入比例（%）,%,,,,M01_NOT_COLLECTED,园区规模以上工业企业研发经费支出占主营业务收入比例（%）；单位=%,科技创新部门,AUDITED_ENTERPRISE_DATA
NAT-041,B12,优质企业数量,B,PARK_SURVEY_REQUIRED,"国家级制造业单项冠军企业、专精特新""小巨人""企业、高新技术企业等数量",count,,,,M01_NOT_COLLECTED,"国家级制造业单项冠军企业、专精特新""小巨人""企业、高新技术企业等数量；单位=个",企业服务部门,OFFICIAL_STATISTICS
NAT-041,B13,上市公司所属企业数量,B,ENTERPRISE_REQUIRED,园区内上市公司及其控股企业数量,%,,,,M01_NOT_COLLECTED,园区内上市公司及其控股企业数量；单位=个,企业服务部门,AUDITED_ENTERPRISE_DATA
NAT-041,B14,发明专利数,B,ENTERPRISE_REQUIRED,园区企业拥有的有效发明专利数量,count,,,,M01_NOT_COLLECTED,园区企业拥有的有效发明专利数量；单位=个,科技创新部门,AUDITED_ENTERPRISE_DATA
NAT-041,B15,标准制定数,B,ENTERPRISE_REQUIRED,主导或参与制定国际、国家、行业及团体标准数量,count,,,,M01_NOT_COLLECTED,主导或参与制定国际、国家、行业及团体标准数量；单位=项,科技创新部门,AUDITED_ENTERPRISE_DATA
NAT-041,B21,省级及以上研发机构数量,B,PARK_SURVEY_REQUIRED,国家级、省级重点实验室、工程研究中心、企业技术中心等创新平台数量,count,,,,M01_NOT_COLLECTED,国家级、省级重点实验室、工程研究中心、企业技术中心等创新平台数量；单位=个,科技创新部门,OFFICIAL_STATISTICS
NAT-041,B22,产学研用融合平台,B,ENTERPRISE_REQUIRED,与高校、科研院所共建的平台数量,count,,,,M01_NOT_COLLECTED,与高校、科研院所共建的平台数量；单位=个,科技创新部门,AUDITED_ENTERPRISE_DATA
NAT-041,B23,园区级以上中试基地,B,PARK_SURVEY_REQUIRED,已建成并投入运行的中试基地数量,count,,,,M01_NOT_COLLECTED,已建成并投入运行的中试基地数量；单位=是/否,科技创新部门,OFFICIAL_STATISTICS
NAT-041,B31,产学研合作程度,B,DEFINITION_PENDING,园区企业开展产学研合作项目情况,DEFINITION_PENDING,,,,M06_DEFINITION_UNCLEAR,园区企业开展产学研合作项目情况；单位=%,科技创新部门,OFFICIAL_STATISTICS
NAT-041,B32,技术引进,B,DEFINITION_PENDING,企业引进先进技术、成果转化情况,DEFINITION_PENDING,,,,M06_DEFINITION_UNCLEAR,企业引进先进技术、成果转化情况；单位=%,科技创新部门,OFFICIAL_STATISTICS
NAT-041,B41,科技成果转化率,B,ENTERPRISE_REQUIRED,科技成果产业化、转化实施情况,count,,,,M01_NOT_COLLECTED,科技成果产业化、转化实施情况；单位=%,科技创新部门,AUDITED_ENTERPRISE_DATA
NAT-041,B42,产业精细化率,B,MISSING,精细化工及高端化工产品占比,count,,,,M01_NOT_COLLECTED,精细化工及高端化工产品占比；单位=%,企业服务部门,OFFICIAL_STATISTICS
NAT-041,C11,危险化学品从业单位安全生产标准化建设,C,MISSING,园区危险化学品生产、经营、储存等企业安全生产标准化建设情况,—,,,,M01_NOT_COLLECTED,园区危险化学品生产、经营、储存等企业安全生产标准化建设情况；单位=%,应急与安全部门,OFFICIAL_STATISTICS
NAT-041,C12,安全风险等级,C,MISSING,园区整体安全风险等级评估结果,—,,,,M01_NOT_COLLECTED,园区整体安全风险等级评估结果；单位=等级,应急与安全部门,OFFICIAL_STATISTICS
NAT-041,C13,安全生产事故发生等级,C,MISSING,年度生产安全事故情况,—,,,,M01_NOT_COLLECTED,年度生产安全事故情况；单位=等级,应急与安全部门,OFFICIAL_STATISTICS
NAT-041,C21,大气环境质量达标率,C,MONITORING_REQUIRED,园区环境空气质量达标情况,%,,,,M01_NOT_COLLECTED,园区环境空气质量达标情况；单位=%,生态环境部门,MONITORING_EXPORT
NAT-041,C22,地表水环境质量达标率,C,MONITORING_REQUIRED,园区地表水断面达标情况,%,,,,M01_NOT_COLLECTED,园区地表水断面达标情况；单位=%,生态环境部门,MONITORING_EXPORT
NAT-041,C23,地下水质量达标率,C,MONITORING_REQUIRED,地下水监测点位达标情况,%,,,,M01_NOT_COLLECTED,地下水监测点位达标情况；单位=%,生态环境部门,MONITORING_EXPORT
NAT-041,C24,土壤质量达标率,C,MONITORING_REQUIRED,土壤环境质量监测达标情况,%,,,,M01_NOT_COLLECTED,土壤环境质量监测达标情况；单位=%,生态环境部门,MONITORING_EXPORT
NAT-041,C31,单位工业总产值COD排放量,C,MONITORING_REQUIRED,单位工业总产值化学需氧量排放量,t/100m CNY,,,,M01_NOT_COLLECTED,COD排放量；同年度工业总产值；统计边界,生态环境部门,MONITORING_EXPORT
NAT-041,C32,单位工业总产值氨氮排放量,C,MONITORING_REQUIRED,单位工业总产值氨氮排放量,t/100m CNY,,,,M01_NOT_COLLECTED,NH3-N排放量；同年度工业总产值；统计边界,生态环境部门,MONITORING_EXPORT
NAT-041,C33,单位工业总产值SO₂排放量,C,MONITORING_REQUIRED,单位工业总产值二氧化硫排放量,t/100m CNY,,,,M01_NOT_COLLECTED,SO2排放量；同年度工业总产值；统计边界,生态环境部门,MONITORING_EXPORT
NAT-041,C34,单位工业总产值氮氧化物排放量,C,MONITORING_REQUIRED,单位工业总产值NOx排放量,t/100m CNY,,,,M01_NOT_COLLECTED,NOx排放量；同年度工业总产值；统计边界,生态环境部门,MONITORING_EXPORT
NAT-041,C35,单位工业总产值VOCs排放量,C,DEFINITION_PENDING,单位工业总产值挥发性有机物排放量,DEFINITION_PENDING,,,,M06_DEFINITION_UNCLEAR,VOCs排放量；同年度工业总产值；人工锁定定义,生态环境部门,MONITORING_EXPORT
NAT-041,C41,单位工业总产值新鲜取水量,C,MONITORING_REQUIRED,每单位工业产值消耗的新鲜水资源,"m3/10,000 CNY",,,,M01_NOT_COLLECTED,新鲜水取用量；工业增加值；统计年度；统计边界,水务部门,MONITORING_EXPORT
NAT-041,C42,再生水（中水）回用率,C,MONITORING_REQUIRED,再生水利用比例,%,,,,M01_NOT_COLLECTED,再生水实际利用量；园区总用水量；统计年度；统计边界,水务部门,MONITORING_EXPORT
NAT-041,C51,单位工业增加值能耗削减率,C,MONITORING_REQUIRED,单位工业增加值综合能耗下降幅度,"tce/10,000 CNY",,,,M01_NOT_COLLECTED,综合能源消费量；工业增加值；统计年度；统计边界,能源与碳管理部门,MONITORING_EXPORT
NAT-041,C52,绿色电力使用,C,MONITORING_REQUIRED,绿色电力消费比例,"tCO2/10,000 CNY",,,,M01_NOT_COLLECTED,CO2排放量；工业增加值；统计年度；统计边界,能源与碳管理部门,MONITORING_EXPORT
NAT-041,C53,单位工业增加值CO₂排放量削减率,C,MONITORING_REQUIRED,单位工业增加值碳排放下降幅度,%,,,,M01_NOT_COLLECTED,单位工业增加值碳排放下降幅度；单位=%,能源与碳管理部门,OFFICIAL_STATISTICS
NAT-041,C54,绿色工厂示范企业数量,C,PARK_SURVEY_REQUIRED,国家级、省级绿色工厂数量,count,,,,M01_NOT_COLLECTED,国家级、省级绿色工厂数量；单位=个,企业服务部门,OFFICIAL_STATISTICS
NAT-041,C55,示范创建数量,C,PUBLIC_AVAILABLE,国家级、省级绿色园区、绿色供应链等示范创建数量,category,1,2025,S3E-0068,,国家级、省级绿色园区、绿色供应链等示范创建数量；单位=级别,园区综合管理部门,OFFICIAL_RECOGNITION
NAT-041,D11,化工园区智慧化水平,D,MISSING,园区智慧管理平台建设情况，包括安全、环保、能源、应急、封闭化管理、公共服务等智慧化系统建设及运行情况。,ordinal evidence level,,,,M01_NOT_COLLECTED,园区智慧管理平台建设情况，包括安全、环保、能源、应急、封闭化管理、公共服务等智慧化系统建设及运行情况。；单位=等级,智慧园区管理部门,MANAGEMENT_SYSTEM_RECORD
NAT-041,D21,省级及以上认定的智能工厂数量,D,PARK_SURVEY_REQUIRED,园区内获得国家级、省级智能工厂（或智能制造示范工厂）认定的企业数量。,%,,,,M01_NOT_COLLECTED,园区内获得国家级、省级智能工厂（或智能制造示范工厂）认定的企业数量。；单位=个,企业服务部门,OFFICIAL_STATISTICS
NAT-042,A11,规模以上工业企业工业总产值,A,PARK_SURVEY_REQUIRED,园区规模以上工业企业工业总产值（亿元）,100 million CNY,,,,M01_NOT_COLLECTED,园区规模以上工业企业工业总产值（亿元）；单位=亿元,经济运行与统计部门,OFFICIAL_STATISTICS
NAT-042,A12,规模以上工业企业工业总产值增长率,A,PARK_SURVEY_REQUIRED,当年规模以上工业企业工业总产值增长率（%）,CNY/person,,,,M01_NOT_COLLECTED,当年规模以上工业企业工业总产值增长率（%）；单位=%,经济运行与统计部门,OFFICIAL_STATISTICS
NAT-042,A21,规模以上工业企业利润率,A,ENTERPRISE_REQUIRED,利润总额/营业收入×100%,%,,,,M01_NOT_COLLECTED,利润总额/营业收入×100%；单位=%,企业服务部门,AUDITED_ENTERPRISE_DATA
NAT-042,A22,工业增加值增长率,A,PARK_SURVEY_REQUIRED,当年工业增加值增长率（%）,%,,,,M01_NOT_COLLECTED,当年工业增加值增长率（%）；单位=%,经济运行与统计部门,OFFICIAL_STATISTICS
NAT-042,A23,人均产值,A,ENTERPRISE_REQUIRED,工业总产值÷从业人员数量（万元/人）,%,,,,M01_NOT_COLLECTED,工业总产值÷从业人员数量（万元/人）；单位=万元/人,企业服务部门,AUDITED_ENTERPRISE_DATA
NAT-042,A31,亩均投资强度,A,PARK_SURVEY_REQUIRED,固定资产投资÷工业用地面积（万元/亩）,mu,,,,M01_NOT_COLLECTED,固定资产投资÷工业用地面积（万元/亩）；单位=万元/亩,经济运行与统计部门,OFFICIAL_STATISTICS
NAT-042,A32,亩均产值,A,PARK_SURVEY_REQUIRED,工业总产值÷工业用地面积（万元/亩）,"10,000 CNY/mu",,,,M01_NOT_COLLECTED,工业总产值÷工业用地面积（万元/亩）；单位=万元/亩,经济运行与统计部门,OFFICIAL_STATISTICS
NAT-042,A33,亩均税收,A,PARK_SURVEY_REQUIRED,税收收入÷工业用地面积（万元/亩）,%,,,,M01_NOT_COLLECTED,税收收入÷工业用地面积（万元/亩）；单位=万元/亩,经济运行与统计部门,OFFICIAL_STATISTICS
NAT-042,A41,原料内供率,A,ENTERPRISE_REQUIRED,园区内企业原料互供比例,%,,,,M01_NOT_COLLECTED,园区内企业原料互供比例；单位=%,企业服务部门,AUDITED_ENTERPRISE_DATA
NAT-042,B11,研发投入占主营业务收入的比重,B,ENTERPRISE_REQUIRED,园区规模以上工业企业研发经费支出占主营业务收入比例（%）,%,,,,M01_NOT_COLLECTED,园区规模以上工业企业研发经费支出占主营业务收入比例（%）；单位=%,科技创新部门,AUDITED_ENTERPRISE_DATA
NAT-042,B12,优质企业数量,B,PARK_SURVEY_REQUIRED,"国家级制造业单项冠军企业、专精特新""小巨人""企业、高新技术企业等数量",count,,,,M01_NOT_COLLECTED,"国家级制造业单项冠军企业、专精特新""小巨人""企业、高新技术企业等数量；单位=个",企业服务部门,OFFICIAL_STATISTICS
NAT-042,B13,上市公司所属企业数量,B,ENTERPRISE_REQUIRED,园区内上市公司及其控股企业数量,%,,,,M01_NOT_COLLECTED,园区内上市公司及其控股企业数量；单位=个,企业服务部门,AUDITED_ENTERPRISE_DATA
NAT-042,B14,发明专利数,B,ENTERPRISE_REQUIRED,园区企业拥有的有效发明专利数量,count,,,,M01_NOT_COLLECTED,园区企业拥有的有效发明专利数量；单位=个,科技创新部门,AUDITED_ENTERPRISE_DATA
NAT-042,B15,标准制定数,B,ENTERPRISE_REQUIRED,主导或参与制定国际、国家、行业及团体标准数量,count,,,,M01_NOT_COLLECTED,主导或参与制定国际、国家、行业及团体标准数量；单位=项,科技创新部门,AUDITED_ENTERPRISE_DATA
NAT-042,B21,省级及以上研发机构数量,B,PARK_SURVEY_REQUIRED,国家级、省级重点实验室、工程研究中心、企业技术中心等创新平台数量,count,,,,M01_NOT_COLLECTED,国家级、省级重点实验室、工程研究中心、企业技术中心等创新平台数量；单位=个,科技创新部门,OFFICIAL_STATISTICS
NAT-042,B22,产学研用融合平台,B,ENTERPRISE_REQUIRED,与高校、科研院所共建的平台数量,count,,,,M01_NOT_COLLECTED,与高校、科研院所共建的平台数量；单位=个,科技创新部门,AUDITED_ENTERPRISE_DATA
NAT-042,B23,园区级以上中试基地,B,PARK_SURVEY_REQUIRED,已建成并投入运行的中试基地数量,count,,,,M01_NOT_COLLECTED,已建成并投入运行的中试基地数量；单位=是/否,科技创新部门,OFFICIAL_STATISTICS
NAT-042,B31,产学研合作程度,B,DEFINITION_PENDING,园区企业开展产学研合作项目情况,DEFINITION_PENDING,,,,M06_DEFINITION_UNCLEAR,园区企业开展产学研合作项目情况；单位=%,科技创新部门,OFFICIAL_STATISTICS
NAT-042,B32,技术引进,B,DEFINITION_PENDING,企业引进先进技术、成果转化情况,DEFINITION_PENDING,,,,M06_DEFINITION_UNCLEAR,企业引进先进技术、成果转化情况；单位=%,科技创新部门,OFFICIAL_STATISTICS
NAT-042,B41,科技成果转化率,B,ENTERPRISE_REQUIRED,科技成果产业化、转化实施情况,count,,,,M01_NOT_COLLECTED,科技成果产业化、转化实施情况；单位=%,科技创新部门,AUDITED_ENTERPRISE_DATA
NAT-042,B42,产业精细化率,B,MISSING,精细化工及高端化工产品占比,count,,,,M01_NOT_COLLECTED,精细化工及高端化工产品占比；单位=%,企业服务部门,OFFICIAL_STATISTICS
NAT-042,C11,危险化学品从业单位安全生产标准化建设,C,MISSING,园区危险化学品生产、经营、储存等企业安全生产标准化建设情况,—,,,,M01_NOT_COLLECTED,园区危险化学品生产、经营、储存等企业安全生产标准化建设情况；单位=%,应急与安全部门,OFFICIAL_STATISTICS
NAT-042,C12,安全风险等级,C,MISSING,园区整体安全风险等级评估结果,—,,,,M01_NOT_COLLECTED,园区整体安全风险等级评估结果；单位=等级,应急与安全部门,OFFICIAL_STATISTICS
NAT-042,C13,安全生产事故发生等级,C,MISSING,年度生产安全事故情况,—,,,,M01_NOT_COLLECTED,年度生产安全事故情况；单位=等级,应急与安全部门,OFFICIAL_STATISTICS
NAT-042,C21,大气环境质量达标率,C,MONITORING_REQUIRED,园区环境空气质量达标情况,%,,,,M01_NOT_COLLECTED,园区环境空气质量达标情况；单位=%,生态环境部门,MONITORING_EXPORT
NAT-042,C22,地表水环境质量达标率,C,MONITORING_REQUIRED,园区地表水断面达标情况,%,,,,M01_NOT_COLLECTED,园区地表水断面达标情况；单位=%,生态环境部门,MONITORING_EXPORT
NAT-042,C23,地下水质量达标率,C,MONITORING_REQUIRED,地下水监测点位达标情况,%,,,,M01_NOT_COLLECTED,地下水监测点位达标情况；单位=%,生态环境部门,MONITORING_EXPORT
NAT-042,C24,土壤质量达标率,C,MONITORING_REQUIRED,土壤环境质量监测达标情况,%,,,,M01_NOT_COLLECTED,土壤环境质量监测达标情况；单位=%,生态环境部门,MONITORING_EXPORT
NAT-042,C31,单位工业总产值COD排放量,C,MONITORING_REQUIRED,单位工业总产值化学需氧量排放量,t/100m CNY,,,,M01_NOT_COLLECTED,COD排放量；同年度工业总产值；统计边界,生态环境部门,MONITORING_EXPORT
NAT-042,C32,单位工业总产值氨氮排放量,C,MONITORING_REQUIRED,单位工业总产值氨氮排放量,t/100m CNY,,,,M01_NOT_COLLECTED,NH3-N排放量；同年度工业总产值；统计边界,生态环境部门,MONITORING_EXPORT
NAT-042,C33,单位工业总产值SO₂排放量,C,MONITORING_REQUIRED,单位工业总产值二氧化硫排放量,t/100m CNY,,,,M01_NOT_COLLECTED,SO2排放量；同年度工业总产值；统计边界,生态环境部门,MONITORING_EXPORT
NAT-042,C34,单位工业总产值氮氧化物排放量,C,MONITORING_REQUIRED,单位工业总产值NOx排放量,t/100m CNY,,,,M01_NOT_COLLECTED,NOx排放量；同年度工业总产值；统计边界,生态环境部门,MONITORING_EXPORT
NAT-042,C35,单位工业总产值VOCs排放量,C,DEFINITION_PENDING,单位工业总产值挥发性有机物排放量,DEFINITION_PENDING,,,,M06_DEFINITION_UNCLEAR,VOCs排放量；同年度工业总产值；人工锁定定义,生态环境部门,MONITORING_EXPORT
NAT-042,C41,单位工业总产值新鲜取水量,C,MONITORING_REQUIRED,每单位工业产值消耗的新鲜水资源,"m3/10,000 CNY",,,,M01_NOT_COLLECTED,新鲜水取用量；工业增加值；统计年度；统计边界,水务部门,MONITORING_EXPORT
NAT-042,C42,再生水（中水）回用率,C,MONITORING_REQUIRED,再生水利用比例,%,,,,M01_NOT_COLLECTED,再生水实际利用量；园区总用水量；统计年度；统计边界,水务部门,MONITORING_EXPORT
NAT-042,C51,单位工业增加值能耗削减率,C,MONITORING_REQUIRED,单位工业增加值综合能耗下降幅度,"tce/10,000 CNY",,,,M01_NOT_COLLECTED,综合能源消费量；工业增加值；统计年度；统计边界,能源与碳管理部门,MONITORING_EXPORT
NAT-042,C52,绿色电力使用,C,MONITORING_REQUIRED,绿色电力消费比例,"tCO2/10,000 CNY",,,,M01_NOT_COLLECTED,CO2排放量；工业增加值；统计年度；统计边界,能源与碳管理部门,MONITORING_EXPORT
NAT-042,C53,单位工业增加值CO₂排放量削减率,C,MONITORING_REQUIRED,单位工业增加值碳排放下降幅度,%,,,,M01_NOT_COLLECTED,单位工业增加值碳排放下降幅度；单位=%,能源与碳管理部门,OFFICIAL_STATISTICS
NAT-042,C54,绿色工厂示范企业数量,C,PARK_SURVEY_REQUIRED,国家级、省级绿色工厂数量,count,,,,M01_NOT_COLLECTED,国家级、省级绿色工厂数量；单位=个,企业服务部门,OFFICIAL_STATISTICS
NAT-042,C55,示范创建数量,C,PUBLIC_AVAILABLE,国家级、省级绿色园区、绿色供应链等示范创建数量,category,1,2025,S3E-0069,,国家级、省级绿色园区、绿色供应链等示范创建数量；单位=级别,园区综合管理部门,OFFICIAL_RECOGNITION
NAT-042,D11,化工园区智慧化水平,D,MISSING,园区智慧管理平台建设情况，包括安全、环保、能源、应急、封闭化管理、公共服务等智慧化系统建设及运行情况。,ordinal evidence level,,,,M01_NOT_COLLECTED,园区智慧管理平台建设情况，包括安全、环保、能源、应急、封闭化管理、公共服务等智慧化系统建设及运行情况。；单位=等级,智慧园区管理部门,MANAGEMENT_SYSTEM_RECORD
NAT-042,D21,省级及以上认定的智能工厂数量,D,PARK_SURVEY_REQUIRED,园区内获得国家级、省级智能工厂（或智能制造示范工厂）认定的企业数量。,%,,,,M01_NOT_COLLECTED,园区内获得国家级、省级智能工厂（或智能制造示范工厂）认定的企业数量。；单位=个,企业服务部门,OFFICIAL_STATISTICS
NAT-043,A11,规模以上工业企业工业总产值,A,PARK_SURVEY_REQUIRED,园区规模以上工业企业工业总产值（亿元）,100 million CNY,,,,M01_NOT_COLLECTED,园区规模以上工业企业工业总产值（亿元）；单位=亿元,经济运行与统计部门,OFFICIAL_STATISTICS
NAT-043,A12,规模以上工业企业工业总产值增长率,A,PARK_SURVEY_REQUIRED,当年规模以上工业企业工业总产值增长率（%）,CNY/person,,,,M01_NOT_COLLECTED,当年规模以上工业企业工业总产值增长率（%）；单位=%,经济运行与统计部门,OFFICIAL_STATISTICS
NAT-043,A21,规模以上工业企业利润率,A,ENTERPRISE_REQUIRED,利润总额/营业收入×100%,%,,,,M01_NOT_COLLECTED,利润总额/营业收入×100%；单位=%,企业服务部门,AUDITED_ENTERPRISE_DATA
NAT-043,A22,工业增加值增长率,A,PARK_SURVEY_REQUIRED,当年工业增加值增长率（%）,%,,,,M01_NOT_COLLECTED,当年工业增加值增长率（%）；单位=%,经济运行与统计部门,OFFICIAL_STATISTICS
NAT-043,A23,人均产值,A,ENTERPRISE_REQUIRED,工业总产值÷从业人员数量（万元/人）,%,,,,M01_NOT_COLLECTED,工业总产值÷从业人员数量（万元/人）；单位=万元/人,企业服务部门,AUDITED_ENTERPRISE_DATA
NAT-043,A31,亩均投资强度,A,PARK_SURVEY_REQUIRED,固定资产投资÷工业用地面积（万元/亩）,mu,,,,M01_NOT_COLLECTED,固定资产投资÷工业用地面积（万元/亩）；单位=万元/亩,经济运行与统计部门,OFFICIAL_STATISTICS
NAT-043,A32,亩均产值,A,PARK_SURVEY_REQUIRED,工业总产值÷工业用地面积（万元/亩）,"10,000 CNY/mu",,,,M01_NOT_COLLECTED,工业总产值÷工业用地面积（万元/亩）；单位=万元/亩,经济运行与统计部门,OFFICIAL_STATISTICS
NAT-043,A33,亩均税收,A,PARK_SURVEY_REQUIRED,税收收入÷工业用地面积（万元/亩）,%,,,,M01_NOT_COLLECTED,税收收入÷工业用地面积（万元/亩）；单位=万元/亩,经济运行与统计部门,OFFICIAL_STATISTICS
NAT-043,A41,原料内供率,A,ENTERPRISE_REQUIRED,园区内企业原料互供比例,%,,,,M01_NOT_COLLECTED,园区内企业原料互供比例；单位=%,企业服务部门,AUDITED_ENTERPRISE_DATA
NAT-043,B11,研发投入占主营业务收入的比重,B,ENTERPRISE_REQUIRED,园区规模以上工业企业研发经费支出占主营业务收入比例（%）,%,,,,M01_NOT_COLLECTED,园区规模以上工业企业研发经费支出占主营业务收入比例（%）；单位=%,科技创新部门,AUDITED_ENTERPRISE_DATA
NAT-043,B12,优质企业数量,B,PARK_SURVEY_REQUIRED,"国家级制造业单项冠军企业、专精特新""小巨人""企业、高新技术企业等数量",count,,,,M01_NOT_COLLECTED,"国家级制造业单项冠军企业、专精特新""小巨人""企业、高新技术企业等数量；单位=个",企业服务部门,OFFICIAL_STATISTICS
NAT-043,B13,上市公司所属企业数量,B,ENTERPRISE_REQUIRED,园区内上市公司及其控股企业数量,%,,,,M01_NOT_COLLECTED,园区内上市公司及其控股企业数量；单位=个,企业服务部门,AUDITED_ENTERPRISE_DATA
NAT-043,B14,发明专利数,B,ENTERPRISE_REQUIRED,园区企业拥有的有效发明专利数量,count,,,,M01_NOT_COLLECTED,园区企业拥有的有效发明专利数量；单位=个,科技创新部门,AUDITED_ENTERPRISE_DATA
NAT-043,B15,标准制定数,B,ENTERPRISE_REQUIRED,主导或参与制定国际、国家、行业及团体标准数量,count,,,,M01_NOT_COLLECTED,主导或参与制定国际、国家、行业及团体标准数量；单位=项,科技创新部门,AUDITED_ENTERPRISE_DATA
NAT-043,B21,省级及以上研发机构数量,B,PARK_SURVEY_REQUIRED,国家级、省级重点实验室、工程研究中心、企业技术中心等创新平台数量,count,,,,M01_NOT_COLLECTED,国家级、省级重点实验室、工程研究中心、企业技术中心等创新平台数量；单位=个,科技创新部门,OFFICIAL_STATISTICS
NAT-043,B22,产学研用融合平台,B,ENTERPRISE_REQUIRED,与高校、科研院所共建的平台数量,count,,,,M01_NOT_COLLECTED,与高校、科研院所共建的平台数量；单位=个,科技创新部门,AUDITED_ENTERPRISE_DATA
NAT-043,B23,园区级以上中试基地,B,PARK_SURVEY_REQUIRED,已建成并投入运行的中试基地数量,count,,,,M01_NOT_COLLECTED,已建成并投入运行的中试基地数量；单位=是/否,科技创新部门,OFFICIAL_STATISTICS
NAT-043,B31,产学研合作程度,B,DEFINITION_PENDING,园区企业开展产学研合作项目情况,DEFINITION_PENDING,,,,M06_DEFINITION_UNCLEAR,园区企业开展产学研合作项目情况；单位=%,科技创新部门,OFFICIAL_STATISTICS
NAT-043,B32,技术引进,B,DEFINITION_PENDING,企业引进先进技术、成果转化情况,DEFINITION_PENDING,,,,M06_DEFINITION_UNCLEAR,企业引进先进技术、成果转化情况；单位=%,科技创新部门,OFFICIAL_STATISTICS
NAT-043,B41,科技成果转化率,B,ENTERPRISE_REQUIRED,科技成果产业化、转化实施情况,count,,,,M01_NOT_COLLECTED,科技成果产业化、转化实施情况；单位=%,科技创新部门,AUDITED_ENTERPRISE_DATA
NAT-043,B42,产业精细化率,B,MISSING,精细化工及高端化工产品占比,count,,,,M01_NOT_COLLECTED,精细化工及高端化工产品占比；单位=%,企业服务部门,OFFICIAL_STATISTICS
NAT-043,C11,危险化学品从业单位安全生产标准化建设,C,MISSING,园区危险化学品生产、经营、储存等企业安全生产标准化建设情况,—,,,,M01_NOT_COLLECTED,园区危险化学品生产、经营、储存等企业安全生产标准化建设情况；单位=%,应急与安全部门,OFFICIAL_STATISTICS
NAT-043,C12,安全风险等级,C,MISSING,园区整体安全风险等级评估结果,—,,,,M01_NOT_COLLECTED,园区整体安全风险等级评估结果；单位=等级,应急与安全部门,OFFICIAL_STATISTICS
NAT-043,C13,安全生产事故发生等级,C,MISSING,年度生产安全事故情况,—,,,,M01_NOT_COLLECTED,年度生产安全事故情况；单位=等级,应急与安全部门,OFFICIAL_STATISTICS
NAT-043,C21,大气环境质量达标率,C,MONITORING_REQUIRED,园区环境空气质量达标情况,%,,,,M01_NOT_COLLECTED,园区环境空气质量达标情况；单位=%,生态环境部门,MONITORING_EXPORT
NAT-043,C22,地表水环境质量达标率,C,MONITORING_REQUIRED,园区地表水断面达标情况,%,,,,M01_NOT_COLLECTED,园区地表水断面达标情况；单位=%,生态环境部门,MONITORING_EXPORT
NAT-043,C23,地下水质量达标率,C,MONITORING_REQUIRED,地下水监测点位达标情况,%,,,,M01_NOT_COLLECTED,地下水监测点位达标情况；单位=%,生态环境部门,MONITORING_EXPORT
NAT-043,C24,土壤质量达标率,C,MONITORING_REQUIRED,土壤环境质量监测达标情况,%,,,,M01_NOT_COLLECTED,土壤环境质量监测达标情况；单位=%,生态环境部门,MONITORING_EXPORT
NAT-043,C31,单位工业总产值COD排放量,C,MONITORING_REQUIRED,单位工业总产值化学需氧量排放量,t/100m CNY,,,,M01_NOT_COLLECTED,COD排放量；同年度工业总产值；统计边界,生态环境部门,MONITORING_EXPORT
NAT-043,C32,单位工业总产值氨氮排放量,C,MONITORING_REQUIRED,单位工业总产值氨氮排放量,t/100m CNY,,,,M01_NOT_COLLECTED,NH3-N排放量；同年度工业总产值；统计边界,生态环境部门,MONITORING_EXPORT
NAT-043,C33,单位工业总产值SO₂排放量,C,MONITORING_REQUIRED,单位工业总产值二氧化硫排放量,t/100m CNY,,,,M01_NOT_COLLECTED,SO2排放量；同年度工业总产值；统计边界,生态环境部门,MONITORING_EXPORT
NAT-043,C34,单位工业总产值氮氧化物排放量,C,MONITORING_REQUIRED,单位工业总产值NOx排放量,t/100m CNY,,,,M01_NOT_COLLECTED,NOx排放量；同年度工业总产值；统计边界,生态环境部门,MONITORING_EXPORT
NAT-043,C35,单位工业总产值VOCs排放量,C,DEFINITION_PENDING,单位工业总产值挥发性有机物排放量,DEFINITION_PENDING,,,,M06_DEFINITION_UNCLEAR,VOCs排放量；同年度工业总产值；人工锁定定义,生态环境部门,MONITORING_EXPORT
NAT-043,C41,单位工业总产值新鲜取水量,C,MONITORING_REQUIRED,每单位工业产值消耗的新鲜水资源,"m3/10,000 CNY",,,,M01_NOT_COLLECTED,新鲜水取用量；工业增加值；统计年度；统计边界,水务部门,MONITORING_EXPORT
NAT-043,C42,再生水（中水）回用率,C,MONITORING_REQUIRED,再生水利用比例,%,,,,M01_NOT_COLLECTED,再生水实际利用量；园区总用水量；统计年度；统计边界,水务部门,MONITORING_EXPORT
NAT-043,C51,单位工业增加值能耗削减率,C,MONITORING_REQUIRED,单位工业增加值综合能耗下降幅度,"tce/10,000 CNY",,,,M01_NOT_COLLECTED,综合能源消费量；工业增加值；统计年度；统计边界,能源与碳管理部门,MONITORING_EXPORT
NAT-043,C52,绿色电力使用,C,MONITORING_REQUIRED,绿色电力消费比例,"tCO2/10,000 CNY",,,,M01_NOT_COLLECTED,CO2排放量；工业增加值；统计年度；统计边界,能源与碳管理部门,MONITORING_EXPORT
NAT-043,C53,单位工业增加值CO₂排放量削减率,C,MONITORING_REQUIRED,单位工业增加值碳排放下降幅度,%,,,,M01_NOT_COLLECTED,单位工业增加值碳排放下降幅度；单位=%,能源与碳管理部门,OFFICIAL_STATISTICS
NAT-043,C54,绿色工厂示范企业数量,C,PARK_SURVEY_REQUIRED,国家级、省级绿色工厂数量,count,,,,M01_NOT_COLLECTED,国家级、省级绿色工厂数量；单位=个,企业服务部门,OFFICIAL_STATISTICS
NAT-043,C55,示范创建数量,C,PUBLIC_AVAILABLE,国家级、省级绿色园区、绿色供应链等示范创建数量,category,1,2025,S3E-0070,,国家级、省级绿色园区、绿色供应链等示范创建数量；单位=级别,园区综合管理部门,OFFICIAL_RECOGNITION
NAT-043,D11,化工园区智慧化水平,D,MISSING,园区智慧管理平台建设情况，包括安全、环保、能源、应急、封闭化管理、公共服务等智慧化系统建设及运行情况。,ordinal evidence level,,,,M01_NOT_COLLECTED,园区智慧管理平台建设情况，包括安全、环保、能源、应急、封闭化管理、公共服务等智慧化系统建设及运行情况。；单位=等级,智慧园区管理部门,MANAGEMENT_SYSTEM_RECORD
NAT-043,D21,省级及以上认定的智能工厂数量,D,PARK_SURVEY_REQUIRED,园区内获得国家级、省级智能工厂（或智能制造示范工厂）认定的企业数量。,%,,,,M01_NOT_COLLECTED,园区内获得国家级、省级智能工厂（或智能制造示范工厂）认定的企业数量。；单位=个,企业服务部门,OFFICIAL_STATISTICS
NAT-044,A11,规模以上工业企业工业总产值,A,PARK_SURVEY_REQUIRED,园区规模以上工业企业工业总产值（亿元）,100 million CNY,,,,M01_NOT_COLLECTED,园区规模以上工业企业工业总产值（亿元）；单位=亿元,经济运行与统计部门,OFFICIAL_STATISTICS
NAT-044,A12,规模以上工业企业工业总产值增长率,A,PARK_SURVEY_REQUIRED,当年规模以上工业企业工业总产值增长率（%）,CNY/person,,,,M01_NOT_COLLECTED,当年规模以上工业企业工业总产值增长率（%）；单位=%,经济运行与统计部门,OFFICIAL_STATISTICS
NAT-044,A21,规模以上工业企业利润率,A,ENTERPRISE_REQUIRED,利润总额/营业收入×100%,%,,,,M01_NOT_COLLECTED,利润总额/营业收入×100%；单位=%,企业服务部门,AUDITED_ENTERPRISE_DATA
NAT-044,A22,工业增加值增长率,A,PARK_SURVEY_REQUIRED,当年工业增加值增长率（%）,%,,,,M01_NOT_COLLECTED,当年工业增加值增长率（%）；单位=%,经济运行与统计部门,OFFICIAL_STATISTICS
NAT-044,A23,人均产值,A,ENTERPRISE_REQUIRED,工业总产值÷从业人员数量（万元/人）,%,,,,M01_NOT_COLLECTED,工业总产值÷从业人员数量（万元/人）；单位=万元/人,企业服务部门,AUDITED_ENTERPRISE_DATA
NAT-044,A31,亩均投资强度,A,PARK_SURVEY_REQUIRED,固定资产投资÷工业用地面积（万元/亩）,mu,,,,M01_NOT_COLLECTED,固定资产投资÷工业用地面积（万元/亩）；单位=万元/亩,经济运行与统计部门,OFFICIAL_STATISTICS
NAT-044,A32,亩均产值,A,PARK_SURVEY_REQUIRED,工业总产值÷工业用地面积（万元/亩）,"10,000 CNY/mu",,,,M01_NOT_COLLECTED,工业总产值÷工业用地面积（万元/亩）；单位=万元/亩,经济运行与统计部门,OFFICIAL_STATISTICS
NAT-044,A33,亩均税收,A,PARK_SURVEY_REQUIRED,税收收入÷工业用地面积（万元/亩）,%,,,,M01_NOT_COLLECTED,税收收入÷工业用地面积（万元/亩）；单位=万元/亩,经济运行与统计部门,OFFICIAL_STATISTICS
NAT-044,A41,原料内供率,A,ENTERPRISE_REQUIRED,园区内企业原料互供比例,%,,,,M01_NOT_COLLECTED,园区内企业原料互供比例；单位=%,企业服务部门,AUDITED_ENTERPRISE_DATA
NAT-044,B11,研发投入占主营业务收入的比重,B,ENTERPRISE_REQUIRED,园区规模以上工业企业研发经费支出占主营业务收入比例（%）,%,,,,M01_NOT_COLLECTED,园区规模以上工业企业研发经费支出占主营业务收入比例（%）；单位=%,科技创新部门,AUDITED_ENTERPRISE_DATA
NAT-044,B12,优质企业数量,B,PARK_SURVEY_REQUIRED,"国家级制造业单项冠军企业、专精特新""小巨人""企业、高新技术企业等数量",count,,,,M01_NOT_COLLECTED,"国家级制造业单项冠军企业、专精特新""小巨人""企业、高新技术企业等数量；单位=个",企业服务部门,OFFICIAL_STATISTICS
NAT-044,B13,上市公司所属企业数量,B,ENTERPRISE_REQUIRED,园区内上市公司及其控股企业数量,%,,,,M01_NOT_COLLECTED,园区内上市公司及其控股企业数量；单位=个,企业服务部门,AUDITED_ENTERPRISE_DATA
NAT-044,B14,发明专利数,B,ENTERPRISE_REQUIRED,园区企业拥有的有效发明专利数量,count,,,,M01_NOT_COLLECTED,园区企业拥有的有效发明专利数量；单位=个,科技创新部门,AUDITED_ENTERPRISE_DATA
NAT-044,B15,标准制定数,B,ENTERPRISE_REQUIRED,主导或参与制定国际、国家、行业及团体标准数量,count,,,,M01_NOT_COLLECTED,主导或参与制定国际、国家、行业及团体标准数量；单位=项,科技创新部门,AUDITED_ENTERPRISE_DATA
NAT-044,B21,省级及以上研发机构数量,B,PARK_SURVEY_REQUIRED,国家级、省级重点实验室、工程研究中心、企业技术中心等创新平台数量,count,,,,M01_NOT_COLLECTED,国家级、省级重点实验室、工程研究中心、企业技术中心等创新平台数量；单位=个,科技创新部门,OFFICIAL_STATISTICS
NAT-044,B22,产学研用融合平台,B,ENTERPRISE_REQUIRED,与高校、科研院所共建的平台数量,count,,,,M01_NOT_COLLECTED,与高校、科研院所共建的平台数量；单位=个,科技创新部门,AUDITED_ENTERPRISE_DATA
NAT-044,B23,园区级以上中试基地,B,PARK_SURVEY_REQUIRED,已建成并投入运行的中试基地数量,count,,,,M01_NOT_COLLECTED,已建成并投入运行的中试基地数量；单位=是/否,科技创新部门,OFFICIAL_STATISTICS
NAT-044,B31,产学研合作程度,B,DEFINITION_PENDING,园区企业开展产学研合作项目情况,DEFINITION_PENDING,,,,M06_DEFINITION_UNCLEAR,园区企业开展产学研合作项目情况；单位=%,科技创新部门,OFFICIAL_STATISTICS
NAT-044,B32,技术引进,B,DEFINITION_PENDING,企业引进先进技术、成果转化情况,DEFINITION_PENDING,,,,M06_DEFINITION_UNCLEAR,企业引进先进技术、成果转化情况；单位=%,科技创新部门,OFFICIAL_STATISTICS
NAT-044,B41,科技成果转化率,B,ENTERPRISE_REQUIRED,科技成果产业化、转化实施情况,count,,,,M01_NOT_COLLECTED,科技成果产业化、转化实施情况；单位=%,科技创新部门,AUDITED_ENTERPRISE_DATA
NAT-044,B42,产业精细化率,B,MISSING,精细化工及高端化工产品占比,count,,,,M01_NOT_COLLECTED,精细化工及高端化工产品占比；单位=%,企业服务部门,OFFICIAL_STATISTICS
NAT-044,C11,危险化学品从业单位安全生产标准化建设,C,MISSING,园区危险化学品生产、经营、储存等企业安全生产标准化建设情况,—,,,,M01_NOT_COLLECTED,园区危险化学品生产、经营、储存等企业安全生产标准化建设情况；单位=%,应急与安全部门,OFFICIAL_STATISTICS
NAT-044,C12,安全风险等级,C,MISSING,园区整体安全风险等级评估结果,—,,,,M01_NOT_COLLECTED,园区整体安全风险等级评估结果；单位=等级,应急与安全部门,OFFICIAL_STATISTICS
NAT-044,C13,安全生产事故发生等级,C,MISSING,年度生产安全事故情况,—,,,,M01_NOT_COLLECTED,年度生产安全事故情况；单位=等级,应急与安全部门,OFFICIAL_STATISTICS
NAT-044,C21,大气环境质量达标率,C,MONITORING_REQUIRED,园区环境空气质量达标情况,%,,,,M01_NOT_COLLECTED,园区环境空气质量达标情况；单位=%,生态环境部门,MONITORING_EXPORT
NAT-044,C22,地表水环境质量达标率,C,MONITORING_REQUIRED,园区地表水断面达标情况,%,,,,M01_NOT_COLLECTED,园区地表水断面达标情况；单位=%,生态环境部门,MONITORING_EXPORT
NAT-044,C23,地下水质量达标率,C,MONITORING_REQUIRED,地下水监测点位达标情况,%,,,,M01_NOT_COLLECTED,地下水监测点位达标情况；单位=%,生态环境部门,MONITORING_EXPORT
NAT-044,C24,土壤质量达标率,C,MONITORING_REQUIRED,土壤环境质量监测达标情况,%,,,,M01_NOT_COLLECTED,土壤环境质量监测达标情况；单位=%,生态环境部门,MONITORING_EXPORT
NAT-044,C31,单位工业总产值COD排放量,C,MONITORING_REQUIRED,单位工业总产值化学需氧量排放量,t/100m CNY,,,,M01_NOT_COLLECTED,COD排放量；同年度工业总产值；统计边界,生态环境部门,MONITORING_EXPORT
NAT-044,C32,单位工业总产值氨氮排放量,C,MONITORING_REQUIRED,单位工业总产值氨氮排放量,t/100m CNY,,,,M01_NOT_COLLECTED,NH3-N排放量；同年度工业总产值；统计边界,生态环境部门,MONITORING_EXPORT
NAT-044,C33,单位工业总产值SO₂排放量,C,MONITORING_REQUIRED,单位工业总产值二氧化硫排放量,t/100m CNY,,,,M01_NOT_COLLECTED,SO2排放量；同年度工业总产值；统计边界,生态环境部门,MONITORING_EXPORT
NAT-044,C34,单位工业总产值氮氧化物排放量,C,MONITORING_REQUIRED,单位工业总产值NOx排放量,t/100m CNY,,,,M01_NOT_COLLECTED,NOx排放量；同年度工业总产值；统计边界,生态环境部门,MONITORING_EXPORT
NAT-044,C35,单位工业总产值VOCs排放量,C,DEFINITION_PENDING,单位工业总产值挥发性有机物排放量,DEFINITION_PENDING,,,,M06_DEFINITION_UNCLEAR,VOCs排放量；同年度工业总产值；人工锁定定义,生态环境部门,MONITORING_EXPORT
NAT-044,C41,单位工业总产值新鲜取水量,C,MONITORING_REQUIRED,每单位工业产值消耗的新鲜水资源,"m3/10,000 CNY",,,,M01_NOT_COLLECTED,新鲜水取用量；工业增加值；统计年度；统计边界,水务部门,MONITORING_EXPORT
NAT-044,C42,再生水（中水）回用率,C,MONITORING_REQUIRED,再生水利用比例,%,,,,M01_NOT_COLLECTED,再生水实际利用量；园区总用水量；统计年度；统计边界,水务部门,MONITORING_EXPORT
NAT-044,C51,单位工业增加值能耗削减率,C,MONITORING_REQUIRED,单位工业增加值综合能耗下降幅度,"tce/10,000 CNY",,,,M01_NOT_COLLECTED,综合能源消费量；工业增加值；统计年度；统计边界,能源与碳管理部门,MONITORING_EXPORT
NAT-044,C52,绿色电力使用,C,MONITORING_REQUIRED,绿色电力消费比例,"tCO2/10,000 CNY",,,,M01_NOT_COLLECTED,CO2排放量；工业增加值；统计年度；统计边界,能源与碳管理部门,MONITORING_EXPORT
NAT-044,C53,单位工业增加值CO₂排放量削减率,C,MONITORING_REQUIRED,单位工业增加值碳排放下降幅度,%,,,,M01_NOT_COLLECTED,单位工业增加值碳排放下降幅度；单位=%,能源与碳管理部门,OFFICIAL_STATISTICS
NAT-044,C54,绿色工厂示范企业数量,C,PARK_SURVEY_REQUIRED,国家级、省级绿色工厂数量,count,,,,M01_NOT_COLLECTED,国家级、省级绿色工厂数量；单位=个,企业服务部门,OFFICIAL_STATISTICS
NAT-044,C55,示范创建数量,C,PUBLIC_AVAILABLE,国家级、省级绿色园区、绿色供应链等示范创建数量,category,1,2025,S3E-0071,,国家级、省级绿色园区、绿色供应链等示范创建数量；单位=级别,园区综合管理部门,OFFICIAL_RECOGNITION
NAT-044,D11,化工园区智慧化水平,D,MISSING,园区智慧管理平台建设情况，包括安全、环保、能源、应急、封闭化管理、公共服务等智慧化系统建设及运行情况。,ordinal evidence level,,,,M01_NOT_COLLECTED,园区智慧管理平台建设情况，包括安全、环保、能源、应急、封闭化管理、公共服务等智慧化系统建设及运行情况。；单位=等级,智慧园区管理部门,MANAGEMENT_SYSTEM_RECORD
NAT-044,D21,省级及以上认定的智能工厂数量,D,PARK_SURVEY_REQUIRED,园区内获得国家级、省级智能工厂（或智能制造示范工厂）认定的企业数量。,%,,,,M01_NOT_COLLECTED,园区内获得国家级、省级智能工厂（或智能制造示范工厂）认定的企业数量。；单位=个,企业服务部门,OFFICIAL_STATISTICS
NAT-045,A11,规模以上工业企业工业总产值,A,PARK_SURVEY_REQUIRED,园区规模以上工业企业工业总产值（亿元）,100 million CNY,,,,M01_NOT_COLLECTED,园区规模以上工业企业工业总产值（亿元）；单位=亿元,经济运行与统计部门,OFFICIAL_STATISTICS
NAT-045,A12,规模以上工业企业工业总产值增长率,A,PARK_SURVEY_REQUIRED,当年规模以上工业企业工业总产值增长率（%）,CNY/person,,,,M01_NOT_COLLECTED,当年规模以上工业企业工业总产值增长率（%）；单位=%,经济运行与统计部门,OFFICIAL_STATISTICS
NAT-045,A21,规模以上工业企业利润率,A,ENTERPRISE_REQUIRED,利润总额/营业收入×100%,%,,,,M01_NOT_COLLECTED,利润总额/营业收入×100%；单位=%,企业服务部门,AUDITED_ENTERPRISE_DATA
NAT-045,A22,工业增加值增长率,A,PARK_SURVEY_REQUIRED,当年工业增加值增长率（%）,%,,,,M01_NOT_COLLECTED,当年工业增加值增长率（%）；单位=%,经济运行与统计部门,OFFICIAL_STATISTICS
NAT-045,A23,人均产值,A,ENTERPRISE_REQUIRED,工业总产值÷从业人员数量（万元/人）,%,,,,M01_NOT_COLLECTED,工业总产值÷从业人员数量（万元/人）；单位=万元/人,企业服务部门,AUDITED_ENTERPRISE_DATA
NAT-045,A31,亩均投资强度,A,PARK_SURVEY_REQUIRED,固定资产投资÷工业用地面积（万元/亩）,mu,,,,M01_NOT_COLLECTED,固定资产投资÷工业用地面积（万元/亩）；单位=万元/亩,经济运行与统计部门,OFFICIAL_STATISTICS
NAT-045,A32,亩均产值,A,PARK_SURVEY_REQUIRED,工业总产值÷工业用地面积（万元/亩）,"10,000 CNY/mu",,,,M01_NOT_COLLECTED,工业总产值÷工业用地面积（万元/亩）；单位=万元/亩,经济运行与统计部门,OFFICIAL_STATISTICS
NAT-045,A33,亩均税收,A,PARK_SURVEY_REQUIRED,税收收入÷工业用地面积（万元/亩）,%,,,,M01_NOT_COLLECTED,税收收入÷工业用地面积（万元/亩）；单位=万元/亩,经济运行与统计部门,OFFICIAL_STATISTICS
NAT-045,A41,原料内供率,A,ENTERPRISE_REQUIRED,园区内企业原料互供比例,%,,,,M01_NOT_COLLECTED,园区内企业原料互供比例；单位=%,企业服务部门,AUDITED_ENTERPRISE_DATA
NAT-045,B11,研发投入占主营业务收入的比重,B,ENTERPRISE_REQUIRED,园区规模以上工业企业研发经费支出占主营业务收入比例（%）,%,,,,M01_NOT_COLLECTED,园区规模以上工业企业研发经费支出占主营业务收入比例（%）；单位=%,科技创新部门,AUDITED_ENTERPRISE_DATA
NAT-045,B12,优质企业数量,B,PARK_SURVEY_REQUIRED,"国家级制造业单项冠军企业、专精特新""小巨人""企业、高新技术企业等数量",count,,,,M01_NOT_COLLECTED,"国家级制造业单项冠军企业、专精特新""小巨人""企业、高新技术企业等数量；单位=个",企业服务部门,OFFICIAL_STATISTICS
NAT-045,B13,上市公司所属企业数量,B,ENTERPRISE_REQUIRED,园区内上市公司及其控股企业数量,%,,,,M01_NOT_COLLECTED,园区内上市公司及其控股企业数量；单位=个,企业服务部门,AUDITED_ENTERPRISE_DATA
NAT-045,B14,发明专利数,B,ENTERPRISE_REQUIRED,园区企业拥有的有效发明专利数量,count,,,,M01_NOT_COLLECTED,园区企业拥有的有效发明专利数量；单位=个,科技创新部门,AUDITED_ENTERPRISE_DATA
NAT-045,B15,标准制定数,B,ENTERPRISE_REQUIRED,主导或参与制定国际、国家、行业及团体标准数量,count,,,,M01_NOT_COLLECTED,主导或参与制定国际、国家、行业及团体标准数量；单位=项,科技创新部门,AUDITED_ENTERPRISE_DATA
NAT-045,B21,省级及以上研发机构数量,B,PARK_SURVEY_REQUIRED,国家级、省级重点实验室、工程研究中心、企业技术中心等创新平台数量,count,,,,M01_NOT_COLLECTED,国家级、省级重点实验室、工程研究中心、企业技术中心等创新平台数量；单位=个,科技创新部门,OFFICIAL_STATISTICS
NAT-045,B22,产学研用融合平台,B,ENTERPRISE_REQUIRED,与高校、科研院所共建的平台数量,count,,,,M01_NOT_COLLECTED,与高校、科研院所共建的平台数量；单位=个,科技创新部门,AUDITED_ENTERPRISE_DATA
NAT-045,B23,园区级以上中试基地,B,PARK_SURVEY_REQUIRED,已建成并投入运行的中试基地数量,count,,,,M01_NOT_COLLECTED,已建成并投入运行的中试基地数量；单位=是/否,科技创新部门,OFFICIAL_STATISTICS
NAT-045,B31,产学研合作程度,B,DEFINITION_PENDING,园区企业开展产学研合作项目情况,DEFINITION_PENDING,,,,M06_DEFINITION_UNCLEAR,园区企业开展产学研合作项目情况；单位=%,科技创新部门,OFFICIAL_STATISTICS
NAT-045,B32,技术引进,B,DEFINITION_PENDING,企业引进先进技术、成果转化情况,DEFINITION_PENDING,,,,M06_DEFINITION_UNCLEAR,企业引进先进技术、成果转化情况；单位=%,科技创新部门,OFFICIAL_STATISTICS
NAT-045,B41,科技成果转化率,B,ENTERPRISE_REQUIRED,科技成果产业化、转化实施情况,count,,,,M01_NOT_COLLECTED,科技成果产业化、转化实施情况；单位=%,科技创新部门,AUDITED_ENTERPRISE_DATA
NAT-045,B42,产业精细化率,B,MISSING,精细化工及高端化工产品占比,count,,,,M01_NOT_COLLECTED,精细化工及高端化工产品占比；单位=%,企业服务部门,OFFICIAL_STATISTICS
NAT-045,C11,危险化学品从业单位安全生产标准化建设,C,MISSING,园区危险化学品生产、经营、储存等企业安全生产标准化建设情况,—,,,,M01_NOT_COLLECTED,园区危险化学品生产、经营、储存等企业安全生产标准化建设情况；单位=%,应急与安全部门,OFFICIAL_STATISTICS
NAT-045,C12,安全风险等级,C,MISSING,园区整体安全风险等级评估结果,—,,,,M01_NOT_COLLECTED,园区整体安全风险等级评估结果；单位=等级,应急与安全部门,OFFICIAL_STATISTICS
NAT-045,C13,安全生产事故发生等级,C,MISSING,年度生产安全事故情况,—,,,,M01_NOT_COLLECTED,年度生产安全事故情况；单位=等级,应急与安全部门,OFFICIAL_STATISTICS
NAT-045,C21,大气环境质量达标率,C,MONITORING_REQUIRED,园区环境空气质量达标情况,%,,,,M01_NOT_COLLECTED,园区环境空气质量达标情况；单位=%,生态环境部门,MONITORING_EXPORT
NAT-045,C22,地表水环境质量达标率,C,MONITORING_REQUIRED,园区地表水断面达标情况,%,,,,M01_NOT_COLLECTED,园区地表水断面达标情况；单位=%,生态环境部门,MONITORING_EXPORT
NAT-045,C23,地下水质量达标率,C,MONITORING_REQUIRED,地下水监测点位达标情况,%,,,,M01_NOT_COLLECTED,地下水监测点位达标情况；单位=%,生态环境部门,MONITORING_EXPORT
NAT-045,C24,土壤质量达标率,C,MONITORING_REQUIRED,土壤环境质量监测达标情况,%,,,,M01_NOT_COLLECTED,土壤环境质量监测达标情况；单位=%,生态环境部门,MONITORING_EXPORT
NAT-045,C31,单位工业总产值COD排放量,C,MONITORING_REQUIRED,单位工业总产值化学需氧量排放量,t/100m CNY,,,,M01_NOT_COLLECTED,COD排放量；同年度工业总产值；统计边界,生态环境部门,MONITORING_EXPORT
NAT-045,C32,单位工业总产值氨氮排放量,C,MONITORING_REQUIRED,单位工业总产值氨氮排放量,t/100m CNY,,,,M01_NOT_COLLECTED,NH3-N排放量；同年度工业总产值；统计边界,生态环境部门,MONITORING_EXPORT
NAT-045,C33,单位工业总产值SO₂排放量,C,MONITORING_REQUIRED,单位工业总产值二氧化硫排放量,t/100m CNY,,,,M01_NOT_COLLECTED,SO2排放量；同年度工业总产值；统计边界,生态环境部门,MONITORING_EXPORT
NAT-045,C34,单位工业总产值氮氧化物排放量,C,MONITORING_REQUIRED,单位工业总产值NOx排放量,t/100m CNY,,,,M01_NOT_COLLECTED,NOx排放量；同年度工业总产值；统计边界,生态环境部门,MONITORING_EXPORT
NAT-045,C35,单位工业总产值VOCs排放量,C,DEFINITION_PENDING,单位工业总产值挥发性有机物排放量,DEFINITION_PENDING,,,,M06_DEFINITION_UNCLEAR,VOCs排放量；同年度工业总产值；人工锁定定义,生态环境部门,MONITORING_EXPORT
NAT-045,C41,单位工业总产值新鲜取水量,C,MONITORING_REQUIRED,每单位工业产值消耗的新鲜水资源,"m3/10,000 CNY",,,,M01_NOT_COLLECTED,新鲜水取用量；工业增加值；统计年度；统计边界,水务部门,MONITORING_EXPORT
NAT-045,C42,再生水（中水）回用率,C,MONITORING_REQUIRED,再生水利用比例,%,,,,M01_NOT_COLLECTED,再生水实际利用量；园区总用水量；统计年度；统计边界,水务部门,MONITORING_EXPORT
NAT-045,C51,单位工业增加值能耗削减率,C,MONITORING_REQUIRED,单位工业增加值综合能耗下降幅度,"tce/10,000 CNY",,,,M01_NOT_COLLECTED,综合能源消费量；工业增加值；统计年度；统计边界,能源与碳管理部门,MONITORING_EXPORT
NAT-045,C52,绿色电力使用,C,MONITORING_REQUIRED,绿色电力消费比例,"tCO2/10,000 CNY",,,,M01_NOT_COLLECTED,CO2排放量；工业增加值；统计年度；统计边界,能源与碳管理部门,MONITORING_EXPORT
NAT-045,C53,单位工业增加值CO₂排放量削减率,C,MONITORING_REQUIRED,单位工业增加值碳排放下降幅度,%,,,,M01_NOT_COLLECTED,单位工业增加值碳排放下降幅度；单位=%,能源与碳管理部门,OFFICIAL_STATISTICS
NAT-045,C54,绿色工厂示范企业数量,C,PARK_SURVEY_REQUIRED,国家级、省级绿色工厂数量,count,,,,M01_NOT_COLLECTED,国家级、省级绿色工厂数量；单位=个,企业服务部门,OFFICIAL_STATISTICS
NAT-045,C55,示范创建数量,C,PUBLIC_AVAILABLE,国家级、省级绿色园区、绿色供应链等示范创建数量,category,1,2025,S3E-0072,,国家级、省级绿色园区、绿色供应链等示范创建数量；单位=级别,园区综合管理部门,OFFICIAL_RECOGNITION
NAT-045,D11,化工园区智慧化水平,D,MISSING,园区智慧管理平台建设情况，包括安全、环保、能源、应急、封闭化管理、公共服务等智慧化系统建设及运行情况。,ordinal evidence level,,,,M01_NOT_COLLECTED,园区智慧管理平台建设情况，包括安全、环保、能源、应急、封闭化管理、公共服务等智慧化系统建设及运行情况。；单位=等级,智慧园区管理部门,MANAGEMENT_SYSTEM_RECORD
NAT-045,D21,省级及以上认定的智能工厂数量,D,PARK_SURVEY_REQUIRED,园区内获得国家级、省级智能工厂（或智能制造示范工厂）认定的企业数量。,%,,,,M01_NOT_COLLECTED,园区内获得国家级、省级智能工厂（或智能制造示范工厂）认定的企业数量。；单位=个,企业服务部门,OFFICIAL_STATISTICS
NAT-046,A11,规模以上工业企业工业总产值,A,PARK_SURVEY_REQUIRED,园区规模以上工业企业工业总产值（亿元）,100 million CNY,,,,M01_NOT_COLLECTED,园区规模以上工业企业工业总产值（亿元）；单位=亿元,经济运行与统计部门,OFFICIAL_STATISTICS
NAT-046,A12,规模以上工业企业工业总产值增长率,A,PARK_SURVEY_REQUIRED,当年规模以上工业企业工业总产值增长率（%）,CNY/person,,,,M01_NOT_COLLECTED,当年规模以上工业企业工业总产值增长率（%）；单位=%,经济运行与统计部门,OFFICIAL_STATISTICS
NAT-046,A21,规模以上工业企业利润率,A,ENTERPRISE_REQUIRED,利润总额/营业收入×100%,%,,,,M01_NOT_COLLECTED,利润总额/营业收入×100%；单位=%,企业服务部门,AUDITED_ENTERPRISE_DATA
NAT-046,A22,工业增加值增长率,A,PARK_SURVEY_REQUIRED,当年工业增加值增长率（%）,%,,,,M01_NOT_COLLECTED,当年工业增加值增长率（%）；单位=%,经济运行与统计部门,OFFICIAL_STATISTICS
NAT-046,A23,人均产值,A,ENTERPRISE_REQUIRED,工业总产值÷从业人员数量（万元/人）,%,,,,M01_NOT_COLLECTED,工业总产值÷从业人员数量（万元/人）；单位=万元/人,企业服务部门,AUDITED_ENTERPRISE_DATA
NAT-046,A31,亩均投资强度,A,PARK_SURVEY_REQUIRED,固定资产投资÷工业用地面积（万元/亩）,mu,,,,M01_NOT_COLLECTED,固定资产投资÷工业用地面积（万元/亩）；单位=万元/亩,经济运行与统计部门,OFFICIAL_STATISTICS
NAT-046,A32,亩均产值,A,PARK_SURVEY_REQUIRED,工业总产值÷工业用地面积（万元/亩）,"10,000 CNY/mu",,,,M01_NOT_COLLECTED,工业总产值÷工业用地面积（万元/亩）；单位=万元/亩,经济运行与统计部门,OFFICIAL_STATISTICS
NAT-046,A33,亩均税收,A,PARK_SURVEY_REQUIRED,税收收入÷工业用地面积（万元/亩）,%,,,,M01_NOT_COLLECTED,税收收入÷工业用地面积（万元/亩）；单位=万元/亩,经济运行与统计部门,OFFICIAL_STATISTICS
NAT-046,A41,原料内供率,A,ENTERPRISE_REQUIRED,园区内企业原料互供比例,%,,,,M01_NOT_COLLECTED,园区内企业原料互供比例；单位=%,企业服务部门,AUDITED_ENTERPRISE_DATA
NAT-046,B11,研发投入占主营业务收入的比重,B,ENTERPRISE_REQUIRED,园区规模以上工业企业研发经费支出占主营业务收入比例（%）,%,,,,M01_NOT_COLLECTED,园区规模以上工业企业研发经费支出占主营业务收入比例（%）；单位=%,科技创新部门,AUDITED_ENTERPRISE_DATA
NAT-046,B12,优质企业数量,B,PARK_SURVEY_REQUIRED,"国家级制造业单项冠军企业、专精特新""小巨人""企业、高新技术企业等数量",count,,,,M01_NOT_COLLECTED,"国家级制造业单项冠军企业、专精特新""小巨人""企业、高新技术企业等数量；单位=个",企业服务部门,OFFICIAL_STATISTICS
NAT-046,B13,上市公司所属企业数量,B,ENTERPRISE_REQUIRED,园区内上市公司及其控股企业数量,%,,,,M01_NOT_COLLECTED,园区内上市公司及其控股企业数量；单位=个,企业服务部门,AUDITED_ENTERPRISE_DATA
NAT-046,B14,发明专利数,B,ENTERPRISE_REQUIRED,园区企业拥有的有效发明专利数量,count,,,,M01_NOT_COLLECTED,园区企业拥有的有效发明专利数量；单位=个,科技创新部门,AUDITED_ENTERPRISE_DATA
NAT-046,B15,标准制定数,B,ENTERPRISE_REQUIRED,主导或参与制定国际、国家、行业及团体标准数量,count,,,,M01_NOT_COLLECTED,主导或参与制定国际、国家、行业及团体标准数量；单位=项,科技创新部门,AUDITED_ENTERPRISE_DATA
NAT-046,B21,省级及以上研发机构数量,B,PARK_SURVEY_REQUIRED,国家级、省级重点实验室、工程研究中心、企业技术中心等创新平台数量,count,,,,M01_NOT_COLLECTED,国家级、省级重点实验室、工程研究中心、企业技术中心等创新平台数量；单位=个,科技创新部门,OFFICIAL_STATISTICS
NAT-046,B22,产学研用融合平台,B,ENTERPRISE_REQUIRED,与高校、科研院所共建的平台数量,count,,,,M01_NOT_COLLECTED,与高校、科研院所共建的平台数量；单位=个,科技创新部门,AUDITED_ENTERPRISE_DATA
NAT-046,B23,园区级以上中试基地,B,PARK_SURVEY_REQUIRED,已建成并投入运行的中试基地数量,count,,,,M01_NOT_COLLECTED,已建成并投入运行的中试基地数量；单位=是/否,科技创新部门,OFFICIAL_STATISTICS
NAT-046,B31,产学研合作程度,B,DEFINITION_PENDING,园区企业开展产学研合作项目情况,DEFINITION_PENDING,,,,M06_DEFINITION_UNCLEAR,园区企业开展产学研合作项目情况；单位=%,科技创新部门,OFFICIAL_STATISTICS
NAT-046,B32,技术引进,B,DEFINITION_PENDING,企业引进先进技术、成果转化情况,DEFINITION_PENDING,,,,M06_DEFINITION_UNCLEAR,企业引进先进技术、成果转化情况；单位=%,科技创新部门,OFFICIAL_STATISTICS
NAT-046,B41,科技成果转化率,B,ENTERPRISE_REQUIRED,科技成果产业化、转化实施情况,count,,,,M01_NOT_COLLECTED,科技成果产业化、转化实施情况；单位=%,科技创新部门,AUDITED_ENTERPRISE_DATA
NAT-046,B42,产业精细化率,B,MISSING,精细化工及高端化工产品占比,count,,,,M01_NOT_COLLECTED,精细化工及高端化工产品占比；单位=%,企业服务部门,OFFICIAL_STATISTICS
NAT-046,C11,危险化学品从业单位安全生产标准化建设,C,MISSING,园区危险化学品生产、经营、储存等企业安全生产标准化建设情况,—,,,,M01_NOT_COLLECTED,园区危险化学品生产、经营、储存等企业安全生产标准化建设情况；单位=%,应急与安全部门,OFFICIAL_STATISTICS
NAT-046,C12,安全风险等级,C,MISSING,园区整体安全风险等级评估结果,—,,,,M01_NOT_COLLECTED,园区整体安全风险等级评估结果；单位=等级,应急与安全部门,OFFICIAL_STATISTICS
NAT-046,C13,安全生产事故发生等级,C,MISSING,年度生产安全事故情况,—,,,,M01_NOT_COLLECTED,年度生产安全事故情况；单位=等级,应急与安全部门,OFFICIAL_STATISTICS
NAT-046,C21,大气环境质量达标率,C,MONITORING_REQUIRED,园区环境空气质量达标情况,%,,,,M01_NOT_COLLECTED,园区环境空气质量达标情况；单位=%,生态环境部门,MONITORING_EXPORT
NAT-046,C22,地表水环境质量达标率,C,MONITORING_REQUIRED,园区地表水断面达标情况,%,,,,M01_NOT_COLLECTED,园区地表水断面达标情况；单位=%,生态环境部门,MONITORING_EXPORT
NAT-046,C23,地下水质量达标率,C,MONITORING_REQUIRED,地下水监测点位达标情况,%,,,,M01_NOT_COLLECTED,地下水监测点位达标情况；单位=%,生态环境部门,MONITORING_EXPORT
NAT-046,C24,土壤质量达标率,C,MONITORING_REQUIRED,土壤环境质量监测达标情况,%,,,,M01_NOT_COLLECTED,土壤环境质量监测达标情况；单位=%,生态环境部门,MONITORING_EXPORT
NAT-046,C31,单位工业总产值COD排放量,C,MONITORING_REQUIRED,单位工业总产值化学需氧量排放量,t/100m CNY,,,,M01_NOT_COLLECTED,COD排放量；同年度工业总产值；统计边界,生态环境部门,MONITORING_EXPORT
NAT-046,C32,单位工业总产值氨氮排放量,C,MONITORING_REQUIRED,单位工业总产值氨氮排放量,t/100m CNY,,,,M01_NOT_COLLECTED,NH3-N排放量；同年度工业总产值；统计边界,生态环境部门,MONITORING_EXPORT
NAT-046,C33,单位工业总产值SO₂排放量,C,MONITORING_REQUIRED,单位工业总产值二氧化硫排放量,t/100m CNY,,,,M01_NOT_COLLECTED,SO2排放量；同年度工业总产值；统计边界,生态环境部门,MONITORING_EXPORT
NAT-046,C34,单位工业总产值氮氧化物排放量,C,MONITORING_REQUIRED,单位工业总产值NOx排放量,t/100m CNY,,,,M01_NOT_COLLECTED,NOx排放量；同年度工业总产值；统计边界,生态环境部门,MONITORING_EXPORT
NAT-046,C35,单位工业总产值VOCs排放量,C,DEFINITION_PENDING,单位工业总产值挥发性有机物排放量,DEFINITION_PENDING,,,,M06_DEFINITION_UNCLEAR,VOCs排放量；同年度工业总产值；人工锁定定义,生态环境部门,MONITORING_EXPORT
NAT-046,C41,单位工业总产值新鲜取水量,C,MONITORING_REQUIRED,每单位工业产值消耗的新鲜水资源,"m3/10,000 CNY",,,,M01_NOT_COLLECTED,新鲜水取用量；工业增加值；统计年度；统计边界,水务部门,MONITORING_EXPORT
NAT-046,C42,再生水（中水）回用率,C,MONITORING_REQUIRED,再生水利用比例,%,,,,M01_NOT_COLLECTED,再生水实际利用量；园区总用水量；统计年度；统计边界,水务部门,MONITORING_EXPORT
NAT-046,C51,单位工业增加值能耗削减率,C,MONITORING_REQUIRED,单位工业增加值综合能耗下降幅度,"tce/10,000 CNY",,,,M01_NOT_COLLECTED,综合能源消费量；工业增加值；统计年度；统计边界,能源与碳管理部门,MONITORING_EXPORT
NAT-046,C52,绿色电力使用,C,MONITORING_REQUIRED,绿色电力消费比例,"tCO2/10,000 CNY",,,,M01_NOT_COLLECTED,CO2排放量；工业增加值；统计年度；统计边界,能源与碳管理部门,MONITORING_EXPORT
NAT-046,C53,单位工业增加值CO₂排放量削减率,C,MONITORING_REQUIRED,单位工业增加值碳排放下降幅度,%,,,,M01_NOT_COLLECTED,单位工业增加值碳排放下降幅度；单位=%,能源与碳管理部门,OFFICIAL_STATISTICS
NAT-046,C54,绿色工厂示范企业数量,C,PARK_SURVEY_REQUIRED,国家级、省级绿色工厂数量,count,,,,M01_NOT_COLLECTED,国家级、省级绿色工厂数量；单位=个,企业服务部门,OFFICIAL_STATISTICS
NAT-046,C55,示范创建数量,C,PUBLIC_AVAILABLE,国家级、省级绿色园区、绿色供应链等示范创建数量,category,1,2025,S3E-0073,,国家级、省级绿色园区、绿色供应链等示范创建数量；单位=级别,园区综合管理部门,OFFICIAL_RECOGNITION
NAT-046,D11,化工园区智慧化水平,D,MISSING,园区智慧管理平台建设情况，包括安全、环保、能源、应急、封闭化管理、公共服务等智慧化系统建设及运行情况。,ordinal evidence level,,,,M01_NOT_COLLECTED,园区智慧管理平台建设情况，包括安全、环保、能源、应急、封闭化管理、公共服务等智慧化系统建设及运行情况。；单位=等级,智慧园区管理部门,MANAGEMENT_SYSTEM_RECORD
NAT-046,D21,省级及以上认定的智能工厂数量,D,PARK_SURVEY_REQUIRED,园区内获得国家级、省级智能工厂（或智能制造示范工厂）认定的企业数量。,%,,,,M01_NOT_COLLECTED,园区内获得国家级、省级智能工厂（或智能制造示范工厂）认定的企业数量。；单位=个,企业服务部门,OFFICIAL_STATISTICS
NAT-047,A11,规模以上工业企业工业总产值,A,PARK_SURVEY_REQUIRED,园区规模以上工业企业工业总产值（亿元）,100 million CNY,,,,M01_NOT_COLLECTED,园区规模以上工业企业工业总产值（亿元）；单位=亿元,经济运行与统计部门,OFFICIAL_STATISTICS
NAT-047,A12,规模以上工业企业工业总产值增长率,A,PARK_SURVEY_REQUIRED,当年规模以上工业企业工业总产值增长率（%）,CNY/person,,,,M01_NOT_COLLECTED,当年规模以上工业企业工业总产值增长率（%）；单位=%,经济运行与统计部门,OFFICIAL_STATISTICS
NAT-047,A21,规模以上工业企业利润率,A,ENTERPRISE_REQUIRED,利润总额/营业收入×100%,%,,,,M01_NOT_COLLECTED,利润总额/营业收入×100%；单位=%,企业服务部门,AUDITED_ENTERPRISE_DATA
NAT-047,A22,工业增加值增长率,A,PARK_SURVEY_REQUIRED,当年工业增加值增长率（%）,%,,,,M01_NOT_COLLECTED,当年工业增加值增长率（%）；单位=%,经济运行与统计部门,OFFICIAL_STATISTICS
NAT-047,A23,人均产值,A,ENTERPRISE_REQUIRED,工业总产值÷从业人员数量（万元/人）,%,,,,M01_NOT_COLLECTED,工业总产值÷从业人员数量（万元/人）；单位=万元/人,企业服务部门,AUDITED_ENTERPRISE_DATA
NAT-047,A31,亩均投资强度,A,PARK_SURVEY_REQUIRED,固定资产投资÷工业用地面积（万元/亩）,mu,,,,M01_NOT_COLLECTED,固定资产投资÷工业用地面积（万元/亩）；单位=万元/亩,经济运行与统计部门,OFFICIAL_STATISTICS
NAT-047,A32,亩均产值,A,PARK_SURVEY_REQUIRED,工业总产值÷工业用地面积（万元/亩）,"10,000 CNY/mu",,,,M01_NOT_COLLECTED,工业总产值÷工业用地面积（万元/亩）；单位=万元/亩,经济运行与统计部门,OFFICIAL_STATISTICS
NAT-047,A33,亩均税收,A,PARK_SURVEY_REQUIRED,税收收入÷工业用地面积（万元/亩）,%,,,,M01_NOT_COLLECTED,税收收入÷工业用地面积（万元/亩）；单位=万元/亩,经济运行与统计部门,OFFICIAL_STATISTICS
NAT-047,A41,原料内供率,A,ENTERPRISE_REQUIRED,园区内企业原料互供比例,%,,,,M01_NOT_COLLECTED,园区内企业原料互供比例；单位=%,企业服务部门,AUDITED_ENTERPRISE_DATA
NAT-047,B11,研发投入占主营业务收入的比重,B,ENTERPRISE_REQUIRED,园区规模以上工业企业研发经费支出占主营业务收入比例（%）,%,,,,M01_NOT_COLLECTED,园区规模以上工业企业研发经费支出占主营业务收入比例（%）；单位=%,科技创新部门,AUDITED_ENTERPRISE_DATA
NAT-047,B12,优质企业数量,B,PARK_SURVEY_REQUIRED,"国家级制造业单项冠军企业、专精特新""小巨人""企业、高新技术企业等数量",count,,,,M01_NOT_COLLECTED,"国家级制造业单项冠军企业、专精特新""小巨人""企业、高新技术企业等数量；单位=个",企业服务部门,OFFICIAL_STATISTICS
NAT-047,B13,上市公司所属企业数量,B,ENTERPRISE_REQUIRED,园区内上市公司及其控股企业数量,%,,,,M01_NOT_COLLECTED,园区内上市公司及其控股企业数量；单位=个,企业服务部门,AUDITED_ENTERPRISE_DATA
NAT-047,B14,发明专利数,B,ENTERPRISE_REQUIRED,园区企业拥有的有效发明专利数量,count,,,,M01_NOT_COLLECTED,园区企业拥有的有效发明专利数量；单位=个,科技创新部门,AUDITED_ENTERPRISE_DATA
NAT-047,B15,标准制定数,B,ENTERPRISE_REQUIRED,主导或参与制定国际、国家、行业及团体标准数量,count,,,,M01_NOT_COLLECTED,主导或参与制定国际、国家、行业及团体标准数量；单位=项,科技创新部门,AUDITED_ENTERPRISE_DATA
NAT-047,B21,省级及以上研发机构数量,B,PARK_SURVEY_REQUIRED,国家级、省级重点实验室、工程研究中心、企业技术中心等创新平台数量,count,,,,M01_NOT_COLLECTED,国家级、省级重点实验室、工程研究中心、企业技术中心等创新平台数量；单位=个,科技创新部门,OFFICIAL_STATISTICS
NAT-047,B22,产学研用融合平台,B,ENTERPRISE_REQUIRED,与高校、科研院所共建的平台数量,count,,,,M01_NOT_COLLECTED,与高校、科研院所共建的平台数量；单位=个,科技创新部门,AUDITED_ENTERPRISE_DATA
NAT-047,B23,园区级以上中试基地,B,PARK_SURVEY_REQUIRED,已建成并投入运行的中试基地数量,count,,,,M01_NOT_COLLECTED,已建成并投入运行的中试基地数量；单位=是/否,科技创新部门,OFFICIAL_STATISTICS
NAT-047,B31,产学研合作程度,B,DEFINITION_PENDING,园区企业开展产学研合作项目情况,DEFINITION_PENDING,,,,M06_DEFINITION_UNCLEAR,园区企业开展产学研合作项目情况；单位=%,科技创新部门,OFFICIAL_STATISTICS
NAT-047,B32,技术引进,B,DEFINITION_PENDING,企业引进先进技术、成果转化情况,DEFINITION_PENDING,,,,M06_DEFINITION_UNCLEAR,企业引进先进技术、成果转化情况；单位=%,科技创新部门,OFFICIAL_STATISTICS
NAT-047,B41,科技成果转化率,B,ENTERPRISE_REQUIRED,科技成果产业化、转化实施情况,count,,,,M01_NOT_COLLECTED,科技成果产业化、转化实施情况；单位=%,科技创新部门,AUDITED_ENTERPRISE_DATA
NAT-047,B42,产业精细化率,B,MISSING,精细化工及高端化工产品占比,count,,,,M01_NOT_COLLECTED,精细化工及高端化工产品占比；单位=%,企业服务部门,OFFICIAL_STATISTICS
NAT-047,C11,危险化学品从业单位安全生产标准化建设,C,MISSING,园区危险化学品生产、经营、储存等企业安全生产标准化建设情况,—,,,,M01_NOT_COLLECTED,园区危险化学品生产、经营、储存等企业安全生产标准化建设情况；单位=%,应急与安全部门,OFFICIAL_STATISTICS
NAT-047,C12,安全风险等级,C,MISSING,园区整体安全风险等级评估结果,—,,,,M01_NOT_COLLECTED,园区整体安全风险等级评估结果；单位=等级,应急与安全部门,OFFICIAL_STATISTICS
NAT-047,C13,安全生产事故发生等级,C,MISSING,年度生产安全事故情况,—,,,,M01_NOT_COLLECTED,年度生产安全事故情况；单位=等级,应急与安全部门,OFFICIAL_STATISTICS
NAT-047,C21,大气环境质量达标率,C,MONITORING_REQUIRED,园区环境空气质量达标情况,%,,,,M01_NOT_COLLECTED,园区环境空气质量达标情况；单位=%,生态环境部门,MONITORING_EXPORT
NAT-047,C22,地表水环境质量达标率,C,MONITORING_REQUIRED,园区地表水断面达标情况,%,,,,M01_NOT_COLLECTED,园区地表水断面达标情况；单位=%,生态环境部门,MONITORING_EXPORT
NAT-047,C23,地下水质量达标率,C,MONITORING_REQUIRED,地下水监测点位达标情况,%,,,,M01_NOT_COLLECTED,地下水监测点位达标情况；单位=%,生态环境部门,MONITORING_EXPORT
NAT-047,C24,土壤质量达标率,C,MONITORING_REQUIRED,土壤环境质量监测达标情况,%,,,,M01_NOT_COLLECTED,土壤环境质量监测达标情况；单位=%,生态环境部门,MONITORING_EXPORT
NAT-047,C31,单位工业总产值COD排放量,C,MONITORING_REQUIRED,单位工业总产值化学需氧量排放量,t/100m CNY,,,,M01_NOT_COLLECTED,COD排放量；同年度工业总产值；统计边界,生态环境部门,MONITORING_EXPORT
NAT-047,C32,单位工业总产值氨氮排放量,C,MONITORING_REQUIRED,单位工业总产值氨氮排放量,t/100m CNY,,,,M01_NOT_COLLECTED,NH3-N排放量；同年度工业总产值；统计边界,生态环境部门,MONITORING_EXPORT
NAT-047,C33,单位工业总产值SO₂排放量,C,MONITORING_REQUIRED,单位工业总产值二氧化硫排放量,t/100m CNY,,,,M01_NOT_COLLECTED,SO2排放量；同年度工业总产值；统计边界,生态环境部门,MONITORING_EXPORT
NAT-047,C34,单位工业总产值氮氧化物排放量,C,MONITORING_REQUIRED,单位工业总产值NOx排放量,t/100m CNY,,,,M01_NOT_COLLECTED,NOx排放量；同年度工业总产值；统计边界,生态环境部门,MONITORING_EXPORT
NAT-047,C35,单位工业总产值VOCs排放量,C,DEFINITION_PENDING,单位工业总产值挥发性有机物排放量,DEFINITION_PENDING,,,,M06_DEFINITION_UNCLEAR,VOCs排放量；同年度工业总产值；人工锁定定义,生态环境部门,MONITORING_EXPORT
NAT-047,C41,单位工业总产值新鲜取水量,C,MONITORING_REQUIRED,每单位工业产值消耗的新鲜水资源,"m3/10,000 CNY",,,,M01_NOT_COLLECTED,新鲜水取用量；工业增加值；统计年度；统计边界,水务部门,MONITORING_EXPORT
NAT-047,C42,再生水（中水）回用率,C,MONITORING_REQUIRED,再生水利用比例,%,,,,M01_NOT_COLLECTED,再生水实际利用量；园区总用水量；统计年度；统计边界,水务部门,MONITORING_EXPORT
NAT-047,C51,单位工业增加值能耗削减率,C,MONITORING_REQUIRED,单位工业增加值综合能耗下降幅度,"tce/10,000 CNY",,,,M01_NOT_COLLECTED,综合能源消费量；工业增加值；统计年度；统计边界,能源与碳管理部门,MONITORING_EXPORT
NAT-047,C52,绿色电力使用,C,MONITORING_REQUIRED,绿色电力消费比例,"tCO2/10,000 CNY",,,,M01_NOT_COLLECTED,CO2排放量；工业增加值；统计年度；统计边界,能源与碳管理部门,MONITORING_EXPORT
NAT-047,C53,单位工业增加值CO₂排放量削减率,C,MONITORING_REQUIRED,单位工业增加值碳排放下降幅度,%,,,,M01_NOT_COLLECTED,单位工业增加值碳排放下降幅度；单位=%,能源与碳管理部门,OFFICIAL_STATISTICS
NAT-047,C54,绿色工厂示范企业数量,C,PARK_SURVEY_REQUIRED,国家级、省级绿色工厂数量,count,,,,M01_NOT_COLLECTED,国家级、省级绿色工厂数量；单位=个,企业服务部门,OFFICIAL_STATISTICS
NAT-047,C55,示范创建数量,C,PUBLIC_AVAILABLE,国家级、省级绿色园区、绿色供应链等示范创建数量,category,1,2025,S3E-0074,,国家级、省级绿色园区、绿色供应链等示范创建数量；单位=级别,园区综合管理部门,OFFICIAL_RECOGNITION
NAT-047,D11,化工园区智慧化水平,D,MISSING,园区智慧管理平台建设情况，包括安全、环保、能源、应急、封闭化管理、公共服务等智慧化系统建设及运行情况。,ordinal evidence level,,,,M01_NOT_COLLECTED,园区智慧管理平台建设情况，包括安全、环保、能源、应急、封闭化管理、公共服务等智慧化系统建设及运行情况。；单位=等级,智慧园区管理部门,MANAGEMENT_SYSTEM_RECORD
NAT-047,D21,省级及以上认定的智能工厂数量,D,PARK_SURVEY_REQUIRED,园区内获得国家级、省级智能工厂（或智能制造示范工厂）认定的企业数量。,%,,,,M01_NOT_COLLECTED,园区内获得国家级、省级智能工厂（或智能制造示范工厂）认定的企业数量。；单位=个,企业服务部门,OFFICIAL_STATISTICS
NAT-048,A11,规模以上工业企业工业总产值,A,PARK_SURVEY_REQUIRED,园区规模以上工业企业工业总产值（亿元）,100 million CNY,,,,M01_NOT_COLLECTED,园区规模以上工业企业工业总产值（亿元）；单位=亿元,经济运行与统计部门,OFFICIAL_STATISTICS
NAT-048,A12,规模以上工业企业工业总产值增长率,A,PARK_SURVEY_REQUIRED,当年规模以上工业企业工业总产值增长率（%）,CNY/person,,,,M01_NOT_COLLECTED,当年规模以上工业企业工业总产值增长率（%）；单位=%,经济运行与统计部门,OFFICIAL_STATISTICS
NAT-048,A21,规模以上工业企业利润率,A,ENTERPRISE_REQUIRED,利润总额/营业收入×100%,%,,,,M01_NOT_COLLECTED,利润总额/营业收入×100%；单位=%,企业服务部门,AUDITED_ENTERPRISE_DATA
NAT-048,A22,工业增加值增长率,A,PARK_SURVEY_REQUIRED,当年工业增加值增长率（%）,%,,,,M01_NOT_COLLECTED,当年工业增加值增长率（%）；单位=%,经济运行与统计部门,OFFICIAL_STATISTICS
NAT-048,A23,人均产值,A,ENTERPRISE_REQUIRED,工业总产值÷从业人员数量（万元/人）,%,,,,M01_NOT_COLLECTED,工业总产值÷从业人员数量（万元/人）；单位=万元/人,企业服务部门,AUDITED_ENTERPRISE_DATA
NAT-048,A31,亩均投资强度,A,PARK_SURVEY_REQUIRED,固定资产投资÷工业用地面积（万元/亩）,mu,,,,M01_NOT_COLLECTED,固定资产投资÷工业用地面积（万元/亩）；单位=万元/亩,经济运行与统计部门,OFFICIAL_STATISTICS
NAT-048,A32,亩均产值,A,PARK_SURVEY_REQUIRED,工业总产值÷工业用地面积（万元/亩）,"10,000 CNY/mu",,,,M01_NOT_COLLECTED,工业总产值÷工业用地面积（万元/亩）；单位=万元/亩,经济运行与统计部门,OFFICIAL_STATISTICS
NAT-048,A33,亩均税收,A,PARK_SURVEY_REQUIRED,税收收入÷工业用地面积（万元/亩）,%,,,,M01_NOT_COLLECTED,税收收入÷工业用地面积（万元/亩）；单位=万元/亩,经济运行与统计部门,OFFICIAL_STATISTICS
NAT-048,A41,原料内供率,A,ENTERPRISE_REQUIRED,园区内企业原料互供比例,%,,,,M01_NOT_COLLECTED,园区内企业原料互供比例；单位=%,企业服务部门,AUDITED_ENTERPRISE_DATA
NAT-048,B11,研发投入占主营业务收入的比重,B,ENTERPRISE_REQUIRED,园区规模以上工业企业研发经费支出占主营业务收入比例（%）,%,,,,M01_NOT_COLLECTED,园区规模以上工业企业研发经费支出占主营业务收入比例（%）；单位=%,科技创新部门,AUDITED_ENTERPRISE_DATA
NAT-048,B12,优质企业数量,B,PARK_SURVEY_REQUIRED,"国家级制造业单项冠军企业、专精特新""小巨人""企业、高新技术企业等数量",count,,,,M01_NOT_COLLECTED,"国家级制造业单项冠军企业、专精特新""小巨人""企业、高新技术企业等数量；单位=个",企业服务部门,OFFICIAL_STATISTICS
NAT-048,B13,上市公司所属企业数量,B,ENTERPRISE_REQUIRED,园区内上市公司及其控股企业数量,%,,,,M01_NOT_COLLECTED,园区内上市公司及其控股企业数量；单位=个,企业服务部门,AUDITED_ENTERPRISE_DATA
NAT-048,B14,发明专利数,B,ENTERPRISE_REQUIRED,园区企业拥有的有效发明专利数量,count,,,,M01_NOT_COLLECTED,园区企业拥有的有效发明专利数量；单位=个,科技创新部门,AUDITED_ENTERPRISE_DATA
NAT-048,B15,标准制定数,B,ENTERPRISE_REQUIRED,主导或参与制定国际、国家、行业及团体标准数量,count,,,,M01_NOT_COLLECTED,主导或参与制定国际、国家、行业及团体标准数量；单位=项,科技创新部门,AUDITED_ENTERPRISE_DATA
NAT-048,B21,省级及以上研发机构数量,B,PARK_SURVEY_REQUIRED,国家级、省级重点实验室、工程研究中心、企业技术中心等创新平台数量,count,,,,M01_NOT_COLLECTED,国家级、省级重点实验室、工程研究中心、企业技术中心等创新平台数量；单位=个,科技创新部门,OFFICIAL_STATISTICS
NAT-048,B22,产学研用融合平台,B,ENTERPRISE_REQUIRED,与高校、科研院所共建的平台数量,count,,,,M01_NOT_COLLECTED,与高校、科研院所共建的平台数量；单位=个,科技创新部门,AUDITED_ENTERPRISE_DATA
NAT-048,B23,园区级以上中试基地,B,PARK_SURVEY_REQUIRED,已建成并投入运行的中试基地数量,count,,,,M01_NOT_COLLECTED,已建成并投入运行的中试基地数量；单位=是/否,科技创新部门,OFFICIAL_STATISTICS
NAT-048,B31,产学研合作程度,B,DEFINITION_PENDING,园区企业开展产学研合作项目情况,DEFINITION_PENDING,,,,M06_DEFINITION_UNCLEAR,园区企业开展产学研合作项目情况；单位=%,科技创新部门,OFFICIAL_STATISTICS
NAT-048,B32,技术引进,B,DEFINITION_PENDING,企业引进先进技术、成果转化情况,DEFINITION_PENDING,,,,M06_DEFINITION_UNCLEAR,企业引进先进技术、成果转化情况；单位=%,科技创新部门,OFFICIAL_STATISTICS
NAT-048,B41,科技成果转化率,B,ENTERPRISE_REQUIRED,科技成果产业化、转化实施情况,count,,,,M01_NOT_COLLECTED,科技成果产业化、转化实施情况；单位=%,科技创新部门,AUDITED_ENTERPRISE_DATA
NAT-048,B42,产业精细化率,B,MISSING,精细化工及高端化工产品占比,count,,,,M01_NOT_COLLECTED,精细化工及高端化工产品占比；单位=%,企业服务部门,OFFICIAL_STATISTICS
NAT-048,C11,危险化学品从业单位安全生产标准化建设,C,MISSING,园区危险化学品生产、经营、储存等企业安全生产标准化建设情况,—,,,,M01_NOT_COLLECTED,园区危险化学品生产、经营、储存等企业安全生产标准化建设情况；单位=%,应急与安全部门,OFFICIAL_STATISTICS
NAT-048,C12,安全风险等级,C,MISSING,园区整体安全风险等级评估结果,—,,,,M01_NOT_COLLECTED,园区整体安全风险等级评估结果；单位=等级,应急与安全部门,OFFICIAL_STATISTICS
NAT-048,C13,安全生产事故发生等级,C,MISSING,年度生产安全事故情况,—,,,,M01_NOT_COLLECTED,年度生产安全事故情况；单位=等级,应急与安全部门,OFFICIAL_STATISTICS
NAT-048,C21,大气环境质量达标率,C,MONITORING_REQUIRED,园区环境空气质量达标情况,%,,,,M01_NOT_COLLECTED,园区环境空气质量达标情况；单位=%,生态环境部门,MONITORING_EXPORT
NAT-048,C22,地表水环境质量达标率,C,MONITORING_REQUIRED,园区地表水断面达标情况,%,,,,M01_NOT_COLLECTED,园区地表水断面达标情况；单位=%,生态环境部门,MONITORING_EXPORT
NAT-048,C23,地下水质量达标率,C,MONITORING_REQUIRED,地下水监测点位达标情况,%,,,,M01_NOT_COLLECTED,地下水监测点位达标情况；单位=%,生态环境部门,MONITORING_EXPORT
NAT-048,C24,土壤质量达标率,C,MONITORING_REQUIRED,土壤环境质量监测达标情况,%,,,,M01_NOT_COLLECTED,土壤环境质量监测达标情况；单位=%,生态环境部门,MONITORING_EXPORT
NAT-048,C31,单位工业总产值COD排放量,C,MONITORING_REQUIRED,单位工业总产值化学需氧量排放量,t/100m CNY,,,,M01_NOT_COLLECTED,COD排放量；同年度工业总产值；统计边界,生态环境部门,MONITORING_EXPORT
NAT-048,C32,单位工业总产值氨氮排放量,C,MONITORING_REQUIRED,单位工业总产值氨氮排放量,t/100m CNY,,,,M01_NOT_COLLECTED,NH3-N排放量；同年度工业总产值；统计边界,生态环境部门,MONITORING_EXPORT
NAT-048,C33,单位工业总产值SO₂排放量,C,MONITORING_REQUIRED,单位工业总产值二氧化硫排放量,t/100m CNY,,,,M01_NOT_COLLECTED,SO2排放量；同年度工业总产值；统计边界,生态环境部门,MONITORING_EXPORT
NAT-048,C34,单位工业总产值氮氧化物排放量,C,MONITORING_REQUIRED,单位工业总产值NOx排放量,t/100m CNY,,,,M01_NOT_COLLECTED,NOx排放量；同年度工业总产值；统计边界,生态环境部门,MONITORING_EXPORT
NAT-048,C35,单位工业总产值VOCs排放量,C,DEFINITION_PENDING,单位工业总产值挥发性有机物排放量,DEFINITION_PENDING,,,,M06_DEFINITION_UNCLEAR,VOCs排放量；同年度工业总产值；人工锁定定义,生态环境部门,MONITORING_EXPORT
NAT-048,C41,单位工业总产值新鲜取水量,C,MONITORING_REQUIRED,每单位工业产值消耗的新鲜水资源,"m3/10,000 CNY",,,,M01_NOT_COLLECTED,新鲜水取用量；工业增加值；统计年度；统计边界,水务部门,MONITORING_EXPORT
NAT-048,C42,再生水（中水）回用率,C,MONITORING_REQUIRED,再生水利用比例,%,,,,M01_NOT_COLLECTED,再生水实际利用量；园区总用水量；统计年度；统计边界,水务部门,MONITORING_EXPORT
NAT-048,C51,单位工业增加值能耗削减率,C,MONITORING_REQUIRED,单位工业增加值综合能耗下降幅度,"tce/10,000 CNY",,,,M01_NOT_COLLECTED,综合能源消费量；工业增加值；统计年度；统计边界,能源与碳管理部门,MONITORING_EXPORT
NAT-048,C52,绿色电力使用,C,MONITORING_REQUIRED,绿色电力消费比例,"tCO2/10,000 CNY",,,,M01_NOT_COLLECTED,CO2排放量；工业增加值；统计年度；统计边界,能源与碳管理部门,MONITORING_EXPORT
NAT-048,C53,单位工业增加值CO₂排放量削减率,C,MONITORING_REQUIRED,单位工业增加值碳排放下降幅度,%,,,,M01_NOT_COLLECTED,单位工业增加值碳排放下降幅度；单位=%,能源与碳管理部门,OFFICIAL_STATISTICS
NAT-048,C54,绿色工厂示范企业数量,C,PARK_SURVEY_REQUIRED,国家级、省级绿色工厂数量,count,,,,M01_NOT_COLLECTED,国家级、省级绿色工厂数量；单位=个,企业服务部门,OFFICIAL_STATISTICS
NAT-048,C55,示范创建数量,C,PUBLIC_AVAILABLE,国家级、省级绿色园区、绿色供应链等示范创建数量,category,1,2025,S3E-0075,,国家级、省级绿色园区、绿色供应链等示范创建数量；单位=级别,园区综合管理部门,OFFICIAL_RECOGNITION
NAT-048,D11,化工园区智慧化水平,D,MISSING,园区智慧管理平台建设情况，包括安全、环保、能源、应急、封闭化管理、公共服务等智慧化系统建设及运行情况。,ordinal evidence level,,,,M01_NOT_COLLECTED,园区智慧管理平台建设情况，包括安全、环保、能源、应急、封闭化管理、公共服务等智慧化系统建设及运行情况。；单位=等级,智慧园区管理部门,MANAGEMENT_SYSTEM_RECORD
NAT-048,D21,省级及以上认定的智能工厂数量,D,PARK_SURVEY_REQUIRED,园区内获得国家级、省级智能工厂（或智能制造示范工厂）认定的企业数量。,%,,,,M01_NOT_COLLECTED,园区内获得国家级、省级智能工厂（或智能制造示范工厂）认定的企业数量。；单位=个,企业服务部门,OFFICIAL_STATISTICS
NAT-049,A11,规模以上工业企业工业总产值,A,PARK_SURVEY_REQUIRED,园区规模以上工业企业工业总产值（亿元）,100 million CNY,,,,M01_NOT_COLLECTED,园区规模以上工业企业工业总产值（亿元）；单位=亿元,经济运行与统计部门,OFFICIAL_STATISTICS
NAT-049,A12,规模以上工业企业工业总产值增长率,A,PARK_SURVEY_REQUIRED,当年规模以上工业企业工业总产值增长率（%）,CNY/person,,,,M01_NOT_COLLECTED,当年规模以上工业企业工业总产值增长率（%）；单位=%,经济运行与统计部门,OFFICIAL_STATISTICS
NAT-049,A21,规模以上工业企业利润率,A,ENTERPRISE_REQUIRED,利润总额/营业收入×100%,%,,,,M01_NOT_COLLECTED,利润总额/营业收入×100%；单位=%,企业服务部门,AUDITED_ENTERPRISE_DATA
NAT-049,A22,工业增加值增长率,A,PARK_SURVEY_REQUIRED,当年工业增加值增长率（%）,%,,,,M01_NOT_COLLECTED,当年工业增加值增长率（%）；单位=%,经济运行与统计部门,OFFICIAL_STATISTICS
NAT-049,A23,人均产值,A,ENTERPRISE_REQUIRED,工业总产值÷从业人员数量（万元/人）,%,,,,M01_NOT_COLLECTED,工业总产值÷从业人员数量（万元/人）；单位=万元/人,企业服务部门,AUDITED_ENTERPRISE_DATA
NAT-049,A31,亩均投资强度,A,PARK_SURVEY_REQUIRED,固定资产投资÷工业用地面积（万元/亩）,mu,,,,M01_NOT_COLLECTED,固定资产投资÷工业用地面积（万元/亩）；单位=万元/亩,经济运行与统计部门,OFFICIAL_STATISTICS
NAT-049,A32,亩均产值,A,PARK_SURVEY_REQUIRED,工业总产值÷工业用地面积（万元/亩）,"10,000 CNY/mu",,,,M01_NOT_COLLECTED,工业总产值÷工业用地面积（万元/亩）；单位=万元/亩,经济运行与统计部门,OFFICIAL_STATISTICS
NAT-049,A33,亩均税收,A,PARK_SURVEY_REQUIRED,税收收入÷工业用地面积（万元/亩）,%,,,,M01_NOT_COLLECTED,税收收入÷工业用地面积（万元/亩）；单位=万元/亩,经济运行与统计部门,OFFICIAL_STATISTICS
NAT-049,A41,原料内供率,A,ENTERPRISE_REQUIRED,园区内企业原料互供比例,%,,,,M01_NOT_COLLECTED,园区内企业原料互供比例；单位=%,企业服务部门,AUDITED_ENTERPRISE_DATA
NAT-049,B11,研发投入占主营业务收入的比重,B,ENTERPRISE_REQUIRED,园区规模以上工业企业研发经费支出占主营业务收入比例（%）,%,,,,M01_NOT_COLLECTED,园区规模以上工业企业研发经费支出占主营业务收入比例（%）；单位=%,科技创新部门,AUDITED_ENTERPRISE_DATA
NAT-049,B12,优质企业数量,B,PARK_SURVEY_REQUIRED,"国家级制造业单项冠军企业、专精特新""小巨人""企业、高新技术企业等数量",count,,,,M01_NOT_COLLECTED,"国家级制造业单项冠军企业、专精特新""小巨人""企业、高新技术企业等数量；单位=个",企业服务部门,OFFICIAL_STATISTICS
NAT-049,B13,上市公司所属企业数量,B,ENTERPRISE_REQUIRED,园区内上市公司及其控股企业数量,%,,,,M01_NOT_COLLECTED,园区内上市公司及其控股企业数量；单位=个,企业服务部门,AUDITED_ENTERPRISE_DATA
NAT-049,B14,发明专利数,B,ENTERPRISE_REQUIRED,园区企业拥有的有效发明专利数量,count,,,,M01_NOT_COLLECTED,园区企业拥有的有效发明专利数量；单位=个,科技创新部门,AUDITED_ENTERPRISE_DATA
NAT-049,B15,标准制定数,B,ENTERPRISE_REQUIRED,主导或参与制定国际、国家、行业及团体标准数量,count,,,,M01_NOT_COLLECTED,主导或参与制定国际、国家、行业及团体标准数量；单位=项,科技创新部门,AUDITED_ENTERPRISE_DATA
NAT-049,B21,省级及以上研发机构数量,B,PARK_SURVEY_REQUIRED,国家级、省级重点实验室、工程研究中心、企业技术中心等创新平台数量,count,,,,M01_NOT_COLLECTED,国家级、省级重点实验室、工程研究中心、企业技术中心等创新平台数量；单位=个,科技创新部门,OFFICIAL_STATISTICS
NAT-049,B22,产学研用融合平台,B,ENTERPRISE_REQUIRED,与高校、科研院所共建的平台数量,count,,,,M01_NOT_COLLECTED,与高校、科研院所共建的平台数量；单位=个,科技创新部门,AUDITED_ENTERPRISE_DATA
NAT-049,B23,园区级以上中试基地,B,PARK_SURVEY_REQUIRED,已建成并投入运行的中试基地数量,count,,,,M01_NOT_COLLECTED,已建成并投入运行的中试基地数量；单位=是/否,科技创新部门,OFFICIAL_STATISTICS
NAT-049,B31,产学研合作程度,B,DEFINITION_PENDING,园区企业开展产学研合作项目情况,DEFINITION_PENDING,,,,M06_DEFINITION_UNCLEAR,园区企业开展产学研合作项目情况；单位=%,科技创新部门,OFFICIAL_STATISTICS
NAT-049,B32,技术引进,B,DEFINITION_PENDING,企业引进先进技术、成果转化情况,DEFINITION_PENDING,,,,M06_DEFINITION_UNCLEAR,企业引进先进技术、成果转化情况；单位=%,科技创新部门,OFFICIAL_STATISTICS
NAT-049,B41,科技成果转化率,B,ENTERPRISE_REQUIRED,科技成果产业化、转化实施情况,count,,,,M01_NOT_COLLECTED,科技成果产业化、转化实施情况；单位=%,科技创新部门,AUDITED_ENTERPRISE_DATA
NAT-049,B42,产业精细化率,B,MISSING,精细化工及高端化工产品占比,count,,,,M01_NOT_COLLECTED,精细化工及高端化工产品占比；单位=%,企业服务部门,OFFICIAL_STATISTICS
NAT-049,C11,危险化学品从业单位安全生产标准化建设,C,MISSING,园区危险化学品生产、经营、储存等企业安全生产标准化建设情况,—,,,,M01_NOT_COLLECTED,园区危险化学品生产、经营、储存等企业安全生产标准化建设情况；单位=%,应急与安全部门,OFFICIAL_STATISTICS
NAT-049,C12,安全风险等级,C,MISSING,园区整体安全风险等级评估结果,—,,,,M01_NOT_COLLECTED,园区整体安全风险等级评估结果；单位=等级,应急与安全部门,OFFICIAL_STATISTICS
NAT-049,C13,安全生产事故发生等级,C,MISSING,年度生产安全事故情况,—,,,,M01_NOT_COLLECTED,年度生产安全事故情况；单位=等级,应急与安全部门,OFFICIAL_STATISTICS
NAT-049,C21,大气环境质量达标率,C,MONITORING_REQUIRED,园区环境空气质量达标情况,%,,,,M01_NOT_COLLECTED,园区环境空气质量达标情况；单位=%,生态环境部门,MONITORING_EXPORT
NAT-049,C22,地表水环境质量达标率,C,MONITORING_REQUIRED,园区地表水断面达标情况,%,,,,M01_NOT_COLLECTED,园区地表水断面达标情况；单位=%,生态环境部门,MONITORING_EXPORT
NAT-049,C23,地下水质量达标率,C,MONITORING_REQUIRED,地下水监测点位达标情况,%,,,,M01_NOT_COLLECTED,地下水监测点位达标情况；单位=%,生态环境部门,MONITORING_EXPORT
NAT-049,C24,土壤质量达标率,C,MONITORING_REQUIRED,土壤环境质量监测达标情况,%,,,,M01_NOT_COLLECTED,土壤环境质量监测达标情况；单位=%,生态环境部门,MONITORING_EXPORT
NAT-049,C31,单位工业总产值COD排放量,C,MONITORING_REQUIRED,单位工业总产值化学需氧量排放量,t/100m CNY,,,,M01_NOT_COLLECTED,COD排放量；同年度工业总产值；统计边界,生态环境部门,MONITORING_EXPORT
NAT-049,C32,单位工业总产值氨氮排放量,C,MONITORING_REQUIRED,单位工业总产值氨氮排放量,t/100m CNY,,,,M01_NOT_COLLECTED,NH3-N排放量；同年度工业总产值；统计边界,生态环境部门,MONITORING_EXPORT
NAT-049,C33,单位工业总产值SO₂排放量,C,MONITORING_REQUIRED,单位工业总产值二氧化硫排放量,t/100m CNY,,,,M01_NOT_COLLECTED,SO2排放量；同年度工业总产值；统计边界,生态环境部门,MONITORING_EXPORT
NAT-049,C34,单位工业总产值氮氧化物排放量,C,MONITORING_REQUIRED,单位工业总产值NOx排放量,t/100m CNY,,,,M01_NOT_COLLECTED,NOx排放量；同年度工业总产值；统计边界,生态环境部门,MONITORING_EXPORT
NAT-049,C35,单位工业总产值VOCs排放量,C,DEFINITION_PENDING,单位工业总产值挥发性有机物排放量,DEFINITION_PENDING,,,,M06_DEFINITION_UNCLEAR,VOCs排放量；同年度工业总产值；人工锁定定义,生态环境部门,MONITORING_EXPORT
NAT-049,C41,单位工业总产值新鲜取水量,C,MONITORING_REQUIRED,每单位工业产值消耗的新鲜水资源,"m3/10,000 CNY",,,,M01_NOT_COLLECTED,新鲜水取用量；工业增加值；统计年度；统计边界,水务部门,MONITORING_EXPORT
NAT-049,C42,再生水（中水）回用率,C,MONITORING_REQUIRED,再生水利用比例,%,,,,M01_NOT_COLLECTED,再生水实际利用量；园区总用水量；统计年度；统计边界,水务部门,MONITORING_EXPORT
NAT-049,C51,单位工业增加值能耗削减率,C,MONITORING_REQUIRED,单位工业增加值综合能耗下降幅度,"tce/10,000 CNY",,,,M01_NOT_COLLECTED,综合能源消费量；工业增加值；统计年度；统计边界,能源与碳管理部门,MONITORING_EXPORT
NAT-049,C52,绿色电力使用,C,MONITORING_REQUIRED,绿色电力消费比例,"tCO2/10,000 CNY",,,,M01_NOT_COLLECTED,CO2排放量；工业增加值；统计年度；统计边界,能源与碳管理部门,MONITORING_EXPORT
NAT-049,C53,单位工业增加值CO₂排放量削减率,C,MONITORING_REQUIRED,单位工业增加值碳排放下降幅度,%,,,,M01_NOT_COLLECTED,单位工业增加值碳排放下降幅度；单位=%,能源与碳管理部门,OFFICIAL_STATISTICS
NAT-049,C54,绿色工厂示范企业数量,C,PARK_SURVEY_REQUIRED,国家级、省级绿色工厂数量,count,,,,M01_NOT_COLLECTED,国家级、省级绿色工厂数量；单位=个,企业服务部门,OFFICIAL_STATISTICS
NAT-049,C55,示范创建数量,C,PUBLIC_AVAILABLE,国家级、省级绿色园区、绿色供应链等示范创建数量,category,1,2025,S3E-0076,,国家级、省级绿色园区、绿色供应链等示范创建数量；单位=级别,园区综合管理部门,OFFICIAL_RECOGNITION
NAT-049,D11,化工园区智慧化水平,D,MISSING,园区智慧管理平台建设情况，包括安全、环保、能源、应急、封闭化管理、公共服务等智慧化系统建设及运行情况。,ordinal evidence level,,,,M01_NOT_COLLECTED,园区智慧管理平台建设情况，包括安全、环保、能源、应急、封闭化管理、公共服务等智慧化系统建设及运行情况。；单位=等级,智慧园区管理部门,MANAGEMENT_SYSTEM_RECORD
NAT-049,D21,省级及以上认定的智能工厂数量,D,PARK_SURVEY_REQUIRED,园区内获得国家级、省级智能工厂（或智能制造示范工厂）认定的企业数量。,%,,,,M01_NOT_COLLECTED,园区内获得国家级、省级智能工厂（或智能制造示范工厂）认定的企业数量。；单位=个,企业服务部门,OFFICIAL_STATISTICS
NAT-050,A11,规模以上工业企业工业总产值,A,PARK_SURVEY_REQUIRED,园区规模以上工业企业工业总产值（亿元）,100 million CNY,,,,M01_NOT_COLLECTED,园区规模以上工业企业工业总产值（亿元）；单位=亿元,经济运行与统计部门,OFFICIAL_STATISTICS
NAT-050,A12,规模以上工业企业工业总产值增长率,A,PARK_SURVEY_REQUIRED,当年规模以上工业企业工业总产值增长率（%）,CNY/person,,,,M01_NOT_COLLECTED,当年规模以上工业企业工业总产值增长率（%）；单位=%,经济运行与统计部门,OFFICIAL_STATISTICS
NAT-050,A21,规模以上工业企业利润率,A,ENTERPRISE_REQUIRED,利润总额/营业收入×100%,%,,,,M01_NOT_COLLECTED,利润总额/营业收入×100%；单位=%,企业服务部门,AUDITED_ENTERPRISE_DATA
NAT-050,A22,工业增加值增长率,A,PARK_SURVEY_REQUIRED,当年工业增加值增长率（%）,%,,,,M01_NOT_COLLECTED,当年工业增加值增长率（%）；单位=%,经济运行与统计部门,OFFICIAL_STATISTICS
NAT-050,A23,人均产值,A,ENTERPRISE_REQUIRED,工业总产值÷从业人员数量（万元/人）,%,,,,M01_NOT_COLLECTED,工业总产值÷从业人员数量（万元/人）；单位=万元/人,企业服务部门,AUDITED_ENTERPRISE_DATA
NAT-050,A31,亩均投资强度,A,PARK_SURVEY_REQUIRED,固定资产投资÷工业用地面积（万元/亩）,mu,,,,M01_NOT_COLLECTED,固定资产投资÷工业用地面积（万元/亩）；单位=万元/亩,经济运行与统计部门,OFFICIAL_STATISTICS
NAT-050,A32,亩均产值,A,PARK_SURVEY_REQUIRED,工业总产值÷工业用地面积（万元/亩）,"10,000 CNY/mu",,,,M01_NOT_COLLECTED,工业总产值÷工业用地面积（万元/亩）；单位=万元/亩,经济运行与统计部门,OFFICIAL_STATISTICS
NAT-050,A33,亩均税收,A,PARK_SURVEY_REQUIRED,税收收入÷工业用地面积（万元/亩）,%,,,,M01_NOT_COLLECTED,税收收入÷工业用地面积（万元/亩）；单位=万元/亩,经济运行与统计部门,OFFICIAL_STATISTICS
NAT-050,A41,原料内供率,A,ENTERPRISE_REQUIRED,园区内企业原料互供比例,%,,,,M01_NOT_COLLECTED,园区内企业原料互供比例；单位=%,企业服务部门,AUDITED_ENTERPRISE_DATA
NAT-050,B11,研发投入占主营业务收入的比重,B,ENTERPRISE_REQUIRED,园区规模以上工业企业研发经费支出占主营业务收入比例（%）,%,,,,M01_NOT_COLLECTED,园区规模以上工业企业研发经费支出占主营业务收入比例（%）；单位=%,科技创新部门,AUDITED_ENTERPRISE_DATA
NAT-050,B12,优质企业数量,B,PARK_SURVEY_REQUIRED,"国家级制造业单项冠军企业、专精特新""小巨人""企业、高新技术企业等数量",count,,,,M01_NOT_COLLECTED,"国家级制造业单项冠军企业、专精特新""小巨人""企业、高新技术企业等数量；单位=个",企业服务部门,OFFICIAL_STATISTICS
NAT-050,B13,上市公司所属企业数量,B,ENTERPRISE_REQUIRED,园区内上市公司及其控股企业数量,%,,,,M01_NOT_COLLECTED,园区内上市公司及其控股企业数量；单位=个,企业服务部门,AUDITED_ENTERPRISE_DATA
NAT-050,B14,发明专利数,B,ENTERPRISE_REQUIRED,园区企业拥有的有效发明专利数量,count,,,,M01_NOT_COLLECTED,园区企业拥有的有效发明专利数量；单位=个,科技创新部门,AUDITED_ENTERPRISE_DATA
NAT-050,B15,标准制定数,B,ENTERPRISE_REQUIRED,主导或参与制定国际、国家、行业及团体标准数量,count,,,,M01_NOT_COLLECTED,主导或参与制定国际、国家、行业及团体标准数量；单位=项,科技创新部门,AUDITED_ENTERPRISE_DATA
NAT-050,B21,省级及以上研发机构数量,B,PARK_SURVEY_REQUIRED,国家级、省级重点实验室、工程研究中心、企业技术中心等创新平台数量,count,,,,M01_NOT_COLLECTED,国家级、省级重点实验室、工程研究中心、企业技术中心等创新平台数量；单位=个,科技创新部门,OFFICIAL_STATISTICS
NAT-050,B22,产学研用融合平台,B,ENTERPRISE_REQUIRED,与高校、科研院所共建的平台数量,count,,,,M01_NOT_COLLECTED,与高校、科研院所共建的平台数量；单位=个,科技创新部门,AUDITED_ENTERPRISE_DATA
NAT-050,B23,园区级以上中试基地,B,PARK_SURVEY_REQUIRED,已建成并投入运行的中试基地数量,count,,,,M01_NOT_COLLECTED,已建成并投入运行的中试基地数量；单位=是/否,科技创新部门,OFFICIAL_STATISTICS
NAT-050,B31,产学研合作程度,B,DEFINITION_PENDING,园区企业开展产学研合作项目情况,DEFINITION_PENDING,,,,M06_DEFINITION_UNCLEAR,园区企业开展产学研合作项目情况；单位=%,科技创新部门,OFFICIAL_STATISTICS
NAT-050,B32,技术引进,B,DEFINITION_PENDING,企业引进先进技术、成果转化情况,DEFINITION_PENDING,,,,M06_DEFINITION_UNCLEAR,企业引进先进技术、成果转化情况；单位=%,科技创新部门,OFFICIAL_STATISTICS
NAT-050,B41,科技成果转化率,B,ENTERPRISE_REQUIRED,科技成果产业化、转化实施情况,count,,,,M01_NOT_COLLECTED,科技成果产业化、转化实施情况；单位=%,科技创新部门,AUDITED_ENTERPRISE_DATA
NAT-050,B42,产业精细化率,B,MISSING,精细化工及高端化工产品占比,count,,,,M01_NOT_COLLECTED,精细化工及高端化工产品占比；单位=%,企业服务部门,OFFICIAL_STATISTICS
NAT-050,C11,危险化学品从业单位安全生产标准化建设,C,MISSING,园区危险化学品生产、经营、储存等企业安全生产标准化建设情况,—,,,,M01_NOT_COLLECTED,园区危险化学品生产、经营、储存等企业安全生产标准化建设情况；单位=%,应急与安全部门,OFFICIAL_STATISTICS
NAT-050,C12,安全风险等级,C,MISSING,园区整体安全风险等级评估结果,—,,,,M01_NOT_COLLECTED,园区整体安全风险等级评估结果；单位=等级,应急与安全部门,OFFICIAL_STATISTICS
NAT-050,C13,安全生产事故发生等级,C,MISSING,年度生产安全事故情况,—,,,,M01_NOT_COLLECTED,年度生产安全事故情况；单位=等级,应急与安全部门,OFFICIAL_STATISTICS
NAT-050,C21,大气环境质量达标率,C,MONITORING_REQUIRED,园区环境空气质量达标情况,%,,,,M01_NOT_COLLECTED,园区环境空气质量达标情况；单位=%,生态环境部门,MONITORING_EXPORT
NAT-050,C22,地表水环境质量达标率,C,MONITORING_REQUIRED,园区地表水断面达标情况,%,,,,M01_NOT_COLLECTED,园区地表水断面达标情况；单位=%,生态环境部门,MONITORING_EXPORT
NAT-050,C23,地下水质量达标率,C,MONITORING_REQUIRED,地下水监测点位达标情况,%,,,,M01_NOT_COLLECTED,地下水监测点位达标情况；单位=%,生态环境部门,MONITORING_EXPORT
NAT-050,C24,土壤质量达标率,C,MONITORING_REQUIRED,土壤环境质量监测达标情况,%,,,,M01_NOT_COLLECTED,土壤环境质量监测达标情况；单位=%,生态环境部门,MONITORING_EXPORT
NAT-050,C31,单位工业总产值COD排放量,C,MONITORING_REQUIRED,单位工业总产值化学需氧量排放量,t/100m CNY,,,,M01_NOT_COLLECTED,COD排放量；同年度工业总产值；统计边界,生态环境部门,MONITORING_EXPORT
NAT-050,C32,单位工业总产值氨氮排放量,C,MONITORING_REQUIRED,单位工业总产值氨氮排放量,t/100m CNY,,,,M01_NOT_COLLECTED,NH3-N排放量；同年度工业总产值；统计边界,生态环境部门,MONITORING_EXPORT
NAT-050,C33,单位工业总产值SO₂排放量,C,MONITORING_REQUIRED,单位工业总产值二氧化硫排放量,t/100m CNY,,,,M01_NOT_COLLECTED,SO2排放量；同年度工业总产值；统计边界,生态环境部门,MONITORING_EXPORT
NAT-050,C34,单位工业总产值氮氧化物排放量,C,MONITORING_REQUIRED,单位工业总产值NOx排放量,t/100m CNY,,,,M01_NOT_COLLECTED,NOx排放量；同年度工业总产值；统计边界,生态环境部门,MONITORING_EXPORT
NAT-050,C35,单位工业总产值VOCs排放量,C,DEFINITION_PENDING,单位工业总产值挥发性有机物排放量,DEFINITION_PENDING,,,,M06_DEFINITION_UNCLEAR,VOCs排放量；同年度工业总产值；人工锁定定义,生态环境部门,MONITORING_EXPORT
NAT-050,C41,单位工业总产值新鲜取水量,C,MONITORING_REQUIRED,每单位工业产值消耗的新鲜水资源,"m3/10,000 CNY",,,,M01_NOT_COLLECTED,新鲜水取用量；工业增加值；统计年度；统计边界,水务部门,MONITORING_EXPORT
NAT-050,C42,再生水（中水）回用率,C,MONITORING_REQUIRED,再生水利用比例,%,,,,M01_NOT_COLLECTED,再生水实际利用量；园区总用水量；统计年度；统计边界,水务部门,MONITORING_EXPORT
NAT-050,C51,单位工业增加值能耗削减率,C,MONITORING_REQUIRED,单位工业增加值综合能耗下降幅度,"tce/10,000 CNY",,,,M01_NOT_COLLECTED,综合能源消费量；工业增加值；统计年度；统计边界,能源与碳管理部门,MONITORING_EXPORT
NAT-050,C52,绿色电力使用,C,MONITORING_REQUIRED,绿色电力消费比例,"tCO2/10,000 CNY",,,,M01_NOT_COLLECTED,CO2排放量；工业增加值；统计年度；统计边界,能源与碳管理部门,MONITORING_EXPORT
NAT-050,C53,单位工业增加值CO₂排放量削减率,C,MONITORING_REQUIRED,单位工业增加值碳排放下降幅度,%,,,,M01_NOT_COLLECTED,单位工业增加值碳排放下降幅度；单位=%,能源与碳管理部门,OFFICIAL_STATISTICS
NAT-050,C54,绿色工厂示范企业数量,C,PARK_SURVEY_REQUIRED,国家级、省级绿色工厂数量,count,,,,M01_NOT_COLLECTED,国家级、省级绿色工厂数量；单位=个,企业服务部门,OFFICIAL_STATISTICS
NAT-050,C55,示范创建数量,C,PUBLIC_AVAILABLE,国家级、省级绿色园区、绿色供应链等示范创建数量,category,1,2025,S3E-0077,,国家级、省级绿色园区、绿色供应链等示范创建数量；单位=级别,园区综合管理部门,OFFICIAL_RECOGNITION
NAT-050,D11,化工园区智慧化水平,D,MISSING,园区智慧管理平台建设情况，包括安全、环保、能源、应急、封闭化管理、公共服务等智慧化系统建设及运行情况。,ordinal evidence level,,,,M01_NOT_COLLECTED,园区智慧管理平台建设情况，包括安全、环保、能源、应急、封闭化管理、公共服务等智慧化系统建设及运行情况。；单位=等级,智慧园区管理部门,MANAGEMENT_SYSTEM_RECORD
NAT-050,D21,省级及以上认定的智能工厂数量,D,PARK_SURVEY_REQUIRED,园区内获得国家级、省级智能工厂（或智能制造示范工厂）认定的企业数量。,%,,,,M01_NOT_COLLECTED,园区内获得国家级、省级智能工厂（或智能制造示范工厂）认定的企业数量。；单位=个,企业服务部门,OFFICIAL_STATISTICS
NAT-051,A11,规模以上工业企业工业总产值,A,PARK_SURVEY_REQUIRED,园区规模以上工业企业工业总产值（亿元）,100 million CNY,,,,M01_NOT_COLLECTED,园区规模以上工业企业工业总产值（亿元）；单位=亿元,经济运行与统计部门,OFFICIAL_STATISTICS
NAT-051,A12,规模以上工业企业工业总产值增长率,A,PARK_SURVEY_REQUIRED,当年规模以上工业企业工业总产值增长率（%）,CNY/person,,,,M01_NOT_COLLECTED,当年规模以上工业企业工业总产值增长率（%）；单位=%,经济运行与统计部门,OFFICIAL_STATISTICS
NAT-051,A21,规模以上工业企业利润率,A,ENTERPRISE_REQUIRED,利润总额/营业收入×100%,%,,,,M01_NOT_COLLECTED,利润总额/营业收入×100%；单位=%,企业服务部门,AUDITED_ENTERPRISE_DATA
NAT-051,A22,工业增加值增长率,A,PARK_SURVEY_REQUIRED,当年工业增加值增长率（%）,%,,,,M01_NOT_COLLECTED,当年工业增加值增长率（%）；单位=%,经济运行与统计部门,OFFICIAL_STATISTICS
NAT-051,A23,人均产值,A,ENTERPRISE_REQUIRED,工业总产值÷从业人员数量（万元/人）,%,,,,M01_NOT_COLLECTED,工业总产值÷从业人员数量（万元/人）；单位=万元/人,企业服务部门,AUDITED_ENTERPRISE_DATA
NAT-051,A31,亩均投资强度,A,PARK_SURVEY_REQUIRED,固定资产投资÷工业用地面积（万元/亩）,mu,,,,M01_NOT_COLLECTED,固定资产投资÷工业用地面积（万元/亩）；单位=万元/亩,经济运行与统计部门,OFFICIAL_STATISTICS
NAT-051,A32,亩均产值,A,PARK_SURVEY_REQUIRED,工业总产值÷工业用地面积（万元/亩）,"10,000 CNY/mu",,,,M01_NOT_COLLECTED,工业总产值÷工业用地面积（万元/亩）；单位=万元/亩,经济运行与统计部门,OFFICIAL_STATISTICS
NAT-051,A33,亩均税收,A,PARK_SURVEY_REQUIRED,税收收入÷工业用地面积（万元/亩）,%,,,,M01_NOT_COLLECTED,税收收入÷工业用地面积（万元/亩）；单位=万元/亩,经济运行与统计部门,OFFICIAL_STATISTICS
NAT-051,A41,原料内供率,A,ENTERPRISE_REQUIRED,园区内企业原料互供比例,%,,,,M01_NOT_COLLECTED,园区内企业原料互供比例；单位=%,企业服务部门,AUDITED_ENTERPRISE_DATA
NAT-051,B11,研发投入占主营业务收入的比重,B,ENTERPRISE_REQUIRED,园区规模以上工业企业研发经费支出占主营业务收入比例（%）,%,,,,M01_NOT_COLLECTED,园区规模以上工业企业研发经费支出占主营业务收入比例（%）；单位=%,科技创新部门,AUDITED_ENTERPRISE_DATA
NAT-051,B12,优质企业数量,B,PARK_SURVEY_REQUIRED,"国家级制造业单项冠军企业、专精特新""小巨人""企业、高新技术企业等数量",count,,,,M01_NOT_COLLECTED,"国家级制造业单项冠军企业、专精特新""小巨人""企业、高新技术企业等数量；单位=个",企业服务部门,OFFICIAL_STATISTICS
NAT-051,B13,上市公司所属企业数量,B,ENTERPRISE_REQUIRED,园区内上市公司及其控股企业数量,%,,,,M01_NOT_COLLECTED,园区内上市公司及其控股企业数量；单位=个,企业服务部门,AUDITED_ENTERPRISE_DATA
NAT-051,B14,发明专利数,B,ENTERPRISE_REQUIRED,园区企业拥有的有效发明专利数量,count,,,,M01_NOT_COLLECTED,园区企业拥有的有效发明专利数量；单位=个,科技创新部门,AUDITED_ENTERPRISE_DATA
NAT-051,B15,标准制定数,B,ENTERPRISE_REQUIRED,主导或参与制定国际、国家、行业及团体标准数量,count,,,,M01_NOT_COLLECTED,主导或参与制定国际、国家、行业及团体标准数量；单位=项,科技创新部门,AUDITED_ENTERPRISE_DATA
NAT-051,B21,省级及以上研发机构数量,B,PARK_SURVEY_REQUIRED,国家级、省级重点实验室、工程研究中心、企业技术中心等创新平台数量,count,,,,M01_NOT_COLLECTED,国家级、省级重点实验室、工程研究中心、企业技术中心等创新平台数量；单位=个,科技创新部门,OFFICIAL_STATISTICS
NAT-051,B22,产学研用融合平台,B,ENTERPRISE_REQUIRED,与高校、科研院所共建的平台数量,count,,,,M01_NOT_COLLECTED,与高校、科研院所共建的平台数量；单位=个,科技创新部门,AUDITED_ENTERPRISE_DATA
NAT-051,B23,园区级以上中试基地,B,PARK_SURVEY_REQUIRED,已建成并投入运行的中试基地数量,count,,,,M01_NOT_COLLECTED,已建成并投入运行的中试基地数量；单位=是/否,科技创新部门,OFFICIAL_STATISTICS
NAT-051,B31,产学研合作程度,B,DEFINITION_PENDING,园区企业开展产学研合作项目情况,DEFINITION_PENDING,,,,M06_DEFINITION_UNCLEAR,园区企业开展产学研合作项目情况；单位=%,科技创新部门,OFFICIAL_STATISTICS
NAT-051,B32,技术引进,B,DEFINITION_PENDING,企业引进先进技术、成果转化情况,DEFINITION_PENDING,,,,M06_DEFINITION_UNCLEAR,企业引进先进技术、成果转化情况；单位=%,科技创新部门,OFFICIAL_STATISTICS
NAT-051,B41,科技成果转化率,B,ENTERPRISE_REQUIRED,科技成果产业化、转化实施情况,count,,,,M01_NOT_COLLECTED,科技成果产业化、转化实施情况；单位=%,科技创新部门,AUDITED_ENTERPRISE_DATA
NAT-051,B42,产业精细化率,B,MISSING,精细化工及高端化工产品占比,count,,,,M01_NOT_COLLECTED,精细化工及高端化工产品占比；单位=%,企业服务部门,OFFICIAL_STATISTICS
NAT-051,C11,危险化学品从业单位安全生产标准化建设,C,MISSING,园区危险化学品生产、经营、储存等企业安全生产标准化建设情况,—,,,,M01_NOT_COLLECTED,园区危险化学品生产、经营、储存等企业安全生产标准化建设情况；单位=%,应急与安全部门,OFFICIAL_STATISTICS
NAT-051,C12,安全风险等级,C,MISSING,园区整体安全风险等级评估结果,—,,,,M01_NOT_COLLECTED,园区整体安全风险等级评估结果；单位=等级,应急与安全部门,OFFICIAL_STATISTICS
NAT-051,C13,安全生产事故发生等级,C,MISSING,年度生产安全事故情况,—,,,,M01_NOT_COLLECTED,年度生产安全事故情况；单位=等级,应急与安全部门,OFFICIAL_STATISTICS
NAT-051,C21,大气环境质量达标率,C,MONITORING_REQUIRED,园区环境空气质量达标情况,%,,,,M01_NOT_COLLECTED,园区环境空气质量达标情况；单位=%,生态环境部门,MONITORING_EXPORT
NAT-051,C22,地表水环境质量达标率,C,MONITORING_REQUIRED,园区地表水断面达标情况,%,,,,M01_NOT_COLLECTED,园区地表水断面达标情况；单位=%,生态环境部门,MONITORING_EXPORT
NAT-051,C23,地下水质量达标率,C,MONITORING_REQUIRED,地下水监测点位达标情况,%,,,,M01_NOT_COLLECTED,地下水监测点位达标情况；单位=%,生态环境部门,MONITORING_EXPORT
NAT-051,C24,土壤质量达标率,C,MONITORING_REQUIRED,土壤环境质量监测达标情况,%,,,,M01_NOT_COLLECTED,土壤环境质量监测达标情况；单位=%,生态环境部门,MONITORING_EXPORT
NAT-051,C31,单位工业总产值COD排放量,C,MONITORING_REQUIRED,单位工业总产值化学需氧量排放量,t/100m CNY,,,,M01_NOT_COLLECTED,COD排放量；同年度工业总产值；统计边界,生态环境部门,MONITORING_EXPORT
NAT-051,C32,单位工业总产值氨氮排放量,C,MONITORING_REQUIRED,单位工业总产值氨氮排放量,t/100m CNY,,,,M01_NOT_COLLECTED,NH3-N排放量；同年度工业总产值；统计边界,生态环境部门,MONITORING_EXPORT
NAT-051,C33,单位工业总产值SO₂排放量,C,MONITORING_REQUIRED,单位工业总产值二氧化硫排放量,t/100m CNY,,,,M01_NOT_COLLECTED,SO2排放量；同年度工业总产值；统计边界,生态环境部门,MONITORING_EXPORT
NAT-051,C34,单位工业总产值氮氧化物排放量,C,MONITORING_REQUIRED,单位工业总产值NOx排放量,t/100m CNY,,,,M01_NOT_COLLECTED,NOx排放量；同年度工业总产值；统计边界,生态环境部门,MONITORING_EXPORT
NAT-051,C35,单位工业总产值VOCs排放量,C,DEFINITION_PENDING,单位工业总产值挥发性有机物排放量,DEFINITION_PENDING,,,,M06_DEFINITION_UNCLEAR,VOCs排放量；同年度工业总产值；人工锁定定义,生态环境部门,MONITORING_EXPORT
NAT-051,C41,单位工业总产值新鲜取水量,C,MONITORING_REQUIRED,每单位工业产值消耗的新鲜水资源,"m3/10,000 CNY",,,,M01_NOT_COLLECTED,新鲜水取用量；工业增加值；统计年度；统计边界,水务部门,MONITORING_EXPORT
NAT-051,C42,再生水（中水）回用率,C,MONITORING_REQUIRED,再生水利用比例,%,,,,M01_NOT_COLLECTED,再生水实际利用量；园区总用水量；统计年度；统计边界,水务部门,MONITORING_EXPORT
NAT-051,C51,单位工业增加值能耗削减率,C,MONITORING_REQUIRED,单位工业增加值综合能耗下降幅度,"tce/10,000 CNY",,,,M01_NOT_COLLECTED,综合能源消费量；工业增加值；统计年度；统计边界,能源与碳管理部门,MONITORING_EXPORT
NAT-051,C52,绿色电力使用,C,MONITORING_REQUIRED,绿色电力消费比例,"tCO2/10,000 CNY",,,,M01_NOT_COLLECTED,CO2排放量；工业增加值；统计年度；统计边界,能源与碳管理部门,MONITORING_EXPORT
NAT-051,C53,单位工业增加值CO₂排放量削减率,C,MONITORING_REQUIRED,单位工业增加值碳排放下降幅度,%,,,,M01_NOT_COLLECTED,单位工业增加值碳排放下降幅度；单位=%,能源与碳管理部门,OFFICIAL_STATISTICS
NAT-051,C54,绿色工厂示范企业数量,C,PARK_SURVEY_REQUIRED,国家级、省级绿色工厂数量,count,,,,M01_NOT_COLLECTED,国家级、省级绿色工厂数量；单位=个,企业服务部门,OFFICIAL_STATISTICS
NAT-051,C55,示范创建数量,C,PUBLIC_AVAILABLE,国家级、省级绿色园区、绿色供应链等示范创建数量,category,1,2025,S3E-0078,,国家级、省级绿色园区、绿色供应链等示范创建数量；单位=级别,园区综合管理部门,OFFICIAL_RECOGNITION
NAT-051,D11,化工园区智慧化水平,D,MISSING,园区智慧管理平台建设情况，包括安全、环保、能源、应急、封闭化管理、公共服务等智慧化系统建设及运行情况。,ordinal evidence level,,,,M01_NOT_COLLECTED,园区智慧管理平台建设情况，包括安全、环保、能源、应急、封闭化管理、公共服务等智慧化系统建设及运行情况。；单位=等级,智慧园区管理部门,MANAGEMENT_SYSTEM_RECORD
NAT-051,D21,省级及以上认定的智能工厂数量,D,PARK_SURVEY_REQUIRED,园区内获得国家级、省级智能工厂（或智能制造示范工厂）认定的企业数量。,%,,,,M01_NOT_COLLECTED,园区内获得国家级、省级智能工厂（或智能制造示范工厂）认定的企业数量。；单位=个,企业服务部门,OFFICIAL_STATISTICS
NAT-052,A11,规模以上工业企业工业总产值,A,PARK_SURVEY_REQUIRED,园区规模以上工业企业工业总产值（亿元）,100 million CNY,,,,M01_NOT_COLLECTED,园区规模以上工业企业工业总产值（亿元）；单位=亿元,经济运行与统计部门,OFFICIAL_STATISTICS
NAT-052,A12,规模以上工业企业工业总产值增长率,A,PARK_SURVEY_REQUIRED,当年规模以上工业企业工业总产值增长率（%）,CNY/person,,,,M01_NOT_COLLECTED,当年规模以上工业企业工业总产值增长率（%）；单位=%,经济运行与统计部门,OFFICIAL_STATISTICS
NAT-052,A21,规模以上工业企业利润率,A,ENTERPRISE_REQUIRED,利润总额/营业收入×100%,%,,,,M01_NOT_COLLECTED,利润总额/营业收入×100%；单位=%,企业服务部门,AUDITED_ENTERPRISE_DATA
NAT-052,A22,工业增加值增长率,A,PARK_SURVEY_REQUIRED,当年工业增加值增长率（%）,%,,,,M01_NOT_COLLECTED,当年工业增加值增长率（%）；单位=%,经济运行与统计部门,OFFICIAL_STATISTICS
NAT-052,A23,人均产值,A,ENTERPRISE_REQUIRED,工业总产值÷从业人员数量（万元/人）,%,,,,M01_NOT_COLLECTED,工业总产值÷从业人员数量（万元/人）；单位=万元/人,企业服务部门,AUDITED_ENTERPRISE_DATA
NAT-052,A31,亩均投资强度,A,PARK_SURVEY_REQUIRED,固定资产投资÷工业用地面积（万元/亩）,mu,,,,M01_NOT_COLLECTED,固定资产投资÷工业用地面积（万元/亩）；单位=万元/亩,经济运行与统计部门,OFFICIAL_STATISTICS
NAT-052,A32,亩均产值,A,PARK_SURVEY_REQUIRED,工业总产值÷工业用地面积（万元/亩）,"10,000 CNY/mu",,,,M01_NOT_COLLECTED,工业总产值÷工业用地面积（万元/亩）；单位=万元/亩,经济运行与统计部门,OFFICIAL_STATISTICS
NAT-052,A33,亩均税收,A,PARK_SURVEY_REQUIRED,税收收入÷工业用地面积（万元/亩）,%,,,,M01_NOT_COLLECTED,税收收入÷工业用地面积（万元/亩）；单位=万元/亩,经济运行与统计部门,OFFICIAL_STATISTICS
NAT-052,A41,原料内供率,A,ENTERPRISE_REQUIRED,园区内企业原料互供比例,%,,,,M01_NOT_COLLECTED,园区内企业原料互供比例；单位=%,企业服务部门,AUDITED_ENTERPRISE_DATA
NAT-052,B11,研发投入占主营业务收入的比重,B,ENTERPRISE_REQUIRED,园区规模以上工业企业研发经费支出占主营业务收入比例（%）,%,,,,M01_NOT_COLLECTED,园区规模以上工业企业研发经费支出占主营业务收入比例（%）；单位=%,科技创新部门,AUDITED_ENTERPRISE_DATA
NAT-052,B12,优质企业数量,B,PARK_SURVEY_REQUIRED,"国家级制造业单项冠军企业、专精特新""小巨人""企业、高新技术企业等数量",count,,,,M01_NOT_COLLECTED,"国家级制造业单项冠军企业、专精特新""小巨人""企业、高新技术企业等数量；单位=个",企业服务部门,OFFICIAL_STATISTICS
NAT-052,B13,上市公司所属企业数量,B,ENTERPRISE_REQUIRED,园区内上市公司及其控股企业数量,%,,,,M01_NOT_COLLECTED,园区内上市公司及其控股企业数量；单位=个,企业服务部门,AUDITED_ENTERPRISE_DATA
NAT-052,B14,发明专利数,B,ENTERPRISE_REQUIRED,园区企业拥有的有效发明专利数量,count,,,,M01_NOT_COLLECTED,园区企业拥有的有效发明专利数量；单位=个,科技创新部门,AUDITED_ENTERPRISE_DATA
NAT-052,B15,标准制定数,B,ENTERPRISE_REQUIRED,主导或参与制定国际、国家、行业及团体标准数量,count,,,,M01_NOT_COLLECTED,主导或参与制定国际、国家、行业及团体标准数量；单位=项,科技创新部门,AUDITED_ENTERPRISE_DATA
NAT-052,B21,省级及以上研发机构数量,B,PARK_SURVEY_REQUIRED,国家级、省级重点实验室、工程研究中心、企业技术中心等创新平台数量,count,,,,M01_NOT_COLLECTED,国家级、省级重点实验室、工程研究中心、企业技术中心等创新平台数量；单位=个,科技创新部门,OFFICIAL_STATISTICS
NAT-052,B22,产学研用融合平台,B,ENTERPRISE_REQUIRED,与高校、科研院所共建的平台数量,count,,,,M01_NOT_COLLECTED,与高校、科研院所共建的平台数量；单位=个,科技创新部门,AUDITED_ENTERPRISE_DATA
NAT-052,B23,园区级以上中试基地,B,PARK_SURVEY_REQUIRED,已建成并投入运行的中试基地数量,count,,,,M01_NOT_COLLECTED,已建成并投入运行的中试基地数量；单位=是/否,科技创新部门,OFFICIAL_STATISTICS
NAT-052,B31,产学研合作程度,B,DEFINITION_PENDING,园区企业开展产学研合作项目情况,DEFINITION_PENDING,,,,M06_DEFINITION_UNCLEAR,园区企业开展产学研合作项目情况；单位=%,科技创新部门,OFFICIAL_STATISTICS
NAT-052,B32,技术引进,B,DEFINITION_PENDING,企业引进先进技术、成果转化情况,DEFINITION_PENDING,,,,M06_DEFINITION_UNCLEAR,企业引进先进技术、成果转化情况；单位=%,科技创新部门,OFFICIAL_STATISTICS
NAT-052,B41,科技成果转化率,B,ENTERPRISE_REQUIRED,科技成果产业化、转化实施情况,count,,,,M01_NOT_COLLECTED,科技成果产业化、转化实施情况；单位=%,科技创新部门,AUDITED_ENTERPRISE_DATA
NAT-052,B42,产业精细化率,B,MISSING,精细化工及高端化工产品占比,count,,,,M01_NOT_COLLECTED,精细化工及高端化工产品占比；单位=%,企业服务部门,OFFICIAL_STATISTICS
NAT-052,C11,危险化学品从业单位安全生产标准化建设,C,MISSING,园区危险化学品生产、经营、储存等企业安全生产标准化建设情况,—,,,,M01_NOT_COLLECTED,园区危险化学品生产、经营、储存等企业安全生产标准化建设情况；单位=%,应急与安全部门,OFFICIAL_STATISTICS
NAT-052,C12,安全风险等级,C,MISSING,园区整体安全风险等级评估结果,—,,,,M01_NOT_COLLECTED,园区整体安全风险等级评估结果；单位=等级,应急与安全部门,OFFICIAL_STATISTICS
NAT-052,C13,安全生产事故发生等级,C,MISSING,年度生产安全事故情况,—,,,,M01_NOT_COLLECTED,年度生产安全事故情况；单位=等级,应急与安全部门,OFFICIAL_STATISTICS
NAT-052,C21,大气环境质量达标率,C,MONITORING_REQUIRED,园区环境空气质量达标情况,%,,,,M01_NOT_COLLECTED,园区环境空气质量达标情况；单位=%,生态环境部门,MONITORING_EXPORT
NAT-052,C22,地表水环境质量达标率,C,MONITORING_REQUIRED,园区地表水断面达标情况,%,,,,M01_NOT_COLLECTED,园区地表水断面达标情况；单位=%,生态环境部门,MONITORING_EXPORT
NAT-052,C23,地下水质量达标率,C,MONITORING_REQUIRED,地下水监测点位达标情况,%,,,,M01_NOT_COLLECTED,地下水监测点位达标情况；单位=%,生态环境部门,MONITORING_EXPORT
NAT-052,C24,土壤质量达标率,C,MONITORING_REQUIRED,土壤环境质量监测达标情况,%,,,,M01_NOT_COLLECTED,土壤环境质量监测达标情况；单位=%,生态环境部门,MONITORING_EXPORT
NAT-052,C31,单位工业总产值COD排放量,C,MONITORING_REQUIRED,单位工业总产值化学需氧量排放量,t/100m CNY,,,,M01_NOT_COLLECTED,COD排放量；同年度工业总产值；统计边界,生态环境部门,MONITORING_EXPORT
NAT-052,C32,单位工业总产值氨氮排放量,C,MONITORING_REQUIRED,单位工业总产值氨氮排放量,t/100m CNY,,,,M01_NOT_COLLECTED,NH3-N排放量；同年度工业总产值；统计边界,生态环境部门,MONITORING_EXPORT
NAT-052,C33,单位工业总产值SO₂排放量,C,MONITORING_REQUIRED,单位工业总产值二氧化硫排放量,t/100m CNY,,,,M01_NOT_COLLECTED,SO2排放量；同年度工业总产值；统计边界,生态环境部门,MONITORING_EXPORT
NAT-052,C34,单位工业总产值氮氧化物排放量,C,MONITORING_REQUIRED,单位工业总产值NOx排放量,t/100m CNY,,,,M01_NOT_COLLECTED,NOx排放量；同年度工业总产值；统计边界,生态环境部门,MONITORING_EXPORT
NAT-052,C35,单位工业总产值VOCs排放量,C,DEFINITION_PENDING,单位工业总产值挥发性有机物排放量,DEFINITION_PENDING,,,,M06_DEFINITION_UNCLEAR,VOCs排放量；同年度工业总产值；人工锁定定义,生态环境部门,MONITORING_EXPORT
NAT-052,C41,单位工业总产值新鲜取水量,C,MONITORING_REQUIRED,每单位工业产值消耗的新鲜水资源,"m3/10,000 CNY",,,,M01_NOT_COLLECTED,新鲜水取用量；工业增加值；统计年度；统计边界,水务部门,MONITORING_EXPORT
NAT-052,C42,再生水（中水）回用率,C,MONITORING_REQUIRED,再生水利用比例,%,,,,M01_NOT_COLLECTED,再生水实际利用量；园区总用水量；统计年度；统计边界,水务部门,MONITORING_EXPORT
NAT-052,C51,单位工业增加值能耗削减率,C,MONITORING_REQUIRED,单位工业增加值综合能耗下降幅度,"tce/10,000 CNY",,,,M01_NOT_COLLECTED,综合能源消费量；工业增加值；统计年度；统计边界,能源与碳管理部门,MONITORING_EXPORT
NAT-052,C52,绿色电力使用,C,MONITORING_REQUIRED,绿色电力消费比例,"tCO2/10,000 CNY",,,,M01_NOT_COLLECTED,CO2排放量；工业增加值；统计年度；统计边界,能源与碳管理部门,MONITORING_EXPORT
NAT-052,C53,单位工业增加值CO₂排放量削减率,C,MONITORING_REQUIRED,单位工业增加值碳排放下降幅度,%,,,,M01_NOT_COLLECTED,单位工业增加值碳排放下降幅度；单位=%,能源与碳管理部门,OFFICIAL_STATISTICS
NAT-052,C54,绿色工厂示范企业数量,C,PARK_SURVEY_REQUIRED,国家级、省级绿色工厂数量,count,,,,M01_NOT_COLLECTED,国家级、省级绿色工厂数量；单位=个,企业服务部门,OFFICIAL_STATISTICS
NAT-052,C55,示范创建数量,C,PUBLIC_AVAILABLE,国家级、省级绿色园区、绿色供应链等示范创建数量,category,1,2025,S3E-0079,,国家级、省级绿色园区、绿色供应链等示范创建数量；单位=级别,园区综合管理部门,OFFICIAL_RECOGNITION
NAT-052,D11,化工园区智慧化水平,D,MISSING,园区智慧管理平台建设情况，包括安全、环保、能源、应急、封闭化管理、公共服务等智慧化系统建设及运行情况。,ordinal evidence level,,,,M01_NOT_COLLECTED,园区智慧管理平台建设情况，包括安全、环保、能源、应急、封闭化管理、公共服务等智慧化系统建设及运行情况。；单位=等级,智慧园区管理部门,MANAGEMENT_SYSTEM_RECORD
NAT-052,D21,省级及以上认定的智能工厂数量,D,PARK_SURVEY_REQUIRED,园区内获得国家级、省级智能工厂（或智能制造示范工厂）认定的企业数量。,%,,,,M01_NOT_COLLECTED,园区内获得国家级、省级智能工厂（或智能制造示范工厂）认定的企业数量。；单位=个,企业服务部门,OFFICIAL_STATISTICS
